<?xml version="1.0" encoding="UTF-8"?>
<gpx version="1.1" creator="StravaGPX" xmlns="http://www.topografix.com/GPX/1/1">
<trk>
<type>running</type>
<trkseg>
<trkpt lat="-27.471133" lon="152.950412"><ele>239.4</ele><time>2026-01-01T00:00:00Z</time></trkpt>
<trkpt lat="-27.471114" lon="152.950384"><ele>239.6</ele><time>2026-01-01T00:00:01Z</time></trkpt>
<trkpt lat="-27.471059" lon="152.950195"><ele>240.4</ele><time>2026-01-01T00:00:09Z</time></trkpt>
<trkpt lat="-27.471064" lon="152.950146"><ele>240.6</ele><time>2026-01-01T00:00:11Z</time></trkpt>
<trkpt lat="-27.471097" lon="152.949952"><ele>240.8</ele><time>2026-01-01T00:00:18Z</time></trkpt>
<trkpt lat="-27.47111" lon="152.949775"><ele>240.8</ele><time>2026-01-01T00:00:25Z</time></trkpt>
<trkpt lat="-27.471091" lon="152.949702"><ele>241</ele><time>2026-01-01T00:00:27Z</time></trkpt>
<trkpt lat="-27.471059" lon="152.949556"><ele>241.4</ele><time>2026-01-01T00:00:32Z</time></trkpt>
<trkpt lat="-27.471062" lon="152.94948"><ele>241.8</ele><time>2026-01-01T00:00:35Z</time></trkpt>
<trkpt lat="-27.471052" lon="152.949403"><ele>242.2</ele><time>2026-01-01T00:00:38Z</time></trkpt>
<trkpt lat="-27.471054" lon="152.949334"><ele>243</ele><time>2026-01-01T00:00:41Z</time></trkpt>
<trkpt lat="-27.471058" lon="152.949256"><ele>244.4</ele><time>2026-01-01T00:00:45Z</time></trkpt>
<trkpt lat="-27.471053" lon="152.94921"><ele>244.8</ele><time>2026-01-01T00:00:47Z</time></trkpt>
<trkpt lat="-27.471056" lon="152.949141"><ele>245.4</ele><time>2026-01-01T00:00:50Z</time></trkpt>
<trkpt lat="-27.47107" lon="152.949086"><ele>246.6</ele><time>2026-01-01T00:00:53Z</time></trkpt>
<trkpt lat="-27.471076" lon="152.949066"><ele>247</ele><time>2026-01-01T00:00:54Z</time></trkpt>
<trkpt lat="-27.471078" lon="152.949018"><ele>247.8</ele><time>2026-01-01T00:00:56Z</time></trkpt>
<trkpt lat="-27.471116" lon="152.948941"><ele>248.8</ele><time>2026-01-01T00:01:00Z</time></trkpt>
<trkpt lat="-27.47113" lon="152.948918"><ele>249</ele><time>2026-01-01T00:01:01Z</time></trkpt>
<trkpt lat="-27.471141" lon="152.948873"><ele>249.8</ele><time>2026-01-01T00:01:03Z</time></trkpt>
<trkpt lat="-27.471141" lon="152.948854"><ele>250</ele><time>2026-01-01T00:01:04Z</time></trkpt>
<trkpt lat="-27.471165" lon="152.948764"><ele>250.8</ele><time>2026-01-01T00:01:08Z</time></trkpt>
<trkpt lat="-27.471168" lon="152.948737"><ele>251</ele><time>2026-01-01T00:01:09Z</time></trkpt>
<trkpt lat="-27.471167" lon="152.948715"><ele>251</ele><time>2026-01-01T00:01:10Z</time></trkpt>
<trkpt lat="-27.471182" lon="152.948647"><ele>251.8</ele><time>2026-01-01T00:01:13Z</time></trkpt>
<trkpt lat="-27.471187" lon="152.948609"><ele>252</ele><time>2026-01-01T00:01:14Z</time></trkpt>
<trkpt lat="-27.471192" lon="152.948568"><ele>252.6</ele><time>2026-01-01T00:01:16Z</time></trkpt>
<trkpt lat="-27.4712" lon="152.948554"><ele>253.4</ele><time>2026-01-01T00:01:17Z</time></trkpt>
<trkpt lat="-27.471214" lon="152.948484"><ele>253.8</ele><time>2026-01-01T00:01:24Z</time></trkpt>
<trkpt lat="-27.47126" lon="152.948411"><ele>253.2</ele><time>2026-01-01T00:01:34Z</time></trkpt>
<trkpt lat="-27.471247" lon="152.94835"><ele>252.8</ele><time>2026-01-01T00:01:38Z</time></trkpt>
<trkpt lat="-27.471232" lon="152.948299"><ele>252.2</ele><time>2026-01-01T00:01:42Z</time></trkpt>
<trkpt lat="-27.471212" lon="152.948194"><ele>251.6</ele><time>2026-01-01T00:01:48Z</time></trkpt>
<trkpt lat="-27.471205" lon="152.948182"><ele>251.4</ele><time>2026-01-01T00:01:50Z</time></trkpt>
<trkpt lat="-27.471195" lon="152.948147"><ele>251</ele><time>2026-01-01T00:01:53Z</time></trkpt>
<trkpt lat="-27.47118" lon="152.948094"><ele>250.6</ele><time>2026-01-01T00:01:57Z</time></trkpt>
<trkpt lat="-27.471177" lon="152.948048"><ele>250.2</ele><time>2026-01-01T00:02:00Z</time></trkpt>
<trkpt lat="-27.471175" lon="152.947982"><ele>250</ele><time>2026-01-01T00:02:04Z</time></trkpt>
<trkpt lat="-27.471177" lon="152.947961"><ele>250</ele><time>2026-01-01T00:02:05Z</time></trkpt>
<trkpt lat="-27.471178" lon="152.947917"><ele>249.8</ele><time>2026-01-01T00:02:08Z</time></trkpt>
<trkpt lat="-27.471194" lon="152.947874"><ele>249.8</ele><time>2026-01-01T00:02:13Z</time></trkpt>
<trkpt lat="-27.47117" lon="152.947765"><ele>249.8</ele><time>2026-01-01T00:02:20Z</time></trkpt>
<trkpt lat="-27.471157" lon="152.947739"><ele>249.8</ele><time>2026-01-01T00:02:22Z</time></trkpt>
<trkpt lat="-27.471142" lon="152.947657"><ele>249.6</ele><time>2026-01-01T00:02:28Z</time></trkpt>
<trkpt lat="-27.471134" lon="152.947599"><ele>249</ele><time>2026-01-01T00:02:30Z</time></trkpt>
<trkpt lat="-27.471084" lon="152.94752"><ele>248</ele><time>2026-01-01T00:02:34Z</time></trkpt>
<trkpt lat="-27.471049" lon="152.947487"><ele>248</ele><time>2026-01-01T00:02:36Z</time></trkpt>
<trkpt lat="-27.470914" lon="152.947306"><ele>247.6</ele><time>2026-01-01T00:02:44Z</time></trkpt>
<trkpt lat="-27.470804" lon="152.947157"><ele>247.8</ele><time>2026-01-01T00:02:50Z</time></trkpt>
<trkpt lat="-27.47078" lon="152.947083"><ele>248</ele><time>2026-01-01T00:02:53Z</time></trkpt>
<trkpt lat="-27.47072" lon="152.946976"><ele>248</ele><time>2026-01-01T00:02:58Z</time></trkpt>
<trkpt lat="-27.47071" lon="152.94693"><ele>248</ele><time>2026-01-01T00:03:00Z</time></trkpt>
<trkpt lat="-27.47074" lon="152.946697"><ele>248</ele><time>2026-01-01T00:03:07Z</time></trkpt>
<trkpt lat="-27.470789" lon="152.946511"><ele>248</ele><time>2026-01-01T00:03:14Z</time></trkpt>
<trkpt lat="-27.470799" lon="152.946493"><ele>248</ele><time>2026-01-01T00:03:15Z</time></trkpt>
<trkpt lat="-27.470914" lon="152.9463"><ele>248</ele><time>2026-01-01T00:03:23Z</time></trkpt>
<trkpt lat="-27.470934" lon="152.946253"><ele>248</ele><time>2026-01-01T00:03:25Z</time></trkpt>
<trkpt lat="-27.470968" lon="152.94619"><ele>247.8</ele><time>2026-01-01T00:03:28Z</time></trkpt>
<trkpt lat="-27.471027" lon="152.94607"><ele>247.6</ele><time>2026-01-01T00:03:33Z</time></trkpt>
<trkpt lat="-27.471062" lon="152.946"><ele>247.6</ele><time>2026-01-01T00:03:36Z</time></trkpt>
<trkpt lat="-27.471095" lon="152.945922"><ele>247.6</ele><time>2026-01-01T00:03:39Z</time></trkpt>
<trkpt lat="-27.47111" lon="152.945896"><ele>247.6</ele><time>2026-01-01T00:03:40Z</time></trkpt>
<trkpt lat="-27.471195" lon="152.945725"><ele>247.4</ele><time>2026-01-01T00:03:47Z</time></trkpt>
<trkpt lat="-27.471227" lon="152.945647"><ele>246.8</ele><time>2026-01-01T00:03:50Z</time></trkpt>
<trkpt lat="-27.471276" lon="152.94554"><ele>246.4</ele><time>2026-01-01T00:03:54Z</time></trkpt>
<trkpt lat="-27.471316" lon="152.945412"><ele>245.8</ele><time>2026-01-01T00:03:59Z</time></trkpt>
<trkpt lat="-27.471347" lon="152.945362"><ele>245.6</ele><time>2026-01-01T00:04:01Z</time></trkpt>
<trkpt lat="-27.471405" lon="152.945242"><ele>245</ele><time>2026-01-01T00:04:05Z</time></trkpt>
<trkpt lat="-27.471439" lon="152.945185"><ele>244.6</ele><time>2026-01-01T00:04:07Z</time></trkpt>
<trkpt lat="-27.471453" lon="152.945158"><ele>244.4</ele><time>2026-01-01T00:04:08Z</time></trkpt>
<trkpt lat="-27.471477" lon="152.945103"><ele>244.2</ele><time>2026-01-01T00:04:10Z</time></trkpt>
<trkpt lat="-27.471553" lon="152.944918"><ele>244</ele><time>2026-01-01T00:04:16Z</time></trkpt>
<trkpt lat="-27.471595" lon="152.944848"><ele>243.6</ele><time>2026-01-01T00:04:19Z</time></trkpt>
<trkpt lat="-27.471623" lon="152.944797"><ele>243.4</ele><time>2026-01-01T00:04:21Z</time></trkpt>
<trkpt lat="-27.471634" lon="152.944768"><ele>243.4</ele><time>2026-01-01T00:04:22Z</time></trkpt>
<trkpt lat="-27.471705" lon="152.94465"><ele>243.6</ele><time>2026-01-01T00:04:27Z</time></trkpt>
<trkpt lat="-27.47173" lon="152.944609"><ele>243.6</ele><time>2026-01-01T00:04:29Z</time></trkpt>
<trkpt lat="-27.471742" lon="152.944584"><ele>243.6</ele><time>2026-01-01T00:04:30Z</time></trkpt>
<trkpt lat="-27.471814" lon="152.944486"><ele>243.8</ele><time>2026-01-01T00:04:34Z</time></trkpt>
<trkpt lat="-27.471914" lon="152.944301"><ele>243.2</ele><time>2026-01-01T00:04:41Z</time></trkpt>
<trkpt lat="-27.471997" lon="152.944086"><ele>242.6</ele><time>2026-01-01T00:04:48Z</time></trkpt>
<trkpt lat="-27.472011" lon="152.944063"><ele>242.6</ele><time>2026-01-01T00:04:49Z</time></trkpt>
<trkpt lat="-27.472025" lon="152.943965"><ele>243</ele><time>2026-01-01T00:04:54Z</time></trkpt>
<trkpt lat="-27.472122" lon="152.943832"><ele>244.4</ele><time>2026-01-01T00:05:00Z</time></trkpt>
<trkpt lat="-27.472148" lon="152.943818"><ele>244.8</ele><time>2026-01-01T00:05:01Z</time></trkpt>
<trkpt lat="-27.472193" lon="152.943758"><ele>246</ele><time>2026-01-01T00:05:04Z</time></trkpt>
<trkpt lat="-27.472222" lon="152.943725"><ele>247.2</ele><time>2026-01-01T00:05:06Z</time></trkpt>
<trkpt lat="-27.472248" lon="152.943706"><ele>247.6</ele><time>2026-01-01T00:05:07Z</time></trkpt>
<trkpt lat="-27.472314" lon="152.943642"><ele>248.2</ele><time>2026-01-01T00:05:11Z</time></trkpt>
<trkpt lat="-27.472373" lon="152.943605"><ele>248.2</ele><time>2026-01-01T00:05:14Z</time></trkpt>
<trkpt lat="-27.472489" lon="152.943525"><ele>248</ele><time>2026-01-01T00:05:19Z</time></trkpt>
<trkpt lat="-27.472567" lon="152.943477"><ele>249.2</ele><time>2026-01-01T00:05:26Z</time></trkpt>
<trkpt lat="-27.472573" lon="152.943476"><ele>249.2</ele><time>2026-01-01T00:05:27Z</time></trkpt>
<trkpt lat="-27.472612" lon="152.943419"><ele>249.8</ele><time>2026-01-01T00:05:33Z</time></trkpt>
<trkpt lat="-27.472623" lon="152.943399"><ele>250</ele><time>2026-01-01T00:05:35Z</time></trkpt>
<trkpt lat="-27.472634" lon="152.943393"><ele>250</ele><time>2026-01-01T00:05:38Z</time></trkpt>
<trkpt lat="-27.472673" lon="152.943377"><ele>249.8</ele><time>2026-01-01T00:05:45Z</time></trkpt>
<trkpt lat="-27.472676" lon="152.943374"><ele>249.8</ele><time>2026-01-01T00:05:46Z</time></trkpt>
<trkpt lat="-27.472724" lon="152.943384"><ele>249.8</ele><time>2026-01-01T00:05:50Z</time></trkpt>
<trkpt lat="-27.472741" lon="152.943381"><ele>249.6</ele><time>2026-01-01T00:05:53Z</time></trkpt>
<trkpt lat="-27.472757" lon="152.943367"><ele>249.4</ele><time>2026-01-01T00:05:55Z</time></trkpt>
<trkpt lat="-27.47279" lon="152.943368"><ele>248.8</ele><time>2026-01-01T00:06:00Z</time></trkpt>
<trkpt lat="-27.472809" lon="152.943392"><ele>248.6</ele><time>2026-01-01T00:06:04Z</time></trkpt>
<trkpt lat="-27.472816" lon="152.943402"><ele>248.6</ele><time>2026-01-01T00:06:05Z</time></trkpt>
<trkpt lat="-27.472829" lon="152.943403"><ele>248</ele><time>2026-01-01T00:06:08Z</time></trkpt>
<trkpt lat="-27.472843" lon="152.943398"><ele>247.8</ele><time>2026-01-01T00:06:11Z</time></trkpt>
<trkpt lat="-27.472894" lon="152.943419"><ele>247</ele><time>2026-01-01T00:06:18Z</time></trkpt>
<trkpt lat="-27.472954" lon="152.943437"><ele>246.4</ele><time>2026-01-01T00:06:25Z</time></trkpt>
<trkpt lat="-27.472965" lon="152.943439"><ele>246.4</ele><time>2026-01-01T00:06:26Z</time></trkpt>
<trkpt lat="-27.47297" lon="152.943438"><ele>246.2</ele><time>2026-01-01T00:06:27Z</time></trkpt>
<trkpt lat="-27.47299" lon="152.943421"><ele>246</ele><time>2026-01-01T00:06:29Z</time></trkpt>
<trkpt lat="-27.473056" lon="152.943367"><ele>245.8</ele><time>2026-01-01T00:06:33Z</time></trkpt>
<trkpt lat="-27.473057" lon="152.943287"><ele>245</ele><time>2026-01-01T00:06:37Z</time></trkpt>
<trkpt lat="-27.47306" lon="152.943204"><ele>244.2</ele><time>2026-01-01T00:06:41Z</time></trkpt>
<trkpt lat="-27.473054" lon="152.943187"><ele>244</ele><time>2026-01-01T00:06:42Z</time></trkpt>
<trkpt lat="-27.473051" lon="152.943167"><ele>244</ele><time>2026-01-01T00:06:43Z</time></trkpt>
<trkpt lat="-27.473038" lon="152.943113"><ele>242.6</ele><time>2026-01-01T00:06:46Z</time></trkpt>
<trkpt lat="-27.473015" lon="152.94306"><ele>241.6</ele><time>2026-01-01T00:06:49Z</time></trkpt>
<trkpt lat="-27.473009" lon="152.943026"><ele>241.4</ele><time>2026-01-01T00:06:51Z</time></trkpt>
<trkpt lat="-27.473008" lon="152.942985"><ele>241.2</ele><time>2026-01-01T00:06:53Z</time></trkpt>
<trkpt lat="-27.472996" lon="152.942964"><ele>240.6</ele><time>2026-01-01T00:06:54Z</time></trkpt>
<trkpt lat="-27.472946" lon="152.942883"><ele>239.2</ele><time>2026-01-01T00:06:58Z</time></trkpt>
<trkpt lat="-27.472881" lon="152.942805"><ele>238.2</ele><time>2026-01-01T00:07:03Z</time></trkpt>
<trkpt lat="-27.47285" lon="152.942789"><ele>237.8</ele><time>2026-01-01T00:07:05Z</time></trkpt>
<trkpt lat="-27.472821" lon="152.942774"><ele>237</ele><time>2026-01-01T00:07:07Z</time></trkpt>
<trkpt lat="-27.472814" lon="152.942761"><ele>236.8</ele><time>2026-01-01T00:07:08Z</time></trkpt>
<trkpt lat="-27.472773" lon="152.942662"><ele>235.6</ele><time>2026-01-01T00:07:13Z</time></trkpt>
<trkpt lat="-27.472758" lon="152.942625"><ele>235.6</ele><time>2026-01-01T00:07:15Z</time></trkpt>
<trkpt lat="-27.472737" lon="152.942546"><ele>234.6</ele><time>2026-01-01T00:07:19Z</time></trkpt>
<trkpt lat="-27.47273" lon="152.942529"><ele>234.2</ele><time>2026-01-01T00:07:20Z</time></trkpt>
<trkpt lat="-27.472722" lon="152.942509"><ele>233.6</ele><time>2026-01-01T00:07:21Z</time></trkpt>
<trkpt lat="-27.472682" lon="152.942446"><ele>233.2</ele><time>2026-01-01T00:07:23Z</time></trkpt>
<trkpt lat="-27.472634" lon="152.942377"><ele>232.6</ele><time>2026-01-01T00:07:27Z</time></trkpt>
<trkpt lat="-27.472649" lon="152.942343"><ele>232.4</ele><time>2026-01-01T00:07:28Z</time></trkpt>
<trkpt lat="-27.472663" lon="152.94231"><ele>232.2</ele><time>2026-01-01T00:07:29Z</time></trkpt>
<trkpt lat="-27.472672" lon="152.94225"><ele>231.4</ele><time>2026-01-01T00:07:31Z</time></trkpt>
<trkpt lat="-27.472665" lon="152.942229"><ele>231.2</ele><time>2026-01-01T00:07:32Z</time></trkpt>
<trkpt lat="-27.47263" lon="152.942172"><ele>230.2</ele><time>2026-01-01T00:07:35Z</time></trkpt>
<trkpt lat="-27.472586" lon="152.942085"><ele>229.2</ele><time>2026-01-01T00:07:39Z</time></trkpt>
<trkpt lat="-27.472547" lon="152.941989"><ele>228</ele><time>2026-01-01T00:07:43Z</time></trkpt>
<trkpt lat="-27.472566" lon="152.941906"><ele>226.6</ele><time>2026-01-01T00:07:46Z</time></trkpt>
<trkpt lat="-27.47256" lon="152.941838"><ele>225.6</ele><time>2026-01-01T00:07:50Z</time></trkpt>
<trkpt lat="-27.472553" lon="152.941797"><ele>225.2</ele><time>2026-01-01T00:07:52Z</time></trkpt>
<trkpt lat="-27.472547" lon="152.941777"><ele>224.8</ele><time>2026-01-01T00:07:53Z</time></trkpt>
<trkpt lat="-27.472541" lon="152.941753"><ele>224.4</ele><time>2026-01-01T00:07:54Z</time></trkpt>
<trkpt lat="-27.472552" lon="152.94162"><ele>223.2</ele><time>2026-01-01T00:07:58Z</time></trkpt>
<trkpt lat="-27.472514" lon="152.941538"><ele>222.4</ele><time>2026-01-01T00:08:01Z</time></trkpt>
<trkpt lat="-27.47251" lon="152.94151"><ele>222</ele><time>2026-01-01T00:08:02Z</time></trkpt>
<trkpt lat="-27.472493" lon="152.941457"><ele>220.8</ele><time>2026-01-01T00:08:05Z</time></trkpt>
<trkpt lat="-27.47244" lon="152.941399"><ele>220</ele><time>2026-01-01T00:08:09Z</time></trkpt>
<trkpt lat="-27.47243" lon="152.941381"><ele>219.8</ele><time>2026-01-01T00:08:10Z</time></trkpt>
<trkpt lat="-27.472409" lon="152.941328"><ele>219.4</ele><time>2026-01-01T00:08:12Z</time></trkpt>
<trkpt lat="-27.472405" lon="152.9413"><ele>219.2</ele><time>2026-01-01T00:08:13Z</time></trkpt>
<trkpt lat="-27.472417" lon="152.941246"><ele>219</ele><time>2026-01-01T00:08:15Z</time></trkpt>
<trkpt lat="-27.472434" lon="152.941207"><ele>218.8</ele><time>2026-01-01T00:08:17Z</time></trkpt>
<trkpt lat="-27.472444" lon="152.941167"><ele>218</ele><time>2026-01-01T00:08:19Z</time></trkpt>
<trkpt lat="-27.472458" lon="152.941139"><ele>217.6</ele><time>2026-01-01T00:08:20Z</time></trkpt>
<trkpt lat="-27.47249" lon="152.941087"><ele>216.4</ele><time>2026-01-01T00:08:23Z</time></trkpt>
<trkpt lat="-27.472477" lon="152.941063"><ele>216</ele><time>2026-01-01T00:08:24Z</time></trkpt>
<trkpt lat="-27.472481" lon="152.941021"><ele>215.4</ele><time>2026-01-01T00:08:26Z</time></trkpt>
<trkpt lat="-27.472492" lon="152.941006"><ele>215</ele><time>2026-01-01T00:08:27Z</time></trkpt>
<trkpt lat="-27.472504" lon="152.940989"><ele>214.6</ele><time>2026-01-01T00:08:28Z</time></trkpt>
<trkpt lat="-27.472514" lon="152.940965"><ele>214.2</ele><time>2026-01-01T00:08:29Z</time></trkpt>
<trkpt lat="-27.472522" lon="152.940905"><ele>213.2</ele><time>2026-01-01T00:08:31Z</time></trkpt>
<trkpt lat="-27.47251" lon="152.940781"><ele>212.2</ele><time>2026-01-01T00:08:35Z</time></trkpt>
<trkpt lat="-27.472491" lon="152.940715"><ele>211.2</ele><time>2026-01-01T00:08:38Z</time></trkpt>
<trkpt lat="-27.472488" lon="152.940695"><ele>211</ele><time>2026-01-01T00:08:39Z</time></trkpt>
<trkpt lat="-27.472451" lon="152.940647"><ele>209.8</ele><time>2026-01-01T00:08:42Z</time></trkpt>
<trkpt lat="-27.472431" lon="152.940636"><ele>209.6</ele><time>2026-01-01T00:08:43Z</time></trkpt>
<trkpt lat="-27.472398" lon="152.940611"><ele>208.8</ele><time>2026-01-01T00:08:45Z</time></trkpt>
<trkpt lat="-27.472345" lon="152.940552"><ele>207.6</ele><time>2026-01-01T00:08:49Z</time></trkpt>
<trkpt lat="-27.472304" lon="152.940517"><ele>207</ele><time>2026-01-01T00:08:52Z</time></trkpt>
<trkpt lat="-27.472275" lon="152.940477"><ele>206.4</ele><time>2026-01-01T00:08:54Z</time></trkpt>
<trkpt lat="-27.472218" lon="152.940425"><ele>205.4</ele><time>2026-01-01T00:08:58Z</time></trkpt>
<trkpt lat="-27.472177" lon="152.940398"><ele>204.2</ele><time>2026-01-01T00:09:00Z</time></trkpt>
<trkpt lat="-27.47211" lon="152.940361"><ele>203.4</ele><time>2026-01-01T00:09:04Z</time></trkpt>
<trkpt lat="-27.4721" lon="152.940347"><ele>203.2</ele><time>2026-01-01T00:09:05Z</time></trkpt>
<trkpt lat="-27.471992" lon="152.940226"><ele>202.4</ele><time>2026-01-01T00:09:13Z</time></trkpt>
<trkpt lat="-27.471979" lon="152.940205"><ele>202.2</ele><time>2026-01-01T00:09:14Z</time></trkpt>
<trkpt lat="-27.471945" lon="152.940158"><ele>201</ele><time>2026-01-01T00:09:17Z</time></trkpt>
<trkpt lat="-27.471906" lon="152.940121"><ele>200</ele><time>2026-01-01T00:09:20Z</time></trkpt>
<trkpt lat="-27.471889" lon="152.940083"><ele>198.6</ele><time>2026-01-01T00:09:23Z</time></trkpt>
<trkpt lat="-27.471866" lon="152.940068"><ele>197.6</ele><time>2026-01-01T00:09:25Z</time></trkpt>
<trkpt lat="-27.471823" lon="152.940033"><ele>196.6</ele><time>2026-01-01T00:09:28Z</time></trkpt>
<trkpt lat="-27.471795" lon="152.93998"><ele>195.4</ele><time>2026-01-01T00:09:31Z</time></trkpt>
<trkpt lat="-27.471749" lon="152.939955"><ele>194.4</ele><time>2026-01-01T00:09:33Z</time></trkpt>
<trkpt lat="-27.471726" lon="152.939945"><ele>194.2</ele><time>2026-01-01T00:09:34Z</time></trkpt>
<trkpt lat="-27.471649" lon="152.939954"><ele>193.6</ele><time>2026-01-01T00:09:37Z</time></trkpt>
<trkpt lat="-27.471623" lon="152.93996"><ele>193.6</ele><time>2026-01-01T00:09:38Z</time></trkpt>
<trkpt lat="-27.471543" lon="152.939975"><ele>193.6</ele><time>2026-01-01T00:09:42Z</time></trkpt>
<trkpt lat="-27.471487" lon="152.939975"><ele>193.2</ele><time>2026-01-01T00:09:44Z</time></trkpt>
<trkpt lat="-27.47148" lon="152.939952"><ele>192.8</ele><time>2026-01-01T00:09:45Z</time></trkpt>
<trkpt lat="-27.471479" lon="152.939929"><ele>192.8</ele><time>2026-01-01T00:09:46Z</time></trkpt>
<trkpt lat="-27.471468" lon="152.939855"><ele>192.2</ele><time>2026-01-01T00:09:51Z</time></trkpt>
<trkpt lat="-27.471472" lon="152.939843"><ele>191.6</ele><time>2026-01-01T00:09:52Z</time></trkpt>
<trkpt lat="-27.47146" lon="152.939807"><ele>191</ele><time>2026-01-01T00:09:54Z</time></trkpt>
<trkpt lat="-27.471438" lon="152.93977"><ele>190.2</ele><time>2026-01-01T00:09:56Z</time></trkpt>
<trkpt lat="-27.471414" lon="152.939682"><ele>189</ele><time>2026-01-01T00:10:00Z</time></trkpt>
<trkpt lat="-27.471395" lon="152.939642"><ele>187.8</ele><time>2026-01-01T00:10:02Z</time></trkpt>
<trkpt lat="-27.471373" lon="152.939613"><ele>187.2</ele><time>2026-01-01T00:10:04Z</time></trkpt>
<trkpt lat="-27.471346" lon="152.939582"><ele>186.6</ele><time>2026-01-01T00:10:06Z</time></trkpt>
<trkpt lat="-27.471301" lon="152.939522"><ele>185.4</ele><time>2026-01-01T00:10:09Z</time></trkpt>
<trkpt lat="-27.471275" lon="152.939481"><ele>184</ele><time>2026-01-01T00:10:12Z</time></trkpt>
<trkpt lat="-27.471259" lon="152.939466"><ele>183.8</ele><time>2026-01-01T00:10:13Z</time></trkpt>
<trkpt lat="-27.471242" lon="152.93942"><ele>182.8</ele><time>2026-01-01T00:10:15Z</time></trkpt>
<trkpt lat="-27.471206" lon="152.939358"><ele>181.6</ele><time>2026-01-01T00:10:18Z</time></trkpt>
<trkpt lat="-27.471174" lon="152.939318"><ele>180.6</ele><time>2026-01-01T00:10:21Z</time></trkpt>
<trkpt lat="-27.471138" lon="152.939293"><ele>179.8</ele><time>2026-01-01T00:10:24Z</time></trkpt>
<trkpt lat="-27.471131" lon="152.939289"><ele>179.4</ele><time>2026-01-01T00:10:25Z</time></trkpt>
<trkpt lat="-27.471126" lon="152.939271"><ele>178.8</ele><time>2026-01-01T00:10:27Z</time></trkpt>
<trkpt lat="-27.471128" lon="152.939263"><ele>178.4</ele><time>2026-01-01T00:10:28Z</time></trkpt>
<trkpt lat="-27.471134" lon="152.939261"><ele>178.2</ele><time>2026-01-01T00:10:29Z</time></trkpt>
<trkpt lat="-27.471142" lon="152.939266"><ele>177.8</ele><time>2026-01-01T00:10:30Z</time></trkpt>
<trkpt lat="-27.471185" lon="152.939285"><ele>177.4</ele><time>2026-01-01T00:10:32Z</time></trkpt>
<trkpt lat="-27.471235" lon="152.939304"><ele>176.4</ele><time>2026-01-01T00:10:34Z</time></trkpt>
<trkpt lat="-27.471253" lon="152.939317"><ele>176</ele><time>2026-01-01T00:10:35Z</time></trkpt>
<trkpt lat="-27.471349" lon="152.939349"><ele>175.2</ele><time>2026-01-01T00:10:39Z</time></trkpt>
<trkpt lat="-27.471384" lon="152.939362"><ele>174.8</ele><time>2026-01-01T00:10:41Z</time></trkpt>
<trkpt lat="-27.471421" lon="152.939375"><ele>174.2</ele><time>2026-01-01T00:10:43Z</time></trkpt>
<trkpt lat="-27.471481" lon="152.939407"><ele>173.8</ele><time>2026-01-01T00:10:46Z</time></trkpt>
<trkpt lat="-27.471539" lon="152.939428"><ele>172.6</ele><time>2026-01-01T00:10:49Z</time></trkpt>
<trkpt lat="-27.471576" lon="152.939439"><ele>171.4</ele><time>2026-01-01T00:10:51Z</time></trkpt>
<trkpt lat="-27.471619" lon="152.939453"><ele>170.4</ele><time>2026-01-01T00:10:53Z</time></trkpt>
<trkpt lat="-27.471642" lon="152.939497"><ele>169.4</ele><time>2026-01-01T00:10:56Z</time></trkpt>
<trkpt lat="-27.47167" lon="152.939517"><ele>168.4</ele><time>2026-01-01T00:10:59Z</time></trkpt>
<trkpt lat="-27.471681" lon="152.939516"><ele>168</ele><time>2026-01-01T00:11:00Z</time></trkpt>
<trkpt lat="-27.471701" lon="152.939507"><ele>167.6</ele><time>2026-01-01T00:11:01Z</time></trkpt>
<trkpt lat="-27.471757" lon="152.939466"><ele>167.4</ele><time>2026-01-01T00:11:04Z</time></trkpt>
<trkpt lat="-27.471818" lon="152.939422"><ele>166.4</ele><time>2026-01-01T00:11:07Z</time></trkpt>
<trkpt lat="-27.471895" lon="152.939392"><ele>165.6</ele><time>2026-01-01T00:11:10Z</time></trkpt>
<trkpt lat="-27.471914" lon="152.939383"><ele>165.4</ele><time>2026-01-01T00:11:11Z</time></trkpt>
<trkpt lat="-27.471998" lon="152.939352"><ele>164.2</ele><time>2026-01-01T00:11:15Z</time></trkpt>
<trkpt lat="-27.472024" lon="152.939332"><ele>163.8</ele><time>2026-01-01T00:11:16Z</time></trkpt>
<trkpt lat="-27.472113" lon="152.939253"><ele>162.8</ele><time>2026-01-01T00:11:21Z</time></trkpt>
<trkpt lat="-27.472123" lon="152.939229"><ele>162.4</ele><time>2026-01-01T00:11:23Z</time></trkpt>
<trkpt lat="-27.472171" lon="152.939167"><ele>161.6</ele><time>2026-01-01T00:11:26Z</time></trkpt>
<trkpt lat="-27.472219" lon="152.939105"><ele>161</ele><time>2026-01-01T00:11:29Z</time></trkpt>
<trkpt lat="-27.472249" lon="152.939052"><ele>160.4</ele><time>2026-01-01T00:11:31Z</time></trkpt>
<trkpt lat="-27.4723" lon="152.938986"><ele>159.2</ele><time>2026-01-01T00:11:34Z</time></trkpt>
<trkpt lat="-27.47233" lon="152.938922"><ele>158</ele><time>2026-01-01T00:11:37Z</time></trkpt>
<trkpt lat="-27.472341" lon="152.938903"><ele>157.6</ele><time>2026-01-01T00:11:38Z</time></trkpt>
<trkpt lat="-27.472392" lon="152.938861"><ele>156.8</ele><time>2026-01-01T00:11:41Z</time></trkpt>
<trkpt lat="-27.47246" lon="152.938836"><ele>155.8</ele><time>2026-01-01T00:11:45Z</time></trkpt>
<trkpt lat="-27.472475" lon="152.938836"><ele>155.6</ele><time>2026-01-01T00:11:46Z</time></trkpt>
<trkpt lat="-27.472487" lon="152.938841"><ele>155</ele><time>2026-01-01T00:11:47Z</time></trkpt>
<trkpt lat="-27.472501" lon="152.938841"><ele>154.8</ele><time>2026-01-01T00:11:48Z</time></trkpt>
<trkpt lat="-27.472531" lon="152.938853"><ele>154.2</ele><time>2026-01-01T00:11:50Z</time></trkpt>
<trkpt lat="-27.472553" lon="152.938865"><ele>153.6</ele><time>2026-01-01T00:11:52Z</time></trkpt>
<trkpt lat="-27.472569" lon="152.938871"><ele>153.2</ele><time>2026-01-01T00:11:53Z</time></trkpt>
<trkpt lat="-27.472618" lon="152.938893"><ele>152</ele><time>2026-01-01T00:11:56Z</time></trkpt>
<trkpt lat="-27.472645" lon="152.938917"><ele>151.2</ele><time>2026-01-01T00:11:58Z</time></trkpt>
<trkpt lat="-27.472656" lon="152.938929"><ele>151</ele><time>2026-01-01T00:11:59Z</time></trkpt>
<trkpt lat="-27.472654" lon="152.93894"><ele>150.8</ele><time>2026-01-01T00:12:00Z</time></trkpt>
<trkpt lat="-27.472658" lon="152.938957"><ele>150.4</ele><time>2026-01-01T00:12:02Z</time></trkpt>
<trkpt lat="-27.472659" lon="152.938963"><ele>150</ele><time>2026-01-01T00:12:03Z</time></trkpt>
<trkpt lat="-27.47267" lon="152.938965"><ele>149.8</ele><time>2026-01-01T00:12:04Z</time></trkpt>
<trkpt lat="-27.47271" lon="152.938965"><ele>149</ele><time>2026-01-01T00:12:07Z</time></trkpt>
<trkpt lat="-27.472729" lon="152.938955"><ele>148.6</ele><time>2026-01-01T00:12:08Z</time></trkpt>
<trkpt lat="-27.472738" lon="152.938941"><ele>148.4</ele><time>2026-01-01T00:12:09Z</time></trkpt>
<trkpt lat="-27.472771" lon="152.938879"><ele>147</ele><time>2026-01-01T00:12:12Z</time></trkpt>
<trkpt lat="-27.472789" lon="152.938834"><ele>146</ele><time>2026-01-01T00:12:14Z</time></trkpt>
<trkpt lat="-27.472792" lon="152.938813"><ele>145.6</ele><time>2026-01-01T00:12:15Z</time></trkpt>
<trkpt lat="-27.472805" lon="152.93876"><ele>145</ele><time>2026-01-01T00:12:17Z</time></trkpt>
<trkpt lat="-27.472821" lon="152.938701"><ele>143.8</ele><time>2026-01-01T00:12:19Z</time></trkpt>
<trkpt lat="-27.472809" lon="152.938649"><ele>143</ele><time>2026-01-01T00:12:21Z</time></trkpt>
<trkpt lat="-27.472794" lon="152.938632"><ele>142.6</ele><time>2026-01-01T00:12:22Z</time></trkpt>
<trkpt lat="-27.472732" lon="152.938562"><ele>141.8</ele><time>2026-01-01T00:12:26Z</time></trkpt>
<trkpt lat="-27.472711" lon="152.938547"><ele>141.4</ele><time>2026-01-01T00:12:27Z</time></trkpt>
<trkpt lat="-27.472694" lon="152.938531"><ele>141.2</ele><time>2026-01-01T00:12:28Z</time></trkpt>
<trkpt lat="-27.472678" lon="152.938514"><ele>141</ele><time>2026-01-01T00:12:29Z</time></trkpt>
<trkpt lat="-27.472663" lon="152.9385"><ele>140.8</ele><time>2026-01-01T00:12:30Z</time></trkpt>
<trkpt lat="-27.472628" lon="152.938465"><ele>140.2</ele><time>2026-01-01T00:12:32Z</time></trkpt>
<trkpt lat="-27.47259" lon="152.938395"><ele>139.2</ele><time>2026-01-01T00:12:35Z</time></trkpt>
<trkpt lat="-27.472556" lon="152.938344"><ele>138.6</ele><time>2026-01-01T00:12:38Z</time></trkpt>
<trkpt lat="-27.472535" lon="152.938309"><ele>138</ele><time>2026-01-01T00:12:40Z</time></trkpt>
<trkpt lat="-27.472501" lon="152.938235"><ele>137.6</ele><time>2026-01-01T00:12:43Z</time></trkpt>
<trkpt lat="-27.472476" lon="152.938195"><ele>137.4</ele><time>2026-01-01T00:12:44Z</time></trkpt>
<trkpt lat="-27.472442" lon="152.93814"><ele>137</ele><time>2026-01-01T00:12:46Z</time></trkpt>
<trkpt lat="-27.472438" lon="152.938108"><ele>136.8</ele><time>2026-01-01T00:12:47Z</time></trkpt>
<trkpt lat="-27.472413" lon="152.937986"><ele>135.8</ele><time>2026-01-01T00:12:51Z</time></trkpt>
<trkpt lat="-27.472373" lon="152.937862"><ele>134.6</ele><time>2026-01-01T00:12:56Z</time></trkpt>
<trkpt lat="-27.472375" lon="152.937817"><ele>133.4</ele><time>2026-01-01T00:12:58Z</time></trkpt>
<trkpt lat="-27.472379" lon="152.937744"><ele>132.2</ele><time>2026-01-01T00:13:01Z</time></trkpt>
<trkpt lat="-27.472373" lon="152.937697"><ele>130.8</ele><time>2026-01-01T00:13:03Z</time></trkpt>
<trkpt lat="-27.472375" lon="152.937631"><ele>129.4</ele><time>2026-01-01T00:13:06Z</time></trkpt>
<trkpt lat="-27.47239" lon="152.937591"><ele>128.4</ele><time>2026-01-01T00:13:08Z</time></trkpt>
<trkpt lat="-27.472394" lon="152.937569"><ele>128</ele><time>2026-01-01T00:13:09Z</time></trkpt>
<trkpt lat="-27.472383" lon="152.937525"><ele>127</ele><time>2026-01-01T00:13:11Z</time></trkpt>
<trkpt lat="-27.472389" lon="152.937468"><ele>125.8</ele><time>2026-01-01T00:13:14Z</time></trkpt>
<trkpt lat="-27.4724" lon="152.937447"><ele>125.2</ele><time>2026-01-01T00:13:15Z</time></trkpt>
<trkpt lat="-27.472415" lon="152.937428"><ele>124.4</ele><time>2026-01-01T00:13:16Z</time></trkpt>
<trkpt lat="-27.472447" lon="152.937421"><ele>123.6</ele><time>2026-01-01T00:13:18Z</time></trkpt>
<trkpt lat="-27.47247" lon="152.937421"><ele>123.2</ele><time>2026-01-01T00:13:19Z</time></trkpt>
<trkpt lat="-27.472493" lon="152.937427"><ele>123</ele><time>2026-01-01T00:13:20Z</time></trkpt>
<trkpt lat="-27.47256" lon="152.93746"><ele>122</ele><time>2026-01-01T00:13:23Z</time></trkpt>
<trkpt lat="-27.472635" lon="152.937507"><ele>120.8</ele><time>2026-01-01T00:13:26Z</time></trkpt>
<trkpt lat="-27.472669" lon="152.937536"><ele>120.2</ele><time>2026-01-01T00:13:28Z</time></trkpt>
<trkpt lat="-27.472676" lon="152.937548"><ele>119.6</ele><time>2026-01-01T00:13:29Z</time></trkpt>
<trkpt lat="-27.472698" lon="152.937609"><ele>118.6</ele><time>2026-01-01T00:13:33Z</time></trkpt>
<trkpt lat="-27.472701" lon="152.937619"><ele>118.4</ele><time>2026-01-01T00:13:34Z</time></trkpt>
<trkpt lat="-27.47273" lon="152.937621"><ele>118</ele><time>2026-01-01T00:13:37Z</time></trkpt>
<trkpt lat="-27.472741" lon="152.937611"><ele>117.8</ele><time>2026-01-01T00:13:38Z</time></trkpt>
<trkpt lat="-27.472749" lon="152.937595"><ele>117.6</ele><time>2026-01-01T00:13:39Z</time></trkpt>
<trkpt lat="-27.472751" lon="152.937577"><ele>117.4</ele><time>2026-01-01T00:13:40Z</time></trkpt>
<trkpt lat="-27.472755" lon="152.937528"><ele>116.4</ele><time>2026-01-01T00:13:42Z</time></trkpt>
<trkpt lat="-27.472765" lon="152.937482"><ele>115.6</ele><time>2026-01-01T00:13:44Z</time></trkpt>
<trkpt lat="-27.472768" lon="152.937451"><ele>115.2</ele><time>2026-01-01T00:13:45Z</time></trkpt>
<trkpt lat="-27.472795" lon="152.937362"><ele>114</ele><time>2026-01-01T00:13:48Z</time></trkpt>
<trkpt lat="-27.472793" lon="152.937307"><ele>113</ele><time>2026-01-01T00:13:50Z</time></trkpt>
<trkpt lat="-27.472789" lon="152.937276"><ele>112.4</ele><time>2026-01-01T00:13:51Z</time></trkpt>
<trkpt lat="-27.472738" lon="152.93714"><ele>111.4</ele><time>2026-01-01T00:13:55Z</time></trkpt>
<trkpt lat="-27.472684" lon="152.937056"><ele>110.2</ele><time>2026-01-01T00:13:59Z</time></trkpt>
<trkpt lat="-27.472645" lon="152.936998"><ele>109.2</ele><time>2026-01-01T00:14:02Z</time></trkpt>
<trkpt lat="-27.472642" lon="152.936975"><ele>108.8</ele><time>2026-01-01T00:14:03Z</time></trkpt>
<trkpt lat="-27.472624" lon="152.936933"><ele>107.8</ele><time>2026-01-01T00:14:05Z</time></trkpt>
<trkpt lat="-27.472596" lon="152.936844"><ele>106.8</ele><time>2026-01-01T00:14:10Z</time></trkpt>
<trkpt lat="-27.472593" lon="152.936838"><ele>106.6</ele><time>2026-01-01T00:14:11Z</time></trkpt>
<trkpt lat="-27.472567" lon="152.936807"><ele>105.6</ele><time>2026-01-01T00:14:14Z</time></trkpt>
<trkpt lat="-27.47255" lon="152.936747"><ele>104.6</ele><time>2026-01-01T00:14:17Z</time></trkpt>
<trkpt lat="-27.47254" lon="152.936707"><ele>104.4</ele><time>2026-01-01T00:14:18Z</time></trkpt>
<trkpt lat="-27.472501" lon="152.936613"><ele>103.6</ele><time>2026-01-01T00:14:22Z</time></trkpt>
<trkpt lat="-27.472501" lon="152.936505"><ele>102.4</ele><time>2026-01-01T00:14:27Z</time></trkpt>
<trkpt lat="-27.472566" lon="152.936425"><ele>101.8</ele><time>2026-01-01T00:14:34Z</time></trkpt>
<trkpt lat="-27.472585" lon="152.936385"><ele>101.6</ele><time>2026-01-01T00:14:37Z</time></trkpt>
<trkpt lat="-27.472595" lon="152.936372"><ele>101.4</ele><time>2026-01-01T00:14:38Z</time></trkpt>
<trkpt lat="-27.472621" lon="152.936349"><ele>101.2</ele><time>2026-01-01T00:14:41Z</time></trkpt>
<trkpt lat="-27.472667" lon="152.936304"><ele>101</ele><time>2026-01-01T00:14:45Z</time></trkpt>
<trkpt lat="-27.472705" lon="152.93627"><ele>100.6</ele><time>2026-01-01T00:14:47Z</time></trkpt>
<trkpt lat="-27.472728" lon="152.936253"><ele>100.4</ele><time>2026-01-01T00:14:48Z</time></trkpt>
<trkpt lat="-27.472861" lon="152.936157"><ele>99.6</ele><time>2026-01-01T00:14:54Z</time></trkpt>
<trkpt lat="-27.472927" lon="152.936085"><ele>99.4</ele><time>2026-01-01T00:14:58Z</time></trkpt>
<trkpt lat="-27.472951" lon="152.936073"><ele>99.4</ele><time>2026-01-01T00:14:59Z</time></trkpt>
<trkpt lat="-27.472979" lon="152.936055"><ele>99.2</ele><time>2026-01-01T00:15:00Z</time></trkpt>
<trkpt lat="-27.47311" lon="152.935959"><ele>99</ele><time>2026-01-01T00:15:06Z</time></trkpt>
<trkpt lat="-27.47314" lon="152.935927"><ele>98.8</ele><time>2026-01-01T00:15:08Z</time></trkpt>
<trkpt lat="-27.473193" lon="152.93588"><ele>98.8</ele><time>2026-01-01T00:15:11Z</time></trkpt>
<trkpt lat="-27.47321" lon="152.935864"><ele>98.8</ele><time>2026-01-01T00:15:12Z</time></trkpt>
<trkpt lat="-27.473334" lon="152.935806"><ele>98.8</ele><time>2026-01-01T00:15:17Z</time></trkpt>
<trkpt lat="-27.473497" lon="152.935743"><ele>98.8</ele><time>2026-01-01T00:15:24Z</time></trkpt>
<trkpt lat="-27.473525" lon="152.935738"><ele>98.8</ele><time>2026-01-01T00:15:25Z</time></trkpt>
<trkpt lat="-27.473694" lon="152.935684"><ele>99.6</ele><time>2026-01-01T00:15:32Z</time></trkpt>
<trkpt lat="-27.473748" lon="152.935654"><ele>99.8</ele><time>2026-01-01T00:15:34Z</time></trkpt>
<trkpt lat="-27.473794" lon="152.935623"><ele>99.8</ele><time>2026-01-01T00:15:36Z</time></trkpt>
<trkpt lat="-27.473894" lon="152.935545"><ele>100.2</ele><time>2026-01-01T00:15:41Z</time></trkpt>
<trkpt lat="-27.473914" lon="152.935533"><ele>100.4</ele><time>2026-01-01T00:15:42Z</time></trkpt>
<trkpt lat="-27.474118" lon="152.935498"><ele>101</ele><time>2026-01-01T00:15:49Z</time></trkpt>
<trkpt lat="-27.474217" lon="152.935367"><ele>101.2</ele><time>2026-01-01T00:15:55Z</time></trkpt>
<trkpt lat="-27.47435" lon="152.935208"><ele>100.8</ele><time>2026-01-01T00:16:02Z</time></trkpt>
<trkpt lat="-27.474371" lon="152.935188"><ele>100.6</ele><time>2026-01-01T00:16:03Z</time></trkpt>
<trkpt lat="-27.474443" lon="152.935071"><ele>100.4</ele><time>2026-01-01T00:16:09Z</time></trkpt>
<trkpt lat="-27.474467" lon="152.935032"><ele>100.4</ele><time>2026-01-01T00:16:11Z</time></trkpt>
<trkpt lat="-27.474482" lon="152.935017"><ele>100.4</ele><time>2026-01-01T00:16:12Z</time></trkpt>
<trkpt lat="-27.47454" lon="152.93496"><ele>100.2</ele><time>2026-01-01T00:16:15Z</time></trkpt>
<trkpt lat="-27.474663" lon="152.934896"><ele>99.8</ele><time>2026-01-01T00:16:19Z</time></trkpt>
<trkpt lat="-27.474686" lon="152.934885"><ele>99.8</ele><time>2026-01-01T00:16:20Z</time></trkpt>
<trkpt lat="-27.474767" lon="152.934856"><ele>99.4</ele><time>2026-01-01T00:16:23Z</time></trkpt>
<trkpt lat="-27.474838" lon="152.934868"><ele>98.4</ele><time>2026-01-01T00:16:26Z</time></trkpt>
<trkpt lat="-27.474876" lon="152.934876"><ele>98.2</ele><time>2026-01-01T00:16:27Z</time></trkpt>
<trkpt lat="-27.475013" lon="152.934901"><ele>97.8</ele><time>2026-01-01T00:16:33Z</time></trkpt>
<trkpt lat="-27.475051" lon="152.934866"><ele>98</ele><time>2026-01-01T00:16:35Z</time></trkpt>
<trkpt lat="-27.475134" lon="152.934818"><ele>98</ele><time>2026-01-01T00:16:38Z</time></trkpt>
<trkpt lat="-27.475289" lon="152.934691"><ele>98.2</ele><time>2026-01-01T00:16:45Z</time></trkpt>
<trkpt lat="-27.475443" lon="152.93455"><ele>98.6</ele><time>2026-01-01T00:16:53Z</time></trkpt>
<trkpt lat="-27.475619" lon="152.934453"><ele>97.4</ele><time>2026-01-01T00:17:00Z</time></trkpt>
<trkpt lat="-27.475648" lon="152.934442"><ele>97.2</ele><time>2026-01-01T00:17:01Z</time></trkpt>
<trkpt lat="-27.475681" lon="152.934437"><ele>97</ele><time>2026-01-01T00:17:02Z</time></trkpt>
<trkpt lat="-27.475737" lon="152.934419"><ele>96.2</ele><time>2026-01-01T00:17:04Z</time></trkpt>
<trkpt lat="-27.475843" lon="152.934414"><ele>94.8</ele><time>2026-01-01T00:17:08Z</time></trkpt>
<trkpt lat="-27.475873" lon="152.934409"><ele>94.4</ele><time>2026-01-01T00:17:09Z</time></trkpt>
<trkpt lat="-27.476025" lon="152.9344"><ele>93.8</ele><time>2026-01-01T00:17:14Z</time></trkpt>
<trkpt lat="-27.47605" lon="152.934397"><ele>93.8</ele><time>2026-01-01T00:17:15Z</time></trkpt>
<trkpt lat="-27.476078" lon="152.934396"><ele>93.8</ele><time>2026-01-01T00:17:16Z</time></trkpt>
<trkpt lat="-27.476141" lon="152.934397"><ele>93.8</ele><time>2026-01-01T00:17:18Z</time></trkpt>
<trkpt lat="-27.476227" lon="152.934372"><ele>94.8</ele><time>2026-01-01T00:17:22Z</time></trkpt>
<trkpt lat="-27.476245" lon="152.934359"><ele>94.8</ele><time>2026-01-01T00:17:23Z</time></trkpt>
<trkpt lat="-27.476319" lon="152.934305"><ele>94.4</ele><time>2026-01-01T00:17:28Z</time></trkpt>
<trkpt lat="-27.476452" lon="152.934252"><ele>93.8</ele><time>2026-01-01T00:17:36Z</time></trkpt>
<trkpt lat="-27.476498" lon="152.934238"><ele>93.8</ele><time>2026-01-01T00:17:39Z</time></trkpt>
<trkpt lat="-27.476529" lon="152.934243"><ele>93.8</ele><time>2026-01-01T00:17:41Z</time></trkpt>
<trkpt lat="-27.476584" lon="152.934234"><ele>93.8</ele><time>2026-01-01T00:17:45Z</time></trkpt>
<trkpt lat="-27.476714" lon="152.934148"><ele>93.4</ele><time>2026-01-01T00:17:53Z</time></trkpt>
<trkpt lat="-27.476808" lon="152.934149"><ele>93.4</ele><time>2026-01-01T00:17:57Z</time></trkpt>
<trkpt lat="-27.4769" lon="152.93413"><ele>93.2</ele><time>2026-01-01T00:18:01Z</time></trkpt>
<trkpt lat="-27.476973" lon="152.934067"><ele>92.8</ele><time>2026-01-01T00:18:05Z</time></trkpt>
<trkpt lat="-27.47699" lon="152.934052"><ele>92.2</ele><time>2026-01-01T00:18:06Z</time></trkpt>
<trkpt lat="-27.477032" lon="152.934021"><ele>91.6</ele><time>2026-01-01T00:18:08Z</time></trkpt>
<trkpt lat="-27.47715" lon="152.933932"><ele>90.2</ele><time>2026-01-01T00:18:13Z</time></trkpt>
<trkpt lat="-27.477169" lon="152.933913"><ele>89.6</ele><time>2026-01-01T00:18:14Z</time></trkpt>
<trkpt lat="-27.477201" lon="152.933878"><ele>88.6</ele><time>2026-01-01T00:18:16Z</time></trkpt>
<trkpt lat="-27.477254" lon="152.933837"><ele>87.6</ele><time>2026-01-01T00:18:19Z</time></trkpt>
<trkpt lat="-27.47727" lon="152.933823"><ele>87.4</ele><time>2026-01-01T00:18:20Z</time></trkpt>
<trkpt lat="-27.477286" lon="152.933808"><ele>87.4</ele><time>2026-01-01T00:18:21Z</time></trkpt>
<trkpt lat="-27.477323" lon="152.933747"><ele>86</ele><time>2026-01-01T00:18:24Z</time></trkpt>
<trkpt lat="-27.477341" lon="152.933677"><ele>85.6</ele><time>2026-01-01T00:18:27Z</time></trkpt>
<trkpt lat="-27.477361" lon="152.933623"><ele>84.6</ele><time>2026-01-01T00:18:29Z</time></trkpt>
<trkpt lat="-27.477429" lon="152.933506"><ele>83.4</ele><time>2026-01-01T00:18:34Z</time></trkpt>
<trkpt lat="-27.477571" lon="152.933381"><ele>82.6</ele><time>2026-01-01T00:18:40Z</time></trkpt>
<trkpt lat="-27.477592" lon="152.933352"><ele>82.6</ele><time>2026-01-01T00:18:41Z</time></trkpt>
<trkpt lat="-27.477614" lon="152.933319"><ele>82.2</ele><time>2026-01-01T00:18:42Z</time></trkpt>
<trkpt lat="-27.477621" lon="152.933281"><ele>81.8</ele><time>2026-01-01T00:18:43Z</time></trkpt>
<trkpt lat="-27.477632" lon="152.9332"><ele>81</ele><time>2026-01-01T00:18:46Z</time></trkpt>
<trkpt lat="-27.477666" lon="152.933132"><ele>81</ele><time>2026-01-01T00:18:48Z</time></trkpt>
<trkpt lat="-27.477709" lon="152.933057"><ele>80.4</ele><time>2026-01-01T00:18:52Z</time></trkpt>
<trkpt lat="-27.477724" lon="152.933036"><ele>80.4</ele><time>2026-01-01T00:18:53Z</time></trkpt>
<trkpt lat="-27.477738" lon="152.932988"><ele>80.4</ele><time>2026-01-01T00:18:55Z</time></trkpt>
<trkpt lat="-27.477789" lon="152.932812"><ele>80.8</ele><time>2026-01-01T00:19:02Z</time></trkpt>
<trkpt lat="-27.477829" lon="152.93264"><ele>80.4</ele><time>2026-01-01T00:19:09Z</time></trkpt>
<trkpt lat="-27.477898" lon="152.932476"><ele>80.4</ele><time>2026-01-01T00:19:16Z</time></trkpt>
<trkpt lat="-27.477907" lon="152.932449"><ele>80.6</ele><time>2026-01-01T00:19:17Z</time></trkpt>
<trkpt lat="-27.477942" lon="152.932386"><ele>80.8</ele><time>2026-01-01T00:19:20Z</time></trkpt>
<trkpt lat="-27.478007" lon="152.932339"><ele>81.2</ele><time>2026-01-01T00:19:23Z</time></trkpt>
<trkpt lat="-27.478096" lon="152.932171"><ele>81.4</ele><time>2026-01-01T00:19:30Z</time></trkpt>
<trkpt lat="-27.478134" lon="152.932051"><ele>81.6</ele><time>2026-01-01T00:19:34Z</time></trkpt>
<trkpt lat="-27.478156" lon="152.931985"><ele>81.6</ele><time>2026-01-01T00:19:37Z</time></trkpt>
<trkpt lat="-27.478281" lon="152.931851"><ele>81</ele><time>2026-01-01T00:19:44Z</time></trkpt>
<trkpt lat="-27.478318" lon="152.931689"><ele>80</ele><time>2026-01-01T00:19:51Z</time></trkpt>
<trkpt lat="-27.478333" lon="152.931671"><ele>80</ele><time>2026-01-01T00:19:52Z</time></trkpt>
<trkpt lat="-27.478455" lon="152.931514"><ele>79.2</ele><time>2026-01-01T00:20:00Z</time></trkpt>
<trkpt lat="-27.478486" lon="152.931474"><ele>79</ele><time>2026-01-01T00:20:02Z</time></trkpt>
<trkpt lat="-27.478488" lon="152.93145"><ele>79</ele><time>2026-01-01T00:20:03Z</time></trkpt>
<trkpt lat="-27.478477" lon="152.931382"><ele>78.2</ele><time>2026-01-01T00:20:06Z</time></trkpt>
<trkpt lat="-27.478475" lon="152.931352"><ele>78</ele><time>2026-01-01T00:20:07Z</time></trkpt>
<trkpt lat="-27.478466" lon="152.931337"><ele>78</ele><time>2026-01-01T00:20:08Z</time></trkpt>
<trkpt lat="-27.478443" lon="152.931336"><ele>77.8</ele><time>2026-01-01T00:20:09Z</time></trkpt>
<trkpt lat="-27.478421" lon="152.931342"><ele>77.2</ele><time>2026-01-01T00:20:10Z</time></trkpt>
<trkpt lat="-27.47839" lon="152.931361"><ele>77.2</ele><time>2026-01-01T00:20:11Z</time></trkpt>
<trkpt lat="-27.478319" lon="152.931422"><ele>76.8</ele><time>2026-01-01T00:20:16Z</time></trkpt>
<trkpt lat="-27.478283" lon="152.931425"><ele>76.4</ele><time>2026-01-01T00:20:18Z</time></trkpt>
<trkpt lat="-27.47825" lon="152.931427"><ele>75.6</ele><time>2026-01-01T00:20:20Z</time></trkpt>
<trkpt lat="-27.478197" lon="152.931423"><ele>74</ele><time>2026-01-01T00:20:23Z</time></trkpt>
<trkpt lat="-27.478157" lon="152.931411"><ele>73.8</ele><time>2026-01-01T00:20:25Z</time></trkpt>
<trkpt lat="-27.478089" lon="152.931398"><ele>72.4</ele><time>2026-01-01T00:20:28Z</time></trkpt>
<trkpt lat="-27.477971" lon="152.931475"><ele>71.2</ele><time>2026-01-01T00:20:35Z</time></trkpt>
<trkpt lat="-27.477955" lon="152.931487"><ele>71</ele><time>2026-01-01T00:20:36Z</time></trkpt>
<trkpt lat="-27.477839" lon="152.931532"><ele>70.6</ele><time>2026-01-01T00:20:40Z</time></trkpt>
<trkpt lat="-27.477786" lon="152.93157"><ele>69.8</ele><time>2026-01-01T00:20:42Z</time></trkpt>
<trkpt lat="-27.477764" lon="152.93159"><ele>69.8</ele><time>2026-01-01T00:20:43Z</time></trkpt>
<trkpt lat="-27.477717" lon="152.931659"><ele>69.4</ele><time>2026-01-01T00:20:46Z</time></trkpt>
<trkpt lat="-27.477688" lon="152.931678"><ele>68.8</ele><time>2026-01-01T00:20:49Z</time></trkpt>
<trkpt lat="-27.477667" lon="152.931667"><ele>68.8</ele><time>2026-01-01T00:20:51Z</time></trkpt>
<trkpt lat="-27.477627" lon="152.93166"><ele>67</ele><time>2026-01-01T00:20:55Z</time></trkpt>
<trkpt lat="-27.477613" lon="152.931657"><ele>66.6</ele><time>2026-01-01T00:20:56Z</time></trkpt>
<trkpt lat="-27.477607" lon="152.93166"><ele>66.6</ele><time>2026-01-01T00:20:57Z</time></trkpt>
<trkpt lat="-27.477549" lon="152.931674"><ele>66</ele><time>2026-01-01T00:21:00Z</time></trkpt>
<trkpt lat="-27.477516" lon="152.931695"><ele>65.6</ele><time>2026-01-01T00:21:02Z</time></trkpt>
<trkpt lat="-27.4775" lon="152.931706"><ele>64.6</ele><time>2026-01-01T00:21:04Z</time></trkpt>
<trkpt lat="-27.477431" lon="152.931753"><ele>63.4</ele><time>2026-01-01T00:21:07Z</time></trkpt>
<trkpt lat="-27.477424" lon="152.931752"><ele>63</ele><time>2026-01-01T00:21:08Z</time></trkpt>
<trkpt lat="-27.477418" lon="152.931749"><ele>63</ele><time>2026-01-01T00:21:09Z</time></trkpt>
<trkpt lat="-27.477409" lon="152.931749"><ele>62.2</ele><time>2026-01-01T00:21:11Z</time></trkpt>
<trkpt lat="-27.477356" lon="152.931762"><ele>62</ele><time>2026-01-01T00:21:15Z</time></trkpt>
<trkpt lat="-27.477337" lon="152.931751"><ele>61.2</ele><time>2026-01-01T00:21:17Z</time></trkpt>
<trkpt lat="-27.477232" lon="152.931709"><ele>62</ele><time>2026-01-01T00:21:23Z</time></trkpt>
<trkpt lat="-27.47722" lon="152.931703"><ele>62.4</ele><time>2026-01-01T00:21:24Z</time></trkpt>
<trkpt lat="-27.477195" lon="152.93171"><ele>63.8</ele><time>2026-01-01T00:21:27Z</time></trkpt>
<trkpt lat="-27.477192" lon="152.931709"><ele>64.2</ele><time>2026-01-01T00:21:28Z</time></trkpt>
<trkpt lat="-27.477208" lon="152.931672"><ele>64.6</ele><time>2026-01-01T00:21:31Z</time></trkpt>
<trkpt lat="-27.477222" lon="152.931616"><ele>64.4</ele><time>2026-01-01T00:21:33Z</time></trkpt>
<trkpt lat="-27.477235" lon="152.931594"><ele>64.2</ele><time>2026-01-01T00:21:34Z</time></trkpt>
<trkpt lat="-27.47728" lon="152.931556"><ele>63.2</ele><time>2026-01-01T00:21:37Z</time></trkpt>
<trkpt lat="-27.477336" lon="152.931533"><ele>63</ele><time>2026-01-01T00:21:39Z</time></trkpt>
<trkpt lat="-27.477372" lon="152.931494"><ele>62.4</ele><time>2026-01-01T00:21:41Z</time></trkpt>
<trkpt lat="-27.477387" lon="152.931433"><ele>62</ele><time>2026-01-01T00:21:44Z</time></trkpt>
<trkpt lat="-27.477396" lon="152.931409"><ele>62</ele><time>2026-01-01T00:21:45Z</time></trkpt>
<trkpt lat="-27.477435" lon="152.93123"><ele>61.6</ele><time>2026-01-01T00:21:51Z</time></trkpt>
<trkpt lat="-27.477488" lon="152.931159"><ele>61.4</ele><time>2026-01-01T00:21:54Z</time></trkpt>
<trkpt lat="-27.477521" lon="152.931099"><ele>61.4</ele><time>2026-01-01T00:21:57Z</time></trkpt>
<trkpt lat="-27.47759" lon="152.930948"><ele>61.4</ele><time>2026-01-01T00:22:04Z</time></trkpt>
<trkpt lat="-27.477622" lon="152.930842"><ele>61.4</ele><time>2026-01-01T00:22:09Z</time></trkpt>
<trkpt lat="-27.477707" lon="152.930777"><ele>60.6</ele><time>2026-01-01T00:22:13Z</time></trkpt>
<trkpt lat="-27.477774" lon="152.930731"><ele>60.4</ele><time>2026-01-01T00:22:17Z</time></trkpt>
<trkpt lat="-27.477804" lon="152.930691"><ele>60.4</ele><time>2026-01-01T00:22:19Z</time></trkpt>
<trkpt lat="-27.477805" lon="152.930559"><ele>60.4</ele><time>2026-01-01T00:22:23Z</time></trkpt>
<trkpt lat="-27.477819" lon="152.930536"><ele>60.4</ele><time>2026-01-01T00:22:24Z</time></trkpt>
<trkpt lat="-27.477864" lon="152.930366"><ele>60</ele><time>2026-01-01T00:22:30Z</time></trkpt>
<trkpt lat="-27.477866" lon="152.930341"><ele>60</ele><time>2026-01-01T00:22:31Z</time></trkpt>
<trkpt lat="-27.477863" lon="152.930317"><ele>60</ele><time>2026-01-01T00:22:32Z</time></trkpt>
<trkpt lat="-27.477874" lon="152.930206"><ele>60.2</ele><time>2026-01-01T00:22:36Z</time></trkpt>
<trkpt lat="-27.477866" lon="152.930189"><ele>60.6</ele><time>2026-01-01T00:22:37Z</time></trkpt>
<trkpt lat="-27.477878" lon="152.930104"><ele>61.6</ele><time>2026-01-01T00:22:41Z</time></trkpt>
<trkpt lat="-27.477868" lon="152.930085"><ele>61.8</ele><time>2026-01-01T00:22:42Z</time></trkpt>
<trkpt lat="-27.477865" lon="152.930065"><ele>62.2</ele><time>2026-01-01T00:22:43Z</time></trkpt>
<trkpt lat="-27.477864" lon="152.930044"><ele>62.4</ele><time>2026-01-01T00:22:44Z</time></trkpt>
<trkpt lat="-27.477855" lon="152.930022"><ele>63</ele><time>2026-01-01T00:22:45Z</time></trkpt>
<trkpt lat="-27.477844" lon="152.929999"><ele>63.2</ele><time>2026-01-01T00:22:46Z</time></trkpt>
<trkpt lat="-27.477819" lon="152.929926"><ele>63.4</ele><time>2026-01-01T00:22:49Z</time></trkpt>
<trkpt lat="-27.477801" lon="152.92986"><ele>63.6</ele><time>2026-01-01T00:22:52Z</time></trkpt>
<trkpt lat="-27.477793" lon="152.929838"><ele>64</ele><time>2026-01-01T00:22:53Z</time></trkpt>
<trkpt lat="-27.477788" lon="152.929794"><ele>64.2</ele><time>2026-01-01T00:22:55Z</time></trkpt>
<trkpt lat="-27.477808" lon="152.929756"><ele>64.2</ele><time>2026-01-01T00:22:57Z</time></trkpt>
<trkpt lat="-27.477869" lon="152.929649"><ele>64</ele><time>2026-01-01T00:23:01Z</time></trkpt>
<trkpt lat="-27.477896" lon="152.929584"><ele>64</ele><time>2026-01-01T00:23:04Z</time></trkpt>
<trkpt lat="-27.478008" lon="152.92945"><ele>63.4</ele><time>2026-01-01T00:23:11Z</time></trkpt>
<trkpt lat="-27.478081" lon="152.929374"><ele>62.8</ele><time>2026-01-01T00:23:15Z</time></trkpt>
<trkpt lat="-27.478116" lon="152.929294"><ele>62.6</ele><time>2026-01-01T00:23:19Z</time></trkpt>
<trkpt lat="-27.47812" lon="152.92927"><ele>62.6</ele><time>2026-01-01T00:23:20Z</time></trkpt>
<trkpt lat="-27.478148" lon="152.929223"><ele>62.8</ele><time>2026-01-01T00:23:25Z</time></trkpt>
<trkpt lat="-27.47819" lon="152.929224"><ele>62.8</ele><time>2026-01-01T00:23:29Z</time></trkpt>
<trkpt lat="-27.478233" lon="152.92921"><ele>62.4</ele><time>2026-01-01T00:23:33Z</time></trkpt>
<trkpt lat="-27.478259" lon="152.929182"><ele>62.4</ele><time>2026-01-01T00:23:36Z</time></trkpt>
<trkpt lat="-27.478314" lon="152.929131"><ele>62</ele><time>2026-01-01T00:23:40Z</time></trkpt>
<trkpt lat="-27.47836" lon="152.929111"><ele>61.8</ele><time>2026-01-01T00:23:43Z</time></trkpt>
<trkpt lat="-27.478379" lon="152.9291"><ele>61.8</ele><time>2026-01-01T00:23:45Z</time></trkpt>
<trkpt lat="-27.478399" lon="152.929089"><ele>61.8</ele><time>2026-01-01T00:23:47Z</time></trkpt>
<trkpt lat="-27.478411" lon="152.929086"><ele>61.8</ele><time>2026-01-01T00:23:48Z</time></trkpt>
<trkpt lat="-27.478435" lon="152.929079"><ele>61.8</ele><time>2026-01-01T00:23:50Z</time></trkpt>
<trkpt lat="-27.478477" lon="152.929065"><ele>61.8</ele><time>2026-01-01T00:23:53Z</time></trkpt>
<trkpt lat="-27.478517" lon="152.92906"><ele>61.8</ele><time>2026-01-01T00:23:55Z</time></trkpt>
<trkpt lat="-27.478619" lon="152.929053"><ele>61.8</ele><time>2026-01-01T00:24:01Z</time></trkpt>
<trkpt lat="-27.478664" lon="152.929067"><ele>61.8</ele><time>2026-01-01T00:24:05Z</time></trkpt>
<trkpt lat="-27.478676" lon="152.92908"><ele>61.8</ele><time>2026-01-01T00:24:08Z</time></trkpt>
<trkpt lat="-27.478706" lon="152.929082"><ele>61.8</ele><time>2026-01-01T00:24:13Z</time></trkpt>
<trkpt lat="-27.478729" lon="152.929063"><ele>62</ele><time>2026-01-01T00:24:17Z</time></trkpt>
<trkpt lat="-27.478728" lon="152.929046"><ele>62</ele><time>2026-01-01T00:24:22Z</time></trkpt>
<trkpt lat="-27.478733" lon="152.929047"><ele>62</ele><time>2026-01-01T00:24:27Z</time></trkpt>
<trkpt lat="-27.478733" lon="152.929047"><ele>62</ele><time>2026-01-01T00:24:28Z</time></trkpt>
<trkpt lat="-27.478733" lon="152.929047"><ele>62</ele><time>2026-01-01T00:24:33Z</time></trkpt>
<trkpt lat="-27.478733" lon="152.929047"><ele>61.8</ele><time>2026-01-01T00:24:38Z</time></trkpt>
<trkpt lat="-27.478732" lon="152.929047"><ele>61.8</ele><time>2026-01-01T00:24:43Z</time></trkpt>
<trkpt lat="-27.478729" lon="152.929049"><ele>61.8</ele><time>2026-01-01T00:24:47Z</time></trkpt>
<trkpt lat="-27.47871" lon="152.929054"><ele>61.6</ele><time>2026-01-01T00:25:07Z</time></trkpt>
<trkpt lat="-27.478693" lon="152.929063"><ele>61.6</ele><time>2026-01-01T00:25:14Z</time></trkpt>
<trkpt lat="-27.478767" lon="152.92909"><ele>62.2</ele><time>2026-01-01T00:25:21Z</time></trkpt>
<trkpt lat="-27.478854" lon="152.929082"><ele>62.4</ele><time>2026-01-01T00:25:24Z</time></trkpt>
<trkpt lat="-27.478874" lon="152.929092"><ele>62.4</ele><time>2026-01-01T00:25:25Z</time></trkpt>
<trkpt lat="-27.478897" lon="152.929107"><ele>62.4</ele><time>2026-01-01T00:25:26Z</time></trkpt>
<trkpt lat="-27.478946" lon="152.92913"><ele>62.6</ele><time>2026-01-01T00:25:28Z</time></trkpt>
<trkpt lat="-27.478979" lon="152.929141"><ele>62.8</ele><time>2026-01-01T00:25:30Z</time></trkpt>
<trkpt lat="-27.479021" lon="152.929158"><ele>63</ele><time>2026-01-01T00:25:32Z</time></trkpt>
<trkpt lat="-27.479052" lon="152.929208"><ele>63</ele><time>2026-01-01T00:25:35Z</time></trkpt>
<trkpt lat="-27.479072" lon="152.92926"><ele>63</ele><time>2026-01-01T00:25:37Z</time></trkpt>
<trkpt lat="-27.479079" lon="152.929346"><ele>62.6</ele><time>2026-01-01T00:25:40Z</time></trkpt>
<trkpt lat="-27.479091" lon="152.929403"><ele>62.6</ele><time>2026-01-01T00:25:43Z</time></trkpt>
<trkpt lat="-27.479096" lon="152.929426"><ele>62.6</ele><time>2026-01-01T00:25:44Z</time></trkpt>
<trkpt lat="-27.479096" lon="152.929474"><ele>62.4</ele><time>2026-01-01T00:25:46Z</time></trkpt>
<trkpt lat="-27.479099" lon="152.929523"><ele>61.8</ele><time>2026-01-01T00:25:48Z</time></trkpt>
<trkpt lat="-27.479114" lon="152.929583"><ele>61.4</ele><time>2026-01-01T00:25:51Z</time></trkpt>
<trkpt lat="-27.479098" lon="152.929633"><ele>60.4</ele><time>2026-01-01T00:25:54Z</time></trkpt>
<trkpt lat="-27.479085" lon="152.929718"><ele>59.2</ele><time>2026-01-01T00:25:57Z</time></trkpt>
<trkpt lat="-27.479087" lon="152.929743"><ele>59</ele><time>2026-01-01T00:25:58Z</time></trkpt>
<trkpt lat="-27.479093" lon="152.929801"><ele>58</ele><time>2026-01-01T00:26:00Z</time></trkpt>
<trkpt lat="-27.47912" lon="152.929885"><ele>57</ele><time>2026-01-01T00:26:03Z</time></trkpt>
<trkpt lat="-27.479135" lon="152.929913"><ele>56.8</ele><time>2026-01-01T00:26:04Z</time></trkpt>
<trkpt lat="-27.479154" lon="152.929984"><ele>56.2</ele><time>2026-01-01T00:26:06Z</time></trkpt>
<trkpt lat="-27.479208" lon="152.93007"><ele>56.2</ele><time>2026-01-01T00:26:09Z</time></trkpt>
<trkpt lat="-27.479234" lon="152.930081"><ele>56.2</ele><time>2026-01-01T00:26:10Z</time></trkpt>
<trkpt lat="-27.479328" lon="152.930219"><ele>58</ele><time>2026-01-01T00:26:17Z</time></trkpt>
<trkpt lat="-27.479394" lon="152.930286"><ele>59.4</ele><time>2026-01-01T00:26:21Z</time></trkpt>
<trkpt lat="-27.479472" lon="152.930322"><ele>59.4</ele><time>2026-01-01T00:26:24Z</time></trkpt>
<trkpt lat="-27.479676" lon="152.930327"><ele>58.6</ele><time>2026-01-01T00:26:31Z</time></trkpt>
<trkpt lat="-27.479701" lon="152.930333"><ele>58.4</ele><time>2026-01-01T00:26:32Z</time></trkpt>
<trkpt lat="-27.47979" lon="152.93046"><ele>58.8</ele><time>2026-01-01T00:26:39Z</time></trkpt>
<trkpt lat="-27.479775" lon="152.930576"><ele>58.8</ele><time>2026-01-01T00:26:44Z</time></trkpt>
<trkpt lat="-27.479774" lon="152.930637"><ele>59</ele><time>2026-01-01T00:26:46Z</time></trkpt>
<trkpt lat="-27.479803" lon="152.930789"><ele>58.2</ele><time>2026-01-01T00:26:51Z</time></trkpt>
<trkpt lat="-27.479831" lon="152.930883"><ele>57.6</ele><time>2026-01-01T00:26:54Z</time></trkpt>
<trkpt lat="-27.479888" lon="152.930956"><ele>57.2</ele><time>2026-01-01T00:26:57Z</time></trkpt>
<trkpt lat="-27.4799" lon="152.930988"><ele>57</ele><time>2026-01-01T00:26:58Z</time></trkpt>
<trkpt lat="-27.479939" lon="152.931024"><ele>57</ele><time>2026-01-01T00:27:00Z</time></trkpt>
<trkpt lat="-27.480078" lon="152.931157"><ele>57.2</ele><time>2026-01-01T00:27:07Z</time></trkpt>
<trkpt lat="-27.480084" lon="152.931182"><ele>57.6</ele><time>2026-01-01T00:27:08Z</time></trkpt>
<trkpt lat="-27.480092" lon="152.931203"><ele>58.6</ele><time>2026-01-01T00:27:10Z</time></trkpt>
<trkpt lat="-27.480125" lon="152.931234"><ele>59.6</ele><time>2026-01-01T00:27:13Z</time></trkpt>
<trkpt lat="-27.480168" lon="152.931322"><ele>60.8</ele><time>2026-01-01T00:27:18Z</time></trkpt>
<trkpt lat="-27.480177" lon="152.931364"><ele>61.6</ele><time>2026-01-01T00:27:20Z</time></trkpt>
<trkpt lat="-27.480183" lon="152.931377"><ele>62</ele><time>2026-01-01T00:27:21Z</time></trkpt>
<trkpt lat="-27.480197" lon="152.931458"><ele>63</ele><time>2026-01-01T00:27:25Z</time></trkpt>
<trkpt lat="-27.480187" lon="152.931509"><ele>63.6</ele><time>2026-01-01T00:27:27Z</time></trkpt>
<trkpt lat="-27.480151" lon="152.931574"><ele>64.2</ele><time>2026-01-01T00:27:29Z</time></trkpt>
<trkpt lat="-27.480089" lon="152.931694"><ele>65.4</ele><time>2026-01-01T00:27:36Z</time></trkpt>
<trkpt lat="-27.480068" lon="152.931762"><ele>66.4</ele><time>2026-01-01T00:27:39Z</time></trkpt>
<trkpt lat="-27.480035" lon="152.931821"><ele>67</ele><time>2026-01-01T00:27:43Z</time></trkpt>
<trkpt lat="-27.480015" lon="152.931869"><ele>67.6</ele><time>2026-01-01T00:27:45Z</time></trkpt>
<trkpt lat="-27.480011" lon="152.931949"><ele>68.8</ele><time>2026-01-01T00:27:49Z</time></trkpt>
<trkpt lat="-27.48002" lon="152.931964"><ele>69.2</ele><time>2026-01-01T00:27:50Z</time></trkpt>
<trkpt lat="-27.480001" lon="152.932069"><ele>70</ele><time>2026-01-01T00:27:53Z</time></trkpt>
<trkpt lat="-27.480011" lon="152.932129"><ele>71</ele><time>2026-01-01T00:27:56Z</time></trkpt>
<trkpt lat="-27.480012" lon="152.932156"><ele>71.4</ele><time>2026-01-01T00:27:57Z</time></trkpt>
<trkpt lat="-27.480012" lon="152.932219"><ele>72.2</ele><time>2026-01-01T00:27:59Z</time></trkpt>
<trkpt lat="-27.480012" lon="152.932275"><ele>73</ele><time>2026-01-01T00:28:01Z</time></trkpt>
<trkpt lat="-27.479993" lon="152.932339"><ele>73.4</ele><time>2026-01-01T00:28:04Z</time></trkpt>
<trkpt lat="-27.479987" lon="152.932377"><ele>74</ele><time>2026-01-01T00:28:06Z</time></trkpt>
<trkpt lat="-27.479988" lon="152.932406"><ele>74.6</ele><time>2026-01-01T00:28:08Z</time></trkpt>
<trkpt lat="-27.479997" lon="152.93247"><ele>75.8</ele><time>2026-01-01T00:28:11Z</time></trkpt>
<trkpt lat="-27.479987" lon="152.932559"><ele>76.8</ele><time>2026-01-01T00:28:15Z</time></trkpt>
<trkpt lat="-27.480061" lon="152.932763"><ele>77.4</ele><time>2026-01-01T00:28:22Z</time></trkpt>
<trkpt lat="-27.480126" lon="152.932879"><ele>78</ele><time>2026-01-01T00:28:28Z</time></trkpt>
<trkpt lat="-27.480139" lon="152.932896"><ele>78.2</ele><time>2026-01-01T00:28:29Z</time></trkpt>
<trkpt lat="-27.480213" lon="152.932937"><ele>79.2</ele><time>2026-01-01T00:28:33Z</time></trkpt>
<trkpt lat="-27.480258" lon="152.932956"><ele>79.4</ele><time>2026-01-01T00:28:35Z</time></trkpt>
<trkpt lat="-27.480318" lon="152.933022"><ele>80.2</ele><time>2026-01-01T00:28:39Z</time></trkpt>
<trkpt lat="-27.48033" lon="152.933059"><ele>80.4</ele><time>2026-01-01T00:28:41Z</time></trkpt>
<trkpt lat="-27.480331" lon="152.933077"><ele>80.4</ele><time>2026-01-01T00:28:42Z</time></trkpt>
<trkpt lat="-27.480333" lon="152.933216"><ele>80.2</ele><time>2026-01-01T00:28:47Z</time></trkpt>
<trkpt lat="-27.480344" lon="152.933301"><ele>79.8</ele><time>2026-01-01T00:28:51Z</time></trkpt>
<trkpt lat="-27.480387" lon="152.93344"><ele>79.6</ele><time>2026-01-01T00:28:56Z</time></trkpt>
<trkpt lat="-27.480409" lon="152.933487"><ele>79</ele><time>2026-01-01T00:28:58Z</time></trkpt>
<trkpt lat="-27.480436" lon="152.933594"><ele>78.6</ele><time>2026-01-01T00:29:03Z</time></trkpt>
<trkpt lat="-27.480457" lon="152.933733"><ele>78.6</ele><time>2026-01-01T00:29:09Z</time></trkpt>
<trkpt lat="-27.480457" lon="152.933767"><ele>78.8</ele><time>2026-01-01T00:29:10Z</time></trkpt>
<trkpt lat="-27.480448" lon="152.933883"><ele>79.8</ele><time>2026-01-01T00:29:17Z</time></trkpt>
<trkpt lat="-27.480431" lon="152.933906"><ele>80.2</ele><time>2026-01-01T00:29:18Z</time></trkpt>
<trkpt lat="-27.480413" lon="152.933935"><ele>80.2</ele><time>2026-01-01T00:29:19Z</time></trkpt>
<trkpt lat="-27.480383" lon="152.934083"><ele>81</ele><time>2026-01-01T00:29:24Z</time></trkpt>
<trkpt lat="-27.480377" lon="152.934111"><ele>81.4</ele><time>2026-01-01T00:29:25Z</time></trkpt>
<trkpt lat="-27.480362" lon="152.934205"><ele>82.4</ele><time>2026-01-01T00:29:29Z</time></trkpt>
<trkpt lat="-27.480355" lon="152.934252"><ele>83</ele><time>2026-01-01T00:29:31Z</time></trkpt>
<trkpt lat="-27.480338" lon="152.934332"><ele>83.6</ele><time>2026-01-01T00:29:34Z</time></trkpt>
<trkpt lat="-27.480279" lon="152.93447"><ele>84.6</ele><time>2026-01-01T00:29:39Z</time></trkpt>
<trkpt lat="-27.480264" lon="152.934495"><ele>85</ele><time>2026-01-01T00:29:40Z</time></trkpt>
<trkpt lat="-27.480246" lon="152.934618"><ele>85.4</ele><time>2026-01-01T00:29:44Z</time></trkpt>
<trkpt lat="-27.480266" lon="152.934697"><ele>86</ele><time>2026-01-01T00:29:47Z</time></trkpt>
<trkpt lat="-27.480266" lon="152.934723"><ele>86.2</ele><time>2026-01-01T00:29:48Z</time></trkpt>
<trkpt lat="-27.480271" lon="152.934776"><ele>87</ele><time>2026-01-01T00:29:50Z</time></trkpt>
<trkpt lat="-27.480278" lon="152.934799"><ele>87.6</ele><time>2026-01-01T00:29:51Z</time></trkpt>
<trkpt lat="-27.480301" lon="152.934843"><ele>87.8</ele><time>2026-01-01T00:29:53Z</time></trkpt>
<trkpt lat="-27.480338" lon="152.934888"><ele>88.8</ele><time>2026-01-01T00:29:56Z</time></trkpt>
<trkpt lat="-27.48036" lon="152.934942"><ele>90</ele><time>2026-01-01T00:29:59Z</time></trkpt>
<trkpt lat="-27.480369" lon="152.93498"><ele>90.2</ele><time>2026-01-01T00:30:01Z</time></trkpt>
<trkpt lat="-27.480395" lon="152.935077"><ele>91.2</ele><time>2026-01-01T00:30:06Z</time></trkpt>
<trkpt lat="-27.48039" lon="152.935136"><ele>92.4</ele><time>2026-01-01T00:30:09Z</time></trkpt>
<trkpt lat="-27.480393" lon="152.935186"><ele>92.6</ele><time>2026-01-01T00:30:11Z</time></trkpt>
<trkpt lat="-27.480406" lon="152.935309"><ele>93.6</ele><time>2026-01-01T00:30:16Z</time></trkpt>
<trkpt lat="-27.480409" lon="152.935379"><ele>93.8</ele><time>2026-01-01T00:30:18Z</time></trkpt>
<trkpt lat="-27.480416" lon="152.935445"><ele>94</ele><time>2026-01-01T00:30:21Z</time></trkpt>
<trkpt lat="-27.480406" lon="152.935503"><ele>94.4</ele><time>2026-01-01T00:30:24Z</time></trkpt>
<trkpt lat="-27.480358" lon="152.935626"><ele>94.6</ele><time>2026-01-01T00:30:29Z</time></trkpt>
<trkpt lat="-27.480338" lon="152.935706"><ele>95</ele><time>2026-01-01T00:30:32Z</time></trkpt>
<trkpt lat="-27.480315" lon="152.935792"><ele>95.2</ele><time>2026-01-01T00:30:36Z</time></trkpt>
<trkpt lat="-27.480309" lon="152.935825"><ele>95.2</ele><time>2026-01-01T00:30:38Z</time></trkpt>
<trkpt lat="-27.480313" lon="152.935876"><ele>95</ele><time>2026-01-01T00:30:40Z</time></trkpt>
<trkpt lat="-27.480318" lon="152.936087"><ele>94.8</ele><time>2026-01-01T00:30:48Z</time></trkpt>
<trkpt lat="-27.480311" lon="152.936292"><ele>95.4</ele><time>2026-01-01T00:30:56Z</time></trkpt>
<trkpt lat="-27.480295" lon="152.936362"><ele>95.8</ele><time>2026-01-01T00:30:59Z</time></trkpt>
<trkpt lat="-27.480253" lon="152.93651"><ele>96.6</ele><time>2026-01-01T00:31:05Z</time></trkpt>
<trkpt lat="-27.480248" lon="152.936536"><ele>96.8</ele><time>2026-01-01T00:31:06Z</time></trkpt>
<trkpt lat="-27.480173" lon="152.936701"><ele>98</ele><time>2026-01-01T00:31:12Z</time></trkpt>
<trkpt lat="-27.480129" lon="152.936789"><ele>99.2</ele><time>2026-01-01T00:31:16Z</time></trkpt>
<trkpt lat="-27.48011" lon="152.936816"><ele>99.8</ele><time>2026-01-01T00:31:18Z</time></trkpt>
<trkpt lat="-27.480064" lon="152.93688"><ele>100</ele><time>2026-01-01T00:31:21Z</time></trkpt>
<trkpt lat="-27.479982" lon="152.937051"><ele>100.4</ele><time>2026-01-01T00:31:28Z</time></trkpt>
<trkpt lat="-27.479983" lon="152.937073"><ele>100.4</ele><time>2026-01-01T00:31:29Z</time></trkpt>
<trkpt lat="-27.479935" lon="152.937239"><ele>99.8</ele><time>2026-01-01T00:31:36Z</time></trkpt>
<trkpt lat="-27.479918" lon="152.937327"><ele>99.2</ele><time>2026-01-01T00:31:40Z</time></trkpt>
<trkpt lat="-27.479907" lon="152.937399"><ele>98.6</ele><time>2026-01-01T00:31:43Z</time></trkpt>
<trkpt lat="-27.479851" lon="152.937609"><ele>98.2</ele><time>2026-01-01T00:31:51Z</time></trkpt>
<trkpt lat="-27.47984" lon="152.937694"><ele>98.6</ele><time>2026-01-01T00:31:55Z</time></trkpt>
<trkpt lat="-27.479787" lon="152.937891"><ele>98.4</ele><time>2026-01-01T00:32:03Z</time></trkpt>
<trkpt lat="-27.479748" lon="152.93809"><ele>98.2</ele><time>2026-01-01T00:32:10Z</time></trkpt>
<trkpt lat="-27.47975" lon="152.938166"><ele>98.4</ele><time>2026-01-01T00:32:12Z</time></trkpt>
<trkpt lat="-27.479769" lon="152.938313"><ele>99.4</ele><time>2026-01-01T00:32:19Z</time></trkpt>
<trkpt lat="-27.479741" lon="152.938348"><ele>99.6</ele><time>2026-01-01T00:32:24Z</time></trkpt>
<trkpt lat="-27.479738" lon="152.938356"><ele>99.8</ele><time>2026-01-01T00:32:25Z</time></trkpt>
<trkpt lat="-27.479763" lon="152.938405"><ele>100.2</ele><time>2026-01-01T00:32:28Z</time></trkpt>
<trkpt lat="-27.479784" lon="152.938455"><ele>100.4</ele><time>2026-01-01T00:32:31Z</time></trkpt>
<trkpt lat="-27.479797" lon="152.938471"><ele>100.6</ele><time>2026-01-01T00:32:32Z</time></trkpt>
<trkpt lat="-27.479851" lon="152.938542"><ele>101</ele><time>2026-01-01T00:32:39Z</time></trkpt>
<trkpt lat="-27.479862" lon="152.938552"><ele>101.2</ele><time>2026-01-01T00:32:40Z</time></trkpt>
<trkpt lat="-27.479953" lon="152.938627"><ele>101.6</ele><time>2026-01-01T00:32:45Z</time></trkpt>
<trkpt lat="-27.480026" lon="152.938655"><ele>101.8</ele><time>2026-01-01T00:32:48Z</time></trkpt>
<trkpt lat="-27.480186" lon="152.938665"><ele>102</ele><time>2026-01-01T00:32:53Z</time></trkpt>
<trkpt lat="-27.480363" lon="152.938603"><ele>100.6</ele><time>2026-01-01T00:33:01Z</time></trkpt>
<trkpt lat="-27.4804" lon="152.938584"><ele>100</ele><time>2026-01-01T00:33:03Z</time></trkpt>
<trkpt lat="-27.48057" lon="152.938497"><ele>99</ele><time>2026-01-01T00:33:10Z</time></trkpt>
<trkpt lat="-27.480594" lon="152.938488"><ele>98.8</ele><time>2026-01-01T00:33:11Z</time></trkpt>
<trkpt lat="-27.480725" lon="152.938408"><ele>98.2</ele><time>2026-01-01T00:33:17Z</time></trkpt>
<trkpt lat="-27.480866" lon="152.938317"><ele>98</ele><time>2026-01-01T00:33:24Z</time></trkpt>
<trkpt lat="-27.480925" lon="152.938275"><ele>98.2</ele><time>2026-01-01T00:33:27Z</time></trkpt>
<trkpt lat="-27.480976" lon="152.938251"><ele>98.4</ele><time>2026-01-01T00:33:29Z</time></trkpt>
<trkpt lat="-27.48117" lon="152.93818"><ele>99.4</ele><time>2026-01-01T00:33:37Z</time></trkpt>
<trkpt lat="-27.48124" lon="152.938166"><ele>99.6</ele><time>2026-01-01T00:33:39Z</time></trkpt>
<trkpt lat="-27.48135" lon="152.938125"><ele>100.2</ele><time>2026-01-01T00:33:45Z</time></trkpt>
<trkpt lat="-27.481378" lon="152.93814"><ele>100.6</ele><time>2026-01-01T00:33:49Z</time></trkpt>
<trkpt lat="-27.481375" lon="152.938181"><ele>100.6</ele><time>2026-01-01T00:33:53Z</time></trkpt>
<trkpt lat="-27.481391" lon="152.938266"><ele>100</ele><time>2026-01-01T00:33:59Z</time></trkpt>
<trkpt lat="-27.481394" lon="152.938303"><ele>99.8</ele><time>2026-01-01T00:34:01Z</time></trkpt>
<trkpt lat="-27.481394" lon="152.938373"><ele>98.4</ele><time>2026-01-01T00:34:04Z</time></trkpt>
<trkpt lat="-27.481412" lon="152.938423"><ele>97.4</ele><time>2026-01-01T00:34:06Z</time></trkpt>
<trkpt lat="-27.481418" lon="152.938444"><ele>97.2</ele><time>2026-01-01T00:34:07Z</time></trkpt>
<trkpt lat="-27.481419" lon="152.938473"><ele>97</ele><time>2026-01-01T00:34:08Z</time></trkpt>
<trkpt lat="-27.48142" lon="152.938534"><ele>96</ele><time>2026-01-01T00:34:10Z</time></trkpt>
<trkpt lat="-27.481426" lon="152.938588"><ele>94.6</ele><time>2026-01-01T00:34:12Z</time></trkpt>
<trkpt lat="-27.481435" lon="152.938659"><ele>93.4</ele><time>2026-01-01T00:34:15Z</time></trkpt>
<trkpt lat="-27.481436" lon="152.938713"><ele>92.6</ele><time>2026-01-01T00:34:17Z</time></trkpt>
<trkpt lat="-27.481436" lon="152.938735"><ele>92.2</ele><time>2026-01-01T00:34:18Z</time></trkpt>
<trkpt lat="-27.481446" lon="152.938876"><ele>91</ele><time>2026-01-01T00:34:24Z</time></trkpt>
<trkpt lat="-27.481443" lon="152.938936"><ele>90.4</ele><time>2026-01-01T00:34:26Z</time></trkpt>
<trkpt lat="-27.481436" lon="152.938991"><ele>90</ele><time>2026-01-01T00:34:28Z</time></trkpt>
<trkpt lat="-27.481444" lon="152.939075"><ele>89.6</ele><time>2026-01-01T00:34:31Z</time></trkpt>
<trkpt lat="-27.481472" lon="152.93919"><ele>89.2</ele><time>2026-01-01T00:34:37Z</time></trkpt>
<trkpt lat="-27.481487" lon="152.939223"><ele>89</ele><time>2026-01-01T00:34:39Z</time></trkpt>
<trkpt lat="-27.481496" lon="152.939399"><ele>87.6</ele><time>2026-01-01T00:34:45Z</time></trkpt>
<trkpt lat="-27.481501" lon="152.939439"><ele>86.6</ele><time>2026-01-01T00:34:47Z</time></trkpt>
<trkpt lat="-27.481497" lon="152.939454"><ele>86.2</ele><time>2026-01-01T00:34:48Z</time></trkpt>
<trkpt lat="-27.481464" lon="152.939519"><ele>85.2</ele><time>2026-01-01T00:34:51Z</time></trkpt>
<trkpt lat="-27.48144" lon="152.939557"><ele>84</ele><time>2026-01-01T00:34:53Z</time></trkpt>
<trkpt lat="-27.481418" lon="152.939585"><ele>82.8</ele><time>2026-01-01T00:34:55Z</time></trkpt>
<trkpt lat="-27.4814" lon="152.939617"><ele>82</ele><time>2026-01-01T00:34:57Z</time></trkpt>
<trkpt lat="-27.481396" lon="152.939625"><ele>81.8</ele><time>2026-01-01T00:34:58Z</time></trkpt>
<trkpt lat="-27.481373" lon="152.939637"><ele>81.4</ele><time>2026-01-01T00:35:00Z</time></trkpt>
<trkpt lat="-27.481358" lon="152.939656"><ele>80.6</ele><time>2026-01-01T00:35:01Z</time></trkpt>
<trkpt lat="-27.481339" lon="152.939696"><ele>79.4</ele><time>2026-01-01T00:35:03Z</time></trkpt>
<trkpt lat="-27.481327" lon="152.939738"><ele>78.4</ele><time>2026-01-01T00:35:05Z</time></trkpt>
<trkpt lat="-27.481323" lon="152.939781"><ele>77</ele><time>2026-01-01T00:35:07Z</time></trkpt>
<trkpt lat="-27.481306" lon="152.93981"><ele>76.4</ele><time>2026-01-01T00:35:09Z</time></trkpt>
<trkpt lat="-27.481295" lon="152.939846"><ele>76</ele><time>2026-01-01T00:35:11Z</time></trkpt>
<trkpt lat="-27.481283" lon="152.939894"><ele>74.6</ele><time>2026-01-01T00:35:13Z</time></trkpt>
<trkpt lat="-27.481266" lon="152.93992"><ele>73.6</ele><time>2026-01-01T00:35:15Z</time></trkpt>
<trkpt lat="-27.481253" lon="152.939933"><ele>73</ele><time>2026-01-01T00:35:16Z</time></trkpt>
<trkpt lat="-27.481223" lon="152.939974"><ele>71.6</ele><time>2026-01-01T00:35:18Z</time></trkpt>
<trkpt lat="-27.481127" lon="152.940081"><ele>71.8</ele><time>2026-01-01T00:35:23Z</time></trkpt>
<trkpt lat="-27.481078" lon="152.94018"><ele>73</ele><time>2026-01-01T00:35:28Z</time></trkpt>
<trkpt lat="-27.481069" lon="152.9402"><ele>73.4</ele><time>2026-01-01T00:35:29Z</time></trkpt>
<trkpt lat="-27.48106" lon="152.940207"><ele>74.2</ele><time>2026-01-01T00:35:31Z</time></trkpt>
<trkpt lat="-27.481068" lon="152.940251"><ele>75.4</ele><time>2026-01-01T00:35:35Z</time></trkpt>
<trkpt lat="-27.481042" lon="152.94032"><ele>76.6</ele><time>2026-01-01T00:35:40Z</time></trkpt>
<trkpt lat="-27.48104" lon="152.94036"><ele>77.6</ele><time>2026-01-01T00:35:43Z</time></trkpt>
<trkpt lat="-27.481042" lon="152.940373"><ele>78</ele><time>2026-01-01T00:35:44Z</time></trkpt>
<trkpt lat="-27.480992" lon="152.940435"><ele>78.6</ele><time>2026-01-01T00:35:48Z</time></trkpt>
<trkpt lat="-27.480946" lon="152.940491"><ele>79.8</ele><time>2026-01-01T00:35:53Z</time></trkpt>
<trkpt lat="-27.480946" lon="152.940503"><ele>80</ele><time>2026-01-01T00:35:54Z</time></trkpt>
<trkpt lat="-27.480918" lon="152.940536"><ele>81</ele><time>2026-01-01T00:35:57Z</time></trkpt>
<trkpt lat="-27.480866" lon="152.940576"><ele>81.6</ele><time>2026-01-01T00:36:01Z</time></trkpt>
<trkpt lat="-27.480844" lon="152.940586"><ele>82</ele><time>2026-01-01T00:36:03Z</time></trkpt>
<trkpt lat="-27.480788" lon="152.940614"><ele>83.2</ele><time>2026-01-01T00:36:08Z</time></trkpt>
<trkpt lat="-27.480771" lon="152.940623"><ele>83.4</ele><time>2026-01-01T00:36:09Z</time></trkpt>
<trkpt lat="-27.480716" lon="152.940704"><ele>84</ele><time>2026-01-01T00:36:16Z</time></trkpt>
<trkpt lat="-27.480726" lon="152.940745"><ele>83.6</ele><time>2026-01-01T00:36:20Z</time></trkpt>
<trkpt lat="-27.480731" lon="152.940775"><ele>83</ele><time>2026-01-01T00:36:22Z</time></trkpt>
<trkpt lat="-27.480751" lon="152.940817"><ele>81.8</ele><time>2026-01-01T00:36:24Z</time></trkpt>
<trkpt lat="-27.480784" lon="152.940975"><ele>80.4</ele><time>2026-01-01T00:36:28Z</time></trkpt>
<trkpt lat="-27.480831" lon="152.941034"><ele>79</ele><time>2026-01-01T00:36:30Z</time></trkpt>
<trkpt lat="-27.480894" lon="152.941123"><ele>79.2</ele><time>2026-01-01T00:36:35Z</time></trkpt>
<trkpt lat="-27.480903" lon="152.94114"><ele>80.2</ele><time>2026-01-01T00:36:36Z</time></trkpt>
<trkpt lat="-27.480959" lon="152.941169"><ele>81.2</ele><time>2026-01-01T00:36:40Z</time></trkpt>
<trkpt lat="-27.480977" lon="152.9412"><ele>82.2</ele><time>2026-01-01T00:36:42Z</time></trkpt>
<trkpt lat="-27.480985" lon="152.94121"><ele>82.4</ele><time>2026-01-01T00:36:43Z</time></trkpt>
<trkpt lat="-27.480991" lon="152.941235"><ele>83.6</ele><time>2026-01-01T00:36:46Z</time></trkpt>
<trkpt lat="-27.481007" lon="152.941249"><ele>83.8</ele><time>2026-01-01T00:36:47Z</time></trkpt>
<trkpt lat="-27.481014" lon="152.941265"><ele>84.2</ele><time>2026-01-01T00:36:48Z</time></trkpt>
<trkpt lat="-27.481014" lon="152.941273"><ele>84.6</ele><time>2026-01-01T00:36:49Z</time></trkpt>
<trkpt lat="-27.481012" lon="152.94131"><ele>85.6</ele><time>2026-01-01T00:36:52Z</time></trkpt>
<trkpt lat="-27.481004" lon="152.94134"><ele>86.6</ele><time>2026-01-01T00:36:55Z</time></trkpt>
<trkpt lat="-27.481005" lon="152.941344"><ele>87</ele><time>2026-01-01T00:36:56Z</time></trkpt>
<trkpt lat="-27.481002" lon="152.941391"><ele>88.4</ele><time>2026-01-01T00:37:00Z</time></trkpt>
<trkpt lat="-27.480986" lon="152.941423"><ele>89.4</ele><time>2026-01-01T00:37:03Z</time></trkpt>
<trkpt lat="-27.48099" lon="152.941436"><ele>89.4</ele><time>2026-01-01T00:37:04Z</time></trkpt>
<trkpt lat="-27.480993" lon="152.941451"><ele>89.6</ele><time>2026-01-01T00:37:05Z</time></trkpt>
<trkpt lat="-27.480985" lon="152.941479"><ele>90.6</ele><time>2026-01-01T00:37:08Z</time></trkpt>
<trkpt lat="-27.480984" lon="152.941484"><ele>91</ele><time>2026-01-01T00:37:09Z</time></trkpt>
<trkpt lat="-27.480978" lon="152.941511"><ele>91.6</ele><time>2026-01-01T00:37:11Z</time></trkpt>
<trkpt lat="-27.480976" lon="152.941524"><ele>92</ele><time>2026-01-01T00:37:12Z</time></trkpt>
<trkpt lat="-27.480965" lon="152.941558"><ele>93</ele><time>2026-01-01T00:37:15Z</time></trkpt>
<trkpt lat="-27.480962" lon="152.941603"><ele>94</ele><time>2026-01-01T00:37:18Z</time></trkpt>
<trkpt lat="-27.480949" lon="152.941658"><ele>94.6</ele><time>2026-01-01T00:37:21Z</time></trkpt>
<trkpt lat="-27.480941" lon="152.941696"><ele>95</ele><time>2026-01-01T00:37:24Z</time></trkpt>
<trkpt lat="-27.480938" lon="152.941711"><ele>95.2</ele><time>2026-01-01T00:37:25Z</time></trkpt>
<trkpt lat="-27.480933" lon="152.941777"><ele>96.2</ele><time>2026-01-01T00:37:28Z</time></trkpt>
<trkpt lat="-27.480929" lon="152.94179"><ele>96.6</ele><time>2026-01-01T00:37:29Z</time></trkpt>
<trkpt lat="-27.480927" lon="152.941806"><ele>97</ele><time>2026-01-01T00:37:30Z</time></trkpt>
<trkpt lat="-27.48092" lon="152.941839"><ele>97.4</ele><time>2026-01-01T00:37:32Z</time></trkpt>
<trkpt lat="-27.480911" lon="152.94188"><ele>98.2</ele><time>2026-01-01T00:37:36Z</time></trkpt>
<trkpt lat="-27.48091" lon="152.941889"><ele>98.4</ele><time>2026-01-01T00:37:37Z</time></trkpt>
<trkpt lat="-27.480912" lon="152.941976"><ele>99.6</ele><time>2026-01-01T00:37:42Z</time></trkpt>
<trkpt lat="-27.480904" lon="152.941998"><ele>99.8</ele><time>2026-01-01T00:37:43Z</time></trkpt>
<trkpt lat="-27.480903" lon="152.942007"><ele>100</ele><time>2026-01-01T00:37:44Z</time></trkpt>
<trkpt lat="-27.480898" lon="152.942033"><ele>100.8</ele><time>2026-01-01T00:37:46Z</time></trkpt>
<trkpt lat="-27.480875" lon="152.942078"><ele>101</ele><time>2026-01-01T00:37:49Z</time></trkpt>
<trkpt lat="-27.480859" lon="152.942095"><ele>101.2</ele><time>2026-01-01T00:37:50Z</time></trkpt>
<trkpt lat="-27.480855" lon="152.942127"><ele>101.8</ele><time>2026-01-01T00:37:52Z</time></trkpt>
<trkpt lat="-27.48084" lon="152.942194"><ele>103</ele><time>2026-01-01T00:37:56Z</time></trkpt>
<trkpt lat="-27.48085" lon="152.942217"><ele>103.2</ele><time>2026-01-01T00:37:57Z</time></trkpt>
<trkpt lat="-27.480852" lon="152.942244"><ele>104.2</ele><time>2026-01-01T00:38:00Z</time></trkpt>
<trkpt lat="-27.480834" lon="152.942278"><ele>105.2</ele><time>2026-01-01T00:38:05Z</time></trkpt>
<trkpt lat="-27.480831" lon="152.94228"><ele>105.4</ele><time>2026-01-01T00:38:06Z</time></trkpt>
<trkpt lat="-27.480822" lon="152.942309"><ele>106.8</ele><time>2026-01-01T00:38:10Z</time></trkpt>
<trkpt lat="-27.480816" lon="152.942325"><ele>107.6</ele><time>2026-01-01T00:38:12Z</time></trkpt>
<trkpt lat="-27.480802" lon="152.94234"><ele>108</ele><time>2026-01-01T00:38:14Z</time></trkpt>
<trkpt lat="-27.480794" lon="152.942378"><ele>108.8</ele><time>2026-01-01T00:38:18Z</time></trkpt>
<trkpt lat="-27.480793" lon="152.942383"><ele>109.2</ele><time>2026-01-01T00:38:19Z</time></trkpt>
<trkpt lat="-27.480783" lon="152.942425"><ele>110.6</ele><time>2026-01-01T00:38:23Z</time></trkpt>
<trkpt lat="-27.480781" lon="152.94244"><ele>111</ele><time>2026-01-01T00:38:24Z</time></trkpt>
<trkpt lat="-27.480779" lon="152.942498"><ele>111.8</ele><time>2026-01-01T00:38:27Z</time></trkpt>
<trkpt lat="-27.480773" lon="152.942542"><ele>112.8</ele><time>2026-01-01T00:38:30Z</time></trkpt>
<trkpt lat="-27.480761" lon="152.942578"><ele>114.2</ele><time>2026-01-01T00:38:33Z</time></trkpt>
<trkpt lat="-27.480754" lon="152.942602"><ele>114.6</ele><time>2026-01-01T00:38:35Z</time></trkpt>
<trkpt lat="-27.480749" lon="152.942626"><ele>115.2</ele><time>2026-01-01T00:38:38Z</time></trkpt>
<trkpt lat="-27.48074" lon="152.942655"><ele>116.2</ele><time>2026-01-01T00:38:41Z</time></trkpt>
<trkpt lat="-27.480738" lon="152.942664"><ele>116.6</ele><time>2026-01-01T00:38:42Z</time></trkpt>
<trkpt lat="-27.480719" lon="152.942729"><ele>117.8</ele><time>2026-01-01T00:38:46Z</time></trkpt>
<trkpt lat="-27.480714" lon="152.942762"><ele>118.8</ele><time>2026-01-01T00:38:49Z</time></trkpt>
<trkpt lat="-27.480704" lon="152.942797"><ele>119.4</ele><time>2026-01-01T00:38:51Z</time></trkpt>
<trkpt lat="-27.480694" lon="152.942808"><ele>119.8</ele><time>2026-01-01T00:38:52Z</time></trkpt>
<trkpt lat="-27.480683" lon="152.942836"><ele>121</ele><time>2026-01-01T00:38:55Z</time></trkpt>
<trkpt lat="-27.480673" lon="152.942879"><ele>121.6</ele><time>2026-01-01T00:38:59Z</time></trkpt>
<trkpt lat="-27.480668" lon="152.942882"><ele>122.2</ele><time>2026-01-01T00:39:01Z</time></trkpt>
<trkpt lat="-27.480664" lon="152.942894"><ele>123.2</ele><time>2026-01-01T00:39:04Z</time></trkpt>
<trkpt lat="-27.480667" lon="152.942898"><ele>123.4</ele><time>2026-01-01T00:39:05Z</time></trkpt>
<trkpt lat="-27.480652" lon="152.942934"><ele>124.4</ele><time>2026-01-01T00:39:08Z</time></trkpt>
<trkpt lat="-27.480641" lon="152.942975"><ele>125.6</ele><time>2026-01-01T00:39:12Z</time></trkpt>
<trkpt lat="-27.480618" lon="152.942998"><ele>126.6</ele><time>2026-01-01T00:39:15Z</time></trkpt>
<trkpt lat="-27.480613" lon="152.943008"><ele>127</ele><time>2026-01-01T00:39:16Z</time></trkpt>
<trkpt lat="-27.480604" lon="152.943017"><ele>127.2</ele><time>2026-01-01T00:39:17Z</time></trkpt>
<trkpt lat="-27.480603" lon="152.943024"><ele>127.4</ele><time>2026-01-01T00:39:18Z</time></trkpt>
<trkpt lat="-27.4806" lon="152.943028"><ele>127.8</ele><time>2026-01-01T00:39:19Z</time></trkpt>
<trkpt lat="-27.480595" lon="152.943057"><ele>128.8</ele><time>2026-01-01T00:39:22Z</time></trkpt>
<trkpt lat="-27.480586" lon="152.943103"><ele>129.4</ele><time>2026-01-01T00:39:25Z</time></trkpt>
<trkpt lat="-27.480587" lon="152.943145"><ele>130</ele><time>2026-01-01T00:39:27Z</time></trkpt>
<trkpt lat="-27.480614" lon="152.943204"><ele>131.2</ele><time>2026-01-01T00:39:31Z</time></trkpt>
<trkpt lat="-27.48063" lon="152.943218"><ele>131.4</ele><time>2026-01-01T00:39:34Z</time></trkpt>
<trkpt lat="-27.480651" lon="152.943241"><ele>131.4</ele><time>2026-01-01T00:39:36Z</time></trkpt>
<trkpt lat="-27.480722" lon="152.943294"><ele>131</ele><time>2026-01-01T00:39:42Z</time></trkpt>
<trkpt lat="-27.480808" lon="152.943369"><ele>129.8</ele><time>2026-01-01T00:39:48Z</time></trkpt>
<trkpt lat="-27.48088" lon="152.943444"><ele>129</ele><time>2026-01-01T00:39:53Z</time></trkpt>
<trkpt lat="-27.480894" lon="152.943457"><ele>128.6</ele><time>2026-01-01T00:39:54Z</time></trkpt>
<trkpt lat="-27.480936" lon="152.943483"><ele>127.4</ele><time>2026-01-01T00:39:56Z</time></trkpt>
<trkpt lat="-27.481002" lon="152.943502"><ele>126.2</ele><time>2026-01-01T00:39:59Z</time></trkpt>
<trkpt lat="-27.481062" lon="152.943517"><ele>125.2</ele><time>2026-01-01T00:40:02Z</time></trkpt>
<trkpt lat="-27.481085" lon="152.943523"><ele>124.6</ele><time>2026-01-01T00:40:03Z</time></trkpt>
<trkpt lat="-27.481135" lon="152.943517"><ele>123.6</ele><time>2026-01-01T00:40:05Z</time></trkpt>
<trkpt lat="-27.48122" lon="152.943476"><ele>122</ele><time>2026-01-01T00:40:09Z</time></trkpt>
<trkpt lat="-27.481254" lon="152.943448"><ele>120.8</ele><time>2026-01-01T00:40:11Z</time></trkpt>
<trkpt lat="-27.481294" lon="152.943419"><ele>119.2</ele><time>2026-01-01T00:40:13Z</time></trkpt>
<trkpt lat="-27.481329" lon="152.943403"><ele>118.2</ele><time>2026-01-01T00:40:15Z</time></trkpt>
<trkpt lat="-27.481352" lon="152.94339"><ele>117.8</ele><time>2026-01-01T00:40:16Z</time></trkpt>
<trkpt lat="-27.481404" lon="152.943369"><ele>116.4</ele><time>2026-01-01T00:40:18Z</time></trkpt>
<trkpt lat="-27.481459" lon="152.94335"><ele>114.6</ele><time>2026-01-01T00:40:20Z</time></trkpt>
<trkpt lat="-27.481542" lon="152.943341"><ele>113.6</ele><time>2026-01-01T00:40:23Z</time></trkpt>
<trkpt lat="-27.481691" lon="152.943323"><ele>112.6</ele><time>2026-01-01T00:40:29Z</time></trkpt>
<trkpt lat="-27.481759" lon="152.943341"><ele>112.2</ele><time>2026-01-01T00:40:32Z</time></trkpt>
<trkpt lat="-27.481779" lon="152.943345"><ele>111.8</ele><time>2026-01-01T00:40:33Z</time></trkpt>
<trkpt lat="-27.481882" lon="152.943338"><ele>111.6</ele><time>2026-01-01T00:40:38Z</time></trkpt>
<trkpt lat="-27.481952" lon="152.94331"><ele>111.2</ele><time>2026-01-01T00:40:40Z</time></trkpt>
<trkpt lat="-27.482019" lon="152.943293"><ele>110.4</ele><time>2026-01-01T00:40:42Z</time></trkpt>
<trkpt lat="-27.482141" lon="152.943274"><ele>109.2</ele><time>2026-01-01T00:40:48Z</time></trkpt>
<trkpt lat="-27.482257" lon="152.943218"><ele>108</ele><time>2026-01-01T00:40:53Z</time></trkpt>
<trkpt lat="-27.482294" lon="152.94319"><ele>107.8</ele><time>2026-01-01T00:40:55Z</time></trkpt>
<trkpt lat="-27.482338" lon="152.943158"><ele>107</ele><time>2026-01-01T00:40:57Z</time></trkpt>
<trkpt lat="-27.482381" lon="152.943152"><ele>106.6</ele><time>2026-01-01T00:41:00Z</time></trkpt>
<trkpt lat="-27.482403" lon="152.943173"><ele>106.6</ele><time>2026-01-01T00:41:02Z</time></trkpt>
<trkpt lat="-27.482423" lon="152.943218"><ele>106.6</ele><time>2026-01-01T00:41:05Z</time></trkpt>
<trkpt lat="-27.482424" lon="152.943253"><ele>106.6</ele><time>2026-01-01T00:41:07Z</time></trkpt>
<trkpt lat="-27.482425" lon="152.943289"><ele>106.6</ele><time>2026-01-01T00:41:09Z</time></trkpt>
<trkpt lat="-27.482415" lon="152.943327"><ele>106.2</ele><time>2026-01-01T00:41:12Z</time></trkpt>
<trkpt lat="-27.482418" lon="152.943372"><ele>105.8</ele><time>2026-01-01T00:41:15Z</time></trkpt>
<trkpt lat="-27.482427" lon="152.943425"><ele>104.2</ele><time>2026-01-01T00:41:18Z</time></trkpt>
<trkpt lat="-27.482417" lon="152.943464"><ele>103.2</ele><time>2026-01-01T00:41:20Z</time></trkpt>
<trkpt lat="-27.482401" lon="152.943496"><ele>101.8</ele><time>2026-01-01T00:41:22Z</time></trkpt>
<trkpt lat="-27.482387" lon="152.943523"><ele>101.2</ele><time>2026-01-01T00:41:24Z</time></trkpt>
<trkpt lat="-27.482381" lon="152.943534"><ele>100.6</ele><time>2026-01-01T00:41:25Z</time></trkpt>
<trkpt lat="-27.482367" lon="152.9436"><ele>99</ele><time>2026-01-01T00:41:28Z</time></trkpt>
<trkpt lat="-27.482364" lon="152.943667"><ele>97.8</ele><time>2026-01-01T00:41:31Z</time></trkpt>
<trkpt lat="-27.482358" lon="152.943713"><ele>96.4</ele><time>2026-01-01T00:41:33Z</time></trkpt>
<trkpt lat="-27.482355" lon="152.943752"><ele>95.2</ele><time>2026-01-01T00:41:35Z</time></trkpt>
<trkpt lat="-27.482364" lon="152.943821"><ele>93.6</ele><time>2026-01-01T00:41:39Z</time></trkpt>
<trkpt lat="-27.482372" lon="152.943875"><ele>92.4</ele><time>2026-01-01T00:41:41Z</time></trkpt>
<trkpt lat="-27.482374" lon="152.943895"><ele>91.8</ele><time>2026-01-01T00:41:42Z</time></trkpt>
<trkpt lat="-27.482372" lon="152.943939"><ele>91.2</ele><time>2026-01-01T00:41:43Z</time></trkpt>
<trkpt lat="-27.482416" lon="152.944011"><ele>89.6</ele><time>2026-01-01T00:41:46Z</time></trkpt>
<trkpt lat="-27.48244" lon="152.944018"><ele>89</ele><time>2026-01-01T00:41:47Z</time></trkpt>
<trkpt lat="-27.48246" lon="152.944035"><ele>88.8</ele><time>2026-01-01T00:41:48Z</time></trkpt>
<trkpt lat="-27.48248" lon="152.944046"><ele>88.4</ele><time>2026-01-01T00:41:49Z</time></trkpt>
<trkpt lat="-27.482545" lon="152.94405"><ele>87</ele><time>2026-01-01T00:41:52Z</time></trkpt>
<trkpt lat="-27.482593" lon="152.944045"><ele>85.8</ele><time>2026-01-01T00:41:54Z</time></trkpt>
<trkpt lat="-27.48261" lon="152.944042"><ele>85.4</ele><time>2026-01-01T00:41:55Z</time></trkpt>
<trkpt lat="-27.482668" lon="152.944021"><ele>84.4</ele><time>2026-01-01T00:41:58Z</time></trkpt>
<trkpt lat="-27.482687" lon="152.94401"><ele>84</ele><time>2026-01-01T00:41:59Z</time></trkpt>
<trkpt lat="-27.482708" lon="152.943998"><ele>83.4</ele><time>2026-01-01T00:42:00Z</time></trkpt>
<trkpt lat="-27.482726" lon="152.943987"><ele>82.8</ele><time>2026-01-01T00:42:01Z</time></trkpt>
<trkpt lat="-27.482784" lon="152.943985"><ele>82.2</ele><time>2026-01-01T00:42:04Z</time></trkpt>
<trkpt lat="-27.482825" lon="152.943988"><ele>80.8</ele><time>2026-01-01T00:42:06Z</time></trkpt>
<trkpt lat="-27.482868" lon="152.944014"><ele>80.8</ele><time>2026-01-01T00:42:08Z</time></trkpt>
<trkpt lat="-27.482914" lon="152.944073"><ele>82.2</ele><time>2026-01-01T00:42:13Z</time></trkpt>
<trkpt lat="-27.482932" lon="152.944138"><ele>83.2</ele><time>2026-01-01T00:42:17Z</time></trkpt>
<trkpt lat="-27.482965" lon="152.944159"><ele>83.4</ele><time>2026-01-01T00:42:20Z</time></trkpt>
<trkpt lat="-27.483034" lon="152.94417"><ele>84.6</ele><time>2026-01-01T00:42:25Z</time></trkpt>
<trkpt lat="-27.483113" lon="152.944236"><ele>85.6</ele><time>2026-01-01T00:42:30Z</time></trkpt>
<trkpt lat="-27.483179" lon="152.944297"><ele>86</ele><time>2026-01-01T00:42:34Z</time></trkpt>
<trkpt lat="-27.483297" lon="152.94433"><ele>86.4</ele><time>2026-01-01T00:42:39Z</time></trkpt>
<trkpt lat="-27.483312" lon="152.944346"><ele>86.4</ele><time>2026-01-01T00:42:40Z</time></trkpt>
<trkpt lat="-27.483443" lon="152.94435"><ele>86.2</ele><time>2026-01-01T00:42:46Z</time></trkpt>
<trkpt lat="-27.483479" lon="152.944344"><ele>86.2</ele><time>2026-01-01T00:42:48Z</time></trkpt>
<trkpt lat="-27.483654" lon="152.944328"><ele>85.6</ele><time>2026-01-01T00:42:56Z</time></trkpt>
<trkpt lat="-27.483728" lon="152.944338"><ele>85</ele><time>2026-01-01T00:42:59Z</time></trkpt>
<trkpt lat="-27.483796" lon="152.944364"><ele>84.4</ele><time>2026-01-01T00:43:02Z</time></trkpt>
<trkpt lat="-27.483836" lon="152.944365"><ele>83.6</ele><time>2026-01-01T00:43:04Z</time></trkpt>
<trkpt lat="-27.483873" lon="152.944366"><ele>83.2</ele><time>2026-01-01T00:43:05Z</time></trkpt>
<trkpt lat="-27.483925" lon="152.944329"><ele>82.2</ele><time>2026-01-01T00:43:07Z</time></trkpt>
<trkpt lat="-27.483954" lon="152.94431"><ele>81.8</ele><time>2026-01-01T00:43:08Z</time></trkpt>
<trkpt lat="-27.484005" lon="152.94428"><ele>80.6</ele><time>2026-01-01T00:43:10Z</time></trkpt>
<trkpt lat="-27.484063" lon="152.944221"><ele>79.4</ele><time>2026-01-01T00:43:13Z</time></trkpt>
<trkpt lat="-27.484102" lon="152.944162"><ele>78.6</ele><time>2026-01-01T00:43:16Z</time></trkpt>
<trkpt lat="-27.484121" lon="152.944117"><ele>78.2</ele><time>2026-01-01T00:43:18Z</time></trkpt>
<trkpt lat="-27.484186" lon="152.944074"><ele>77</ele><time>2026-01-01T00:43:22Z</time></trkpt>
<trkpt lat="-27.484229" lon="152.94405"><ele>76.6</ele><time>2026-01-01T00:43:24Z</time></trkpt>
<trkpt lat="-27.484287" lon="152.944014"><ele>76.4</ele><time>2026-01-01T00:43:26Z</time></trkpt>
<trkpt lat="-27.484319" lon="152.943983"><ele>76</ele><time>2026-01-01T00:43:28Z</time></trkpt>
<trkpt lat="-27.484364" lon="152.943956"><ele>75.8</ele><time>2026-01-01T00:43:31Z</time></trkpt>
<trkpt lat="-27.484384" lon="152.943947"><ele>75.4</ele><time>2026-01-01T00:43:33Z</time></trkpt>
<trkpt lat="-27.484384" lon="152.943956"><ele>74.8</ele><time>2026-01-01T00:43:36Z</time></trkpt>
<trkpt lat="-27.484384" lon="152.943956"><ele>74.8</ele><time>2026-01-01T00:43:39Z</time></trkpt>
<trkpt lat="-27.484368" lon="152.943972"><ele>74.8</ele><time>2026-01-01T00:43:44Z</time></trkpt>
<trkpt lat="-27.48439" lon="152.943938"><ele>74.8</ele><time>2026-01-01T00:43:50Z</time></trkpt>
<trkpt lat="-27.484389" lon="152.943932"><ele>74.6</ele><time>2026-01-01T00:43:52Z</time></trkpt>
<trkpt lat="-27.484362" lon="152.943934"><ele>74.6</ele><time>2026-01-01T00:43:57Z</time></trkpt>
<trkpt lat="-27.484356" lon="152.94394"><ele>74.8</ele><time>2026-01-01T00:44:00Z</time></trkpt>
<trkpt lat="-27.48434" lon="152.94394"><ele>75</ele><time>2026-01-01T00:44:07Z</time></trkpt>
<trkpt lat="-27.48434" lon="152.94394"><ele>75</ele><time>2026-01-01T00:44:08Z</time></trkpt>
<trkpt lat="-27.48434" lon="152.94394"><ele>74.8</ele><time>2026-01-01T00:44:16Z</time></trkpt>
<trkpt lat="-27.484355" lon="152.943934"><ele>74.8</ele><time>2026-01-01T00:44:23Z</time></trkpt>
<trkpt lat="-27.484397" lon="152.943915"><ele>73.4</ele><time>2026-01-01T00:44:28Z</time></trkpt>
<trkpt lat="-27.48441" lon="152.943918"><ele>73.4</ele><time>2026-01-01T00:44:29Z</time></trkpt>
<trkpt lat="-27.484443" lon="152.943908"><ele>73.4</ele><time>2026-01-01T00:44:31Z</time></trkpt>
<trkpt lat="-27.484494" lon="152.94388"><ele>74.2</ele><time>2026-01-01T00:44:34Z</time></trkpt>
<trkpt lat="-27.484507" lon="152.943873"><ele>74.4</ele><time>2026-01-01T00:44:35Z</time></trkpt>
<trkpt lat="-27.484557" lon="152.943865"><ele>75.6</ele><time>2026-01-01T00:44:38Z</time></trkpt>
<trkpt lat="-27.48459" lon="152.943842"><ele>76.8</ele><time>2026-01-01T00:44:41Z</time></trkpt>
<trkpt lat="-27.484609" lon="152.943832"><ele>77.2</ele><time>2026-01-01T00:44:42Z</time></trkpt>
<trkpt lat="-27.484635" lon="152.94382"><ele>77.8</ele><time>2026-01-01T00:44:45Z</time></trkpt>
<trkpt lat="-27.484701" lon="152.943788"><ele>78.8</ele><time>2026-01-01T00:44:49Z</time></trkpt>
<trkpt lat="-27.484728" lon="152.943787"><ele>80</ele><time>2026-01-01T00:44:52Z</time></trkpt>
<trkpt lat="-27.484749" lon="152.94378"><ele>80.4</ele><time>2026-01-01T00:44:54Z</time></trkpt>
<trkpt lat="-27.48478" lon="152.943773"><ele>81.2</ele><time>2026-01-01T00:44:57Z</time></trkpt>
<trkpt lat="-27.484796" lon="152.943781"><ele>82</ele><time>2026-01-01T00:44:59Z</time></trkpt>
<trkpt lat="-27.484811" lon="152.9438"><ele>82.4</ele><time>2026-01-01T00:45:01Z</time></trkpt>
<trkpt lat="-27.484835" lon="152.943828"><ele>82.8</ele><time>2026-01-01T00:45:03Z</time></trkpt>
<trkpt lat="-27.484845" lon="152.943839"><ele>83.2</ele><time>2026-01-01T00:45:04Z</time></trkpt>
<trkpt lat="-27.484859" lon="152.943845"><ele>83.4</ele><time>2026-01-01T00:45:05Z</time></trkpt>
<trkpt lat="-27.484882" lon="152.943883"><ele>84.6</ele><time>2026-01-01T00:45:09Z</time></trkpt>
<trkpt lat="-27.484894" lon="152.943905"><ele>85.4</ele><time>2026-01-01T00:45:12Z</time></trkpt>
<trkpt lat="-27.484898" lon="152.94392"><ele>85.8</ele><time>2026-01-01T00:45:13Z</time></trkpt>
<trkpt lat="-27.484926" lon="152.943962"><ele>87</ele><time>2026-01-01T00:45:17Z</time></trkpt>
<trkpt lat="-27.484976" lon="152.943956"><ele>87.8</ele><time>2026-01-01T00:45:21Z</time></trkpt>
<trkpt lat="-27.48498" lon="152.943955"><ele>88</ele><time>2026-01-01T00:45:22Z</time></trkpt>
<trkpt lat="-27.485064" lon="152.94398"><ele>89.2</ele><time>2026-01-01T00:45:28Z</time></trkpt>
<trkpt lat="-27.485087" lon="152.944034"><ele>90.2</ele><time>2026-01-01T00:45:34Z</time></trkpt>
<trkpt lat="-27.485083" lon="152.944037"><ele>90.4</ele><time>2026-01-01T00:45:35Z</time></trkpt>
<trkpt lat="-27.48508" lon="152.944051"><ele>91.2</ele><time>2026-01-01T00:45:37Z</time></trkpt>
<trkpt lat="-27.48508" lon="152.944064"><ele>91.6</ele><time>2026-01-01T00:45:38Z</time></trkpt>
<trkpt lat="-27.485039" lon="152.944135"><ele>92.8</ele><time>2026-01-01T00:45:45Z</time></trkpt>
<trkpt lat="-27.485024" lon="152.944155"><ele>93.4</ele><time>2026-01-01T00:45:47Z</time></trkpt>
<trkpt lat="-27.485" lon="152.944165"><ele>94</ele><time>2026-01-01T00:45:49Z</time></trkpt>
<trkpt lat="-27.485002" lon="152.944192"><ele>95.2</ele><time>2026-01-01T00:45:52Z</time></trkpt>
<trkpt lat="-27.484982" lon="152.944275"><ele>95.4</ele><time>2026-01-01T00:45:55Z</time></trkpt>
<trkpt lat="-27.484976" lon="152.944315"><ele>96.4</ele><time>2026-01-01T00:46:00Z</time></trkpt>
<trkpt lat="-27.48498" lon="152.944325"><ele>96.6</ele><time>2026-01-01T00:46:01Z</time></trkpt>
<trkpt lat="-27.484988" lon="152.944358"><ele>97.4</ele><time>2026-01-01T00:46:03Z</time></trkpt>
<trkpt lat="-27.484991" lon="152.944371"><ele>97.4</ele><time>2026-01-01T00:46:04Z</time></trkpt>
<trkpt lat="-27.484986" lon="152.944449"><ele>98.4</ele><time>2026-01-01T00:46:10Z</time></trkpt>
<trkpt lat="-27.484985" lon="152.944464"><ele>98.6</ele><time>2026-01-01T00:46:11Z</time></trkpt>
<trkpt lat="-27.484988" lon="152.944524"><ele>99.2</ele><time>2026-01-01T00:46:14Z</time></trkpt>
<trkpt lat="-27.484994" lon="152.944557"><ele>99.6</ele><time>2026-01-01T00:46:16Z</time></trkpt>
<trkpt lat="-27.485016" lon="152.944607"><ele>100.6</ele><time>2026-01-01T00:46:19Z</time></trkpt>
<trkpt lat="-27.485048" lon="152.944652"><ele>101.4</ele><time>2026-01-01T00:46:22Z</time></trkpt>
<trkpt lat="-27.48506" lon="152.944672"><ele>101.8</ele><time>2026-01-01T00:46:23Z</time></trkpt>
<trkpt lat="-27.485067" lon="152.94469"><ele>101.8</ele><time>2026-01-01T00:46:24Z</time></trkpt>
<trkpt lat="-27.485072" lon="152.944717"><ele>101.8</ele><time>2026-01-01T00:46:25Z</time></trkpt>
<trkpt lat="-27.485098" lon="152.944768"><ele>102.8</ele><time>2026-01-01T00:46:30Z</time></trkpt>
<trkpt lat="-27.485117" lon="152.944821"><ele>103.6</ele><time>2026-01-01T00:46:33Z</time></trkpt>
<trkpt lat="-27.485124" lon="152.944839"><ele>104</ele><time>2026-01-01T00:46:34Z</time></trkpt>
<trkpt lat="-27.485138" lon="152.944883"><ele>105.2</ele><time>2026-01-01T00:46:38Z</time></trkpt>
<trkpt lat="-27.485174" lon="152.944954"><ele>105.6</ele><time>2026-01-01T00:46:42Z</time></trkpt>
<trkpt lat="-27.485208" lon="152.944988"><ele>106.6</ele><time>2026-01-01T00:46:45Z</time></trkpt>
<trkpt lat="-27.485242" lon="152.945025"><ele>107.4</ele><time>2026-01-01T00:46:48Z</time></trkpt>
<trkpt lat="-27.48525" lon="152.945038"><ele>107.6</ele><time>2026-01-01T00:46:49Z</time></trkpt>
<trkpt lat="-27.485266" lon="152.945053"><ele>107.6</ele><time>2026-01-01T00:46:50Z</time></trkpt>
<trkpt lat="-27.485298" lon="152.945077"><ele>107.6</ele><time>2026-01-01T00:46:52Z</time></trkpt>
<trkpt lat="-27.485341" lon="152.945102"><ele>108.8</ele><time>2026-01-01T00:46:55Z</time></trkpt>
<trkpt lat="-27.485407" lon="152.945151"><ele>109.8</ele><time>2026-01-01T00:46:59Z</time></trkpt>
<trkpt lat="-27.48542" lon="152.945168"><ele>110</ele><time>2026-01-01T00:47:00Z</time></trkpt>
<trkpt lat="-27.485446" lon="152.945197"><ele>111</ele><time>2026-01-01T00:47:02Z</time></trkpt>
<trkpt lat="-27.485504" lon="152.945266"><ele>112</ele><time>2026-01-01T00:47:06Z</time></trkpt>
<trkpt lat="-27.485515" lon="152.945278"><ele>112.4</ele><time>2026-01-01T00:47:07Z</time></trkpt>
<trkpt lat="-27.48556" lon="152.945328"><ele>113.6</ele><time>2026-01-01T00:47:10Z</time></trkpt>
<trkpt lat="-27.485655" lon="152.945482"><ele>114.4</ele><time>2026-01-01T00:47:17Z</time></trkpt>
<trkpt lat="-27.485675" lon="152.945491"><ele>114.6</ele><time>2026-01-01T00:47:18Z</time></trkpt>
<trkpt lat="-27.485698" lon="152.945496"><ele>115</ele><time>2026-01-01T00:47:19Z</time></trkpt>
<trkpt lat="-27.485736" lon="152.945524"><ele>115.6</ele><time>2026-01-01T00:47:21Z</time></trkpt>
<trkpt lat="-27.485791" lon="152.94556"><ele>116</ele><time>2026-01-01T00:47:24Z</time></trkpt>
<trkpt lat="-27.485826" lon="152.945613"><ele>116.8</ele><time>2026-01-01T00:47:27Z</time></trkpt>
<trkpt lat="-27.485857" lon="152.945682"><ele>118</ele><time>2026-01-01T00:47:30Z</time></trkpt>
<trkpt lat="-27.485869" lon="152.945704"><ele>118.2</ele><time>2026-01-01T00:47:31Z</time></trkpt>
<trkpt lat="-27.485897" lon="152.945728"><ele>118.8</ele><time>2026-01-01T00:47:33Z</time></trkpt>
<trkpt lat="-27.485912" lon="152.945735"><ele>119</ele><time>2026-01-01T00:47:34Z</time></trkpt>
<trkpt lat="-27.485956" lon="152.945757"><ele>120.4</ele><time>2026-01-01T00:47:37Z</time></trkpt>
<trkpt lat="-27.485998" lon="152.945796"><ele>120.8</ele><time>2026-01-01T00:47:40Z</time></trkpt>
<trkpt lat="-27.486023" lon="152.945828"><ele>121.4</ele><time>2026-01-01T00:47:42Z</time></trkpt>
<trkpt lat="-27.486062" lon="152.945851"><ele>122.6</ele><time>2026-01-01T00:47:45Z</time></trkpt>
<trkpt lat="-27.486072" lon="152.945863"><ele>123.2</ele><time>2026-01-01T00:47:46Z</time></trkpt>
<trkpt lat="-27.486083" lon="152.945871"><ele>123.8</ele><time>2026-01-01T00:47:47Z</time></trkpt>
<trkpt lat="-27.486127" lon="152.945911"><ele>124.2</ele><time>2026-01-01T00:47:51Z</time></trkpt>
<trkpt lat="-27.486147" lon="152.945938"><ele>124.8</ele><time>2026-01-01T00:47:53Z</time></trkpt>
<trkpt lat="-27.486158" lon="152.945952"><ele>125</ele><time>2026-01-01T00:47:54Z</time></trkpt>
<trkpt lat="-27.486187" lon="152.945979"><ele>125.4</ele><time>2026-01-01T00:47:56Z</time></trkpt>
<trkpt lat="-27.4862" lon="152.946024"><ele>126</ele><time>2026-01-01T00:47:59Z</time></trkpt>
<trkpt lat="-27.486246" lon="152.946088"><ele>127</ele><time>2026-01-01T00:48:05Z</time></trkpt>
<trkpt lat="-27.486252" lon="152.946139"><ele>128.2</ele><time>2026-01-01T00:48:09Z</time></trkpt>
<trkpt lat="-27.486237" lon="152.946218"><ele>129</ele><time>2026-01-01T00:48:15Z</time></trkpt>
<trkpt lat="-27.486233" lon="152.946233"><ele>129.2</ele><time>2026-01-01T00:48:16Z</time></trkpt>
<trkpt lat="-27.486245" lon="152.946375"><ele>129.8</ele><time>2026-01-01T00:48:22Z</time></trkpt>
<trkpt lat="-27.486251" lon="152.946399"><ele>129.8</ele><time>2026-01-01T00:48:23Z</time></trkpt>
<trkpt lat="-27.486281" lon="152.946535"><ele>130.4</ele><time>2026-01-01T00:48:29Z</time></trkpt>
<trkpt lat="-27.486281" lon="152.946572"><ele>130.6</ele><time>2026-01-01T00:48:31Z</time></trkpt>
<trkpt lat="-27.486289" lon="152.94678"><ele>131.2</ele><time>2026-01-01T00:48:39Z</time></trkpt>
<trkpt lat="-27.486334" lon="152.946957"><ele>131.4</ele><time>2026-01-01T00:48:47Z</time></trkpt>
<trkpt lat="-27.486355" lon="152.947015"><ele>131.4</ele><time>2026-01-01T00:48:50Z</time></trkpt>
<trkpt lat="-27.486395" lon="152.947124"><ele>131.8</ele><time>2026-01-01T00:48:54Z</time></trkpt>
<trkpt lat="-27.486495" lon="152.94726"><ele>132.6</ele><time>2026-01-01T00:49:01Z</time></trkpt>
<trkpt lat="-27.486508" lon="152.947448"><ele>132.8</ele><time>2026-01-01T00:49:08Z</time></trkpt>
<trkpt lat="-27.486506" lon="152.947469"><ele>133.2</ele><time>2026-01-01T00:49:09Z</time></trkpt>
<trkpt lat="-27.486504" lon="152.947539"><ele>133.6</ele><time>2026-01-01T00:49:11Z</time></trkpt>
<trkpt lat="-27.486523" lon="152.947576"><ele>134.6</ele><time>2026-01-01T00:49:14Z</time></trkpt>
<trkpt lat="-27.486519" lon="152.947621"><ele>135.4</ele><time>2026-01-01T00:49:16Z</time></trkpt>
<trkpt lat="-27.486517" lon="152.947644"><ele>135.6</ele><time>2026-01-01T00:49:17Z</time></trkpt>
<trkpt lat="-27.48655" lon="152.94775"><ele>136.6</ele><time>2026-01-01T00:49:22Z</time></trkpt>
<trkpt lat="-27.486556" lon="152.94777"><ele>136.8</ele><time>2026-01-01T00:49:23Z</time></trkpt>
<trkpt lat="-27.486598" lon="152.947828"><ele>137.4</ele><time>2026-01-01T00:49:26Z</time></trkpt>
<trkpt lat="-27.486722" lon="152.947973"><ele>137.4</ele><time>2026-01-01T00:49:35Z</time></trkpt>
<trkpt lat="-27.486833" lon="152.948068"><ele>137.4</ele><time>2026-01-01T00:49:41Z</time></trkpt>
<trkpt lat="-27.486886" lon="152.948108"><ele>137.4</ele><time>2026-01-01T00:49:44Z</time></trkpt>
<trkpt lat="-27.486931" lon="152.94811"><ele>137.6</ele><time>2026-01-01T00:49:46Z</time></trkpt>
<trkpt lat="-27.486973" lon="152.948189"><ele>137.8</ele><time>2026-01-01T00:49:53Z</time></trkpt>
<trkpt lat="-27.486982" lon="152.948195"><ele>138.2</ele><time>2026-01-01T00:49:54Z</time></trkpt>
<trkpt lat="-27.487012" lon="152.948251"><ele>139</ele><time>2026-01-01T00:49:58Z</time></trkpt>
<trkpt lat="-27.487052" lon="152.948313"><ele>140</ele><time>2026-01-01T00:50:03Z</time></trkpt>
<trkpt lat="-27.487054" lon="152.94832"><ele>140.2</ele><time>2026-01-01T00:50:04Z</time></trkpt>
<trkpt lat="-27.487075" lon="152.948368"><ele>141.4</ele><time>2026-01-01T00:50:08Z</time></trkpt>
<trkpt lat="-27.487104" lon="152.948439"><ele>141.8</ele><time>2026-01-01T00:50:13Z</time></trkpt>
<trkpt lat="-27.487135" lon="152.948479"><ele>142.6</ele><time>2026-01-01T00:50:17Z</time></trkpt>
<trkpt lat="-27.487156" lon="152.948501"><ele>143.6</ele><time>2026-01-01T00:50:20Z</time></trkpt>
<trkpt lat="-27.487164" lon="152.948509"><ele>144</ele><time>2026-01-01T00:50:21Z</time></trkpt>
<trkpt lat="-27.487178" lon="152.94853"><ele>144.8</ele><time>2026-01-01T00:50:23Z</time></trkpt>
<trkpt lat="-27.487203" lon="152.948576"><ele>145.8</ele><time>2026-01-01T00:50:27Z</time></trkpt>
<trkpt lat="-27.487205" lon="152.948586"><ele>146.4</ele><time>2026-01-01T00:50:28Z</time></trkpt>
<trkpt lat="-27.487224" lon="152.948608"><ele>146.8</ele><time>2026-01-01T00:50:30Z</time></trkpt>
<trkpt lat="-27.487272" lon="152.948695"><ele>148</ele><time>2026-01-01T00:50:36Z</time></trkpt>
<trkpt lat="-27.487278" lon="152.94874"><ele>149</ele><time>2026-01-01T00:50:40Z</time></trkpt>
<trkpt lat="-27.48728" lon="152.948743"><ele>149.4</ele><time>2026-01-01T00:50:41Z</time></trkpt>
<trkpt lat="-27.487272" lon="152.948734"><ele>149.6</ele><time>2026-01-01T00:50:42Z</time></trkpt>
<trkpt lat="-27.48725" lon="152.948717"><ele>150.2</ele><time>2026-01-01T00:50:45Z</time></trkpt>
<trkpt lat="-27.48722" lon="152.94869"><ele>151.4</ele><time>2026-01-01T00:50:48Z</time></trkpt>
<trkpt lat="-27.487165" lon="152.948665"><ele>152.6</ele><time>2026-01-01T00:50:53Z</time></trkpt>
<trkpt lat="-27.487124" lon="152.948652"><ele>153.2</ele><time>2026-01-01T00:50:57Z</time></trkpt>
<trkpt lat="-27.487085" lon="152.948627"><ele>153.6</ele><time>2026-01-01T00:51:01Z</time></trkpt>
<trkpt lat="-27.486974" lon="152.948588"><ele>154.6</ele><time>2026-01-01T00:51:08Z</time></trkpt>
<trkpt lat="-27.486872" lon="152.948572"><ele>155.8</ele><time>2026-01-01T00:51:15Z</time></trkpt>
<trkpt lat="-27.48682" lon="152.948571"><ele>156.6</ele><time>2026-01-01T00:51:19Z</time></trkpt>
<trkpt lat="-27.486805" lon="152.948577"><ele>157</ele><time>2026-01-01T00:51:20Z</time></trkpt>
<trkpt lat="-27.48668" lon="152.948603"><ele>158</ele><time>2026-01-01T00:51:27Z</time></trkpt>
<trkpt lat="-27.486658" lon="152.948611"><ele>158.2</ele><time>2026-01-01T00:51:28Z</time></trkpt>
<trkpt lat="-27.486545" lon="152.948681"><ele>159</ele><time>2026-01-01T00:51:34Z</time></trkpt>
<trkpt lat="-27.486442" lon="152.948737"><ele>158.6</ele><time>2026-01-01T00:51:39Z</time></trkpt>
<trkpt lat="-27.486419" lon="152.948746"><ele>158</ele><time>2026-01-01T00:51:40Z</time></trkpt>
<trkpt lat="-27.486358" lon="152.948766"><ele>156.8</ele><time>2026-01-01T00:51:42Z</time></trkpt>
<trkpt lat="-27.486294" lon="152.948798"><ele>155.6</ele><time>2026-01-01T00:51:45Z</time></trkpt>
<trkpt lat="-27.486233" lon="152.948816"><ele>155.2</ele><time>2026-01-01T00:51:47Z</time></trkpt>
<trkpt lat="-27.486123" lon="152.948871"><ele>154.4</ele><time>2026-01-01T00:51:52Z</time></trkpt>
<trkpt lat="-27.486067" lon="152.948911"><ele>153.4</ele><time>2026-01-01T00:51:55Z</time></trkpt>
<trkpt lat="-27.486056" lon="152.948926"><ele>153</ele><time>2026-01-01T00:51:56Z</time></trkpt>
<trkpt lat="-27.486002" lon="152.948943"><ele>152</ele><time>2026-01-01T00:51:58Z</time></trkpt>
<trkpt lat="-27.485898" lon="152.94899"><ele>151.8</ele><time>2026-01-01T00:52:02Z</time></trkpt>
<trkpt lat="-27.485794" lon="152.949027"><ele>152.2</ele><time>2026-01-01T00:52:07Z</time></trkpt>
<trkpt lat="-27.485763" lon="152.949025"><ele>152.6</ele><time>2026-01-01T00:52:10Z</time></trkpt>
<trkpt lat="-27.48576" lon="152.948998"><ele>152.6</ele><time>2026-01-01T00:52:12Z</time></trkpt>
<trkpt lat="-27.485684" lon="152.948899"><ele>152.8</ele><time>2026-01-01T00:52:18Z</time></trkpt>
<trkpt lat="-27.485634" lon="152.948852"><ele>153</ele><time>2026-01-01T00:52:21Z</time></trkpt>
<trkpt lat="-27.485611" lon="152.948831"><ele>153.6</ele><time>2026-01-01T00:52:23Z</time></trkpt>
<trkpt lat="-27.485583" lon="152.948806"><ele>154</ele><time>2026-01-01T00:52:25Z</time></trkpt>
<trkpt lat="-27.48544" lon="152.948681"><ele>154</ele><time>2026-01-01T00:52:31Z</time></trkpt>
<trkpt lat="-27.485332" lon="152.948619"><ele>154</ele><time>2026-01-01T00:52:36Z</time></trkpt>
<trkpt lat="-27.48527" lon="152.948565"><ele>154.8</ele><time>2026-01-01T00:52:40Z</time></trkpt>
<trkpt lat="-27.485197" lon="152.948441"><ele>153.8</ele><time>2026-01-01T00:52:46Z</time></trkpt>
<trkpt lat="-27.485056" lon="152.948339"><ele>153.2</ele><time>2026-01-01T00:52:53Z</time></trkpt>
<trkpt lat="-27.484949" lon="152.948372"><ele>154</ele><time>2026-01-01T00:52:58Z</time></trkpt>
<trkpt lat="-27.484923" lon="152.948408"><ele>154.4</ele><time>2026-01-01T00:53:00Z</time></trkpt>
<trkpt lat="-27.484885" lon="152.948514"><ele>154.8</ele><time>2026-01-01T00:53:03Z</time></trkpt>
<trkpt lat="-27.484876" lon="152.948533"><ele>155</ele><time>2026-01-01T00:53:04Z</time></trkpt>
<trkpt lat="-27.484864" lon="152.948565"><ele>156</ele><time>2026-01-01T00:53:06Z</time></trkpt>
<trkpt lat="-27.484866" lon="152.94858"><ele>156.2</ele><time>2026-01-01T00:53:07Z</time></trkpt>
<trkpt lat="-27.484843" lon="152.948636"><ele>157</ele><time>2026-01-01T00:53:10Z</time></trkpt>
<trkpt lat="-27.484837" lon="152.948665"><ele>157.4</ele><time>2026-01-01T00:53:11Z</time></trkpt>
<trkpt lat="-27.484754" lon="152.948854"><ele>158.2</ele><time>2026-01-01T00:53:18Z</time></trkpt>
<trkpt lat="-27.484745" lon="152.948878"><ele>158.2</ele><time>2026-01-01T00:53:19Z</time></trkpt>
<trkpt lat="-27.484731" lon="152.94899"><ele>158</ele><time>2026-01-01T00:53:23Z</time></trkpt>
<trkpt lat="-27.484725" lon="152.949008"><ele>158.2</ele><time>2026-01-01T00:53:24Z</time></trkpt>
<trkpt lat="-27.484711" lon="152.949088"><ele>158.6</ele><time>2026-01-01T00:53:28Z</time></trkpt>
<trkpt lat="-27.484698" lon="152.949231"><ele>159.8</ele><time>2026-01-01T00:53:34Z</time></trkpt>
<trkpt lat="-27.484689" lon="152.94925"><ele>159.8</ele><time>2026-01-01T00:53:35Z</time></trkpt>
<trkpt lat="-27.484665" lon="152.949311"><ele>160.4</ele><time>2026-01-01T00:53:38Z</time></trkpt>
<trkpt lat="-27.484652" lon="152.94934"><ele>161</ele><time>2026-01-01T00:53:39Z</time></trkpt>
<trkpt lat="-27.484626" lon="152.949378"><ele>161.4</ele><time>2026-01-01T00:53:41Z</time></trkpt>
<trkpt lat="-27.484602" lon="152.949425"><ele>162</ele><time>2026-01-01T00:53:44Z</time></trkpt>
<trkpt lat="-27.484575" lon="152.949464"><ele>162.6</ele><time>2026-01-01T00:53:47Z</time></trkpt>
<trkpt lat="-27.484519" lon="152.949545"><ele>163.2</ele><time>2026-01-01T00:53:52Z</time></trkpt>
<trkpt lat="-27.48451" lon="152.94958"><ele>163.4</ele><time>2026-01-01T00:53:53Z</time></trkpt>
<trkpt lat="-27.484463" lon="152.949646"><ele>164.4</ele><time>2026-01-01T00:53:56Z</time></trkpt>
<trkpt lat="-27.48443" lon="152.949706"><ele>165.4</ele><time>2026-01-01T00:53:59Z</time></trkpt>
<trkpt lat="-27.484407" lon="152.94975"><ele>166</ele><time>2026-01-01T00:54:01Z</time></trkpt>
<trkpt lat="-27.484382" lon="152.949798"><ele>166.8</ele><time>2026-01-01T00:54:03Z</time></trkpt>
<trkpt lat="-27.484334" lon="152.949852"><ele>167.8</ele><time>2026-01-01T00:54:06Z</time></trkpt>
<trkpt lat="-27.484287" lon="152.949944"><ele>168.8</ele><time>2026-01-01T00:54:10Z</time></trkpt>
<trkpt lat="-27.48428" lon="152.949953"><ele>169.2</ele><time>2026-01-01T00:54:11Z</time></trkpt>
<trkpt lat="-27.484223" lon="152.95002"><ele>170</ele><time>2026-01-01T00:54:16Z</time></trkpt>
<trkpt lat="-27.484217" lon="152.950035"><ele>170.2</ele><time>2026-01-01T00:54:17Z</time></trkpt>
<trkpt lat="-27.484199" lon="152.950107"><ele>171.2</ele><time>2026-01-01T00:54:21Z</time></trkpt>
<trkpt lat="-27.484175" lon="152.950174"><ele>172.4</ele><time>2026-01-01T00:54:24Z</time></trkpt>
<trkpt lat="-27.48417" lon="152.950299"><ele>173.4</ele><time>2026-01-01T00:54:28Z</time></trkpt>
<trkpt lat="-27.484163" lon="152.95037"><ele>174.6</ele><time>2026-01-01T00:54:31Z</time></trkpt>
<trkpt lat="-27.484165" lon="152.950389"><ele>174.8</ele><time>2026-01-01T00:54:32Z</time></trkpt>
<trkpt lat="-27.484167" lon="152.950434"><ele>175.6</ele><time>2026-01-01T00:54:35Z</time></trkpt>
<trkpt lat="-27.484166" lon="152.950443"><ele>176</ele><time>2026-01-01T00:54:36Z</time></trkpt>
<trkpt lat="-27.484163" lon="152.950471"><ele>176.6</ele><time>2026-01-01T00:54:38Z</time></trkpt>
<trkpt lat="-27.48417" lon="152.950511"><ele>177</ele><time>2026-01-01T00:54:40Z</time></trkpt>
<trkpt lat="-27.484178" lon="152.950539"><ele>177.8</ele><time>2026-01-01T00:54:42Z</time></trkpt>
<trkpt lat="-27.484185" lon="152.950606"><ele>179</ele><time>2026-01-01T00:54:45Z</time></trkpt>
<trkpt lat="-27.484213" lon="152.950686"><ele>180.2</ele><time>2026-01-01T00:54:49Z</time></trkpt>
<trkpt lat="-27.484216" lon="152.950711"><ele>180.8</ele><time>2026-01-01T00:54:50Z</time></trkpt>
<trkpt lat="-27.484238" lon="152.950755"><ele>181.6</ele><time>2026-01-01T00:54:52Z</time></trkpt>
<trkpt lat="-27.484255" lon="152.950815"><ele>182</ele><time>2026-01-01T00:54:55Z</time></trkpt>
<trkpt lat="-27.484287" lon="152.950875"><ele>182.8</ele><time>2026-01-01T00:54:58Z</time></trkpt>
<trkpt lat="-27.484299" lon="152.950891"><ele>183</ele><time>2026-01-01T00:54:59Z</time></trkpt>
<trkpt lat="-27.484323" lon="152.950946"><ele>184</ele><time>2026-01-01T00:55:02Z</time></trkpt>
<trkpt lat="-27.484379" lon="152.951045"><ele>184.4</ele><time>2026-01-01T00:55:06Z</time></trkpt>
<trkpt lat="-27.484423" lon="152.951094"><ele>185.4</ele><time>2026-01-01T00:55:09Z</time></trkpt>
<trkpt lat="-27.484496" lon="152.951184"><ele>186.4</ele><time>2026-01-01T00:55:14Z</time></trkpt>
<trkpt lat="-27.484508" lon="152.951206"><ele>186.6</ele><time>2026-01-01T00:55:15Z</time></trkpt>
<trkpt lat="-27.484563" lon="152.951353"><ele>187.2</ele><time>2026-01-01T00:55:20Z</time></trkpt>
<trkpt lat="-27.484574" lon="152.951387"><ele>187.6</ele><time>2026-01-01T00:55:22Z</time></trkpt>
<trkpt lat="-27.484604" lon="152.951434"><ele>188.8</ele><time>2026-01-01T00:55:25Z</time></trkpt>
<trkpt lat="-27.484632" lon="152.951481"><ele>190</ele><time>2026-01-01T00:55:28Z</time></trkpt>
<trkpt lat="-27.484647" lon="152.951541"><ele>190.6</ele><time>2026-01-01T00:55:31Z</time></trkpt>
<trkpt lat="-27.484676" lon="152.95164"><ele>191.2</ele><time>2026-01-01T00:55:35Z</time></trkpt>
<trkpt lat="-27.484705" lon="152.951755"><ele>192.2</ele><time>2026-01-01T00:55:40Z</time></trkpt>
<trkpt lat="-27.484728" lon="152.951803"><ele>193.4</ele><time>2026-01-01T00:55:43Z</time></trkpt>
<trkpt lat="-27.484734" lon="152.951818"><ele>193.8</ele><time>2026-01-01T00:55:44Z</time></trkpt>
<trkpt lat="-27.484744" lon="152.951846"><ele>194</ele><time>2026-01-01T00:55:45Z</time></trkpt>
<trkpt lat="-27.48475" lon="152.951871"><ele>194.6</ele><time>2026-01-01T00:55:46Z</time></trkpt>
<trkpt lat="-27.484762" lon="152.95189"><ele>194.8</ele><time>2026-01-01T00:55:47Z</time></trkpt>
<trkpt lat="-27.484785" lon="152.951921"><ele>195.8</ele><time>2026-01-01T00:55:49Z</time></trkpt>
<trkpt lat="-27.484818" lon="152.951971"><ele>197.2</ele><time>2026-01-01T00:55:52Z</time></trkpt>
<trkpt lat="-27.484833" lon="152.952029"><ele>198.6</ele><time>2026-01-01T00:55:55Z</time></trkpt>
<trkpt lat="-27.484866" lon="152.952168"><ele>199.6</ele><time>2026-01-01T00:56:00Z</time></trkpt>
<trkpt lat="-27.484883" lon="152.952239"><ele>200.4</ele><time>2026-01-01T00:56:03Z</time></trkpt>
<trkpt lat="-27.48489" lon="152.952259"><ele>200.8</ele><time>2026-01-01T00:56:04Z</time></trkpt>
<trkpt lat="-27.484932" lon="152.952334"><ele>202</ele><time>2026-01-01T00:56:08Z</time></trkpt>
<trkpt lat="-27.484955" lon="152.952384"><ele>203.2</ele><time>2026-01-01T00:56:11Z</time></trkpt>
<trkpt lat="-27.484971" lon="152.952451"><ele>204</ele><time>2026-01-01T00:56:14Z</time></trkpt>
<trkpt lat="-27.484987" lon="152.952491"><ele>204.4</ele><time>2026-01-01T00:56:16Z</time></trkpt>
<trkpt lat="-27.485005" lon="152.952524"><ele>204.6</ele><time>2026-01-01T00:56:18Z</time></trkpt>
<trkpt lat="-27.48503" lon="152.952614"><ele>205.6</ele><time>2026-01-01T00:56:23Z</time></trkpt>
<trkpt lat="-27.485036" lon="152.952714"><ele>206</ele><time>2026-01-01T00:56:26Z</time></trkpt>
<trkpt lat="-27.485039" lon="152.95277"><ele>206.8</ele><time>2026-01-01T00:56:29Z</time></trkpt>
<trkpt lat="-27.485052" lon="152.952873"><ele>207.8</ele><time>2026-01-01T00:56:34Z</time></trkpt>
<trkpt lat="-27.485058" lon="152.952889"><ele>208</ele><time>2026-01-01T00:56:35Z</time></trkpt>
<trkpt lat="-27.485064" lon="152.952944"><ele>209</ele><time>2026-01-01T00:56:38Z</time></trkpt>
<trkpt lat="-27.485074" lon="152.953041"><ele>210.2</ele><time>2026-01-01T00:56:43Z</time></trkpt>
<trkpt lat="-27.485076" lon="152.953173"><ele>211.2</ele><time>2026-01-01T00:56:49Z</time></trkpt>
<trkpt lat="-27.485075" lon="152.953227"><ele>211.8</ele><time>2026-01-01T00:56:51Z</time></trkpt>
<trkpt lat="-27.485076" lon="152.953255"><ele>212</ele><time>2026-01-01T00:56:52Z</time></trkpt>
<trkpt lat="-27.485077" lon="152.953283"><ele>212.4</ele><time>2026-01-01T00:56:53Z</time></trkpt>
<trkpt lat="-27.485086" lon="152.953341"><ele>213.6</ele><time>2026-01-01T00:56:56Z</time></trkpt>
<trkpt lat="-27.485102" lon="152.953418"><ele>214.8</ele><time>2026-01-01T00:57:00Z</time></trkpt>
<trkpt lat="-27.485111" lon="152.953434"><ele>215.4</ele><time>2026-01-01T00:57:01Z</time></trkpt>
<trkpt lat="-27.485115" lon="152.95345"><ele>216</ele><time>2026-01-01T00:57:02Z</time></trkpt>
<trkpt lat="-27.48512" lon="152.953497"><ele>217.4</ele><time>2026-01-01T00:57:05Z</time></trkpt>
<trkpt lat="-27.485106" lon="152.953528"><ele>218.4</ele><time>2026-01-01T00:57:07Z</time></trkpt>
<trkpt lat="-27.485041" lon="152.953682"><ele>219</ele><time>2026-01-01T00:57:12Z</time></trkpt>
<trkpt lat="-27.48503" lon="152.953696"><ele>219.2</ele><time>2026-01-01T00:57:13Z</time></trkpt>
<trkpt lat="-27.485015" lon="152.953712"><ele>219.8</ele><time>2026-01-01T00:57:14Z</time></trkpt>
<trkpt lat="-27.484962" lon="152.953742"><ele>221.2</ele><time>2026-01-01T00:57:17Z</time></trkpt>
<trkpt lat="-27.484936" lon="152.953773"><ele>221.8</ele><time>2026-01-01T00:57:19Z</time></trkpt>
<trkpt lat="-27.484926" lon="152.953792"><ele>222.2</ele><time>2026-01-01T00:57:20Z</time></trkpt>
<trkpt lat="-27.484889" lon="152.953936"><ele>223.2</ele><time>2026-01-01T00:57:25Z</time></trkpt>
<trkpt lat="-27.484912" lon="152.954049"><ele>224.4</ele><time>2026-01-01T00:57:30Z</time></trkpt>
<trkpt lat="-27.48492" lon="152.954068"><ele>225</ele><time>2026-01-01T00:57:31Z</time></trkpt>
<trkpt lat="-27.484941" lon="152.954116"><ele>225.6</ele><time>2026-01-01T00:57:33Z</time></trkpt>
<trkpt lat="-27.484959" lon="152.954197"><ele>227</ele><time>2026-01-01T00:57:36Z</time></trkpt>
<trkpt lat="-27.48497" lon="152.954283"><ele>228.2</ele><time>2026-01-01T00:57:40Z</time></trkpt>
<trkpt lat="-27.48498" lon="152.954367"><ele>229.6</ele><time>2026-01-01T00:57:44Z</time></trkpt>
<trkpt lat="-27.484962" lon="152.954425"><ele>230.4</ele><time>2026-01-01T00:57:47Z</time></trkpt>
<trkpt lat="-27.484946" lon="152.954483"><ele>230.6</ele><time>2026-01-01T00:57:49Z</time></trkpt>
<trkpt lat="-27.484939" lon="152.954581"><ele>232</ele><time>2026-01-01T00:57:53Z</time></trkpt>
<trkpt lat="-27.484932" lon="152.954615"><ele>232.6</ele><time>2026-01-01T00:57:55Z</time></trkpt>
<trkpt lat="-27.484933" lon="152.954644"><ele>233</ele><time>2026-01-01T00:57:56Z</time></trkpt>
<trkpt lat="-27.484926" lon="152.954704"><ele>234.4</ele><time>2026-01-01T00:57:59Z</time></trkpt>
<trkpt lat="-27.484905" lon="152.954755"><ele>235.4</ele><time>2026-01-01T00:58:02Z</time></trkpt>
<trkpt lat="-27.484897" lon="152.954778"><ele>235.6</ele><time>2026-01-01T00:58:03Z</time></trkpt>
<trkpt lat="-27.484879" lon="152.954854"><ele>236.8</ele><time>2026-01-01T00:58:06Z</time></trkpt>
<trkpt lat="-27.48485" lon="152.95492"><ele>238.2</ele><time>2026-01-01T00:58:09Z</time></trkpt>
<trkpt lat="-27.484872" lon="152.954973"><ele>238.8</ele><time>2026-01-01T00:58:14Z</time></trkpt>
<trkpt lat="-27.484893" lon="152.954979"><ele>238.8</ele><time>2026-01-01T00:58:17Z</time></trkpt>
<trkpt lat="-27.484912" lon="152.954978"><ele>238.6</ele><time>2026-01-01T00:58:22Z</time></trkpt>
<trkpt lat="-27.484903" lon="152.955001"><ele>238.4</ele><time>2026-01-01T00:58:30Z</time></trkpt>
<trkpt lat="-27.48481" lon="152.955028"><ele>238.2</ele><time>2026-01-01T00:58:39Z</time></trkpt>
<trkpt lat="-27.48475" lon="152.9551"><ele>239</ele><time>2026-01-01T00:58:47Z</time></trkpt>
<trkpt lat="-27.484706" lon="152.955142"><ele>239</ele><time>2026-01-01T00:58:54Z</time></trkpt>
<trkpt lat="-27.484698" lon="152.955149"><ele>239</ele><time>2026-01-01T00:58:55Z</time></trkpt>
<trkpt lat="-27.484693" lon="152.955157"><ele>239.2</ele><time>2026-01-01T00:58:56Z</time></trkpt>
<trkpt lat="-27.484638" lon="152.955237"><ele>239.8</ele><time>2026-01-01T00:59:05Z</time></trkpt>
<trkpt lat="-27.484618" lon="152.955259"><ele>239.8</ele><time>2026-01-01T00:59:11Z</time></trkpt>
<trkpt lat="-27.484593" lon="152.955255"><ele>239.6</ele><time>2026-01-01T00:59:18Z</time></trkpt>
<trkpt lat="-27.484555" lon="152.955259"><ele>239.2</ele><time>2026-01-01T00:59:23Z</time></trkpt>
<trkpt lat="-27.484534" lon="152.955263"><ele>239.2</ele><time>2026-01-01T00:59:25Z</time></trkpt>
<trkpt lat="-27.48452" lon="152.955271"><ele>239.2</ele><time>2026-01-01T00:59:27Z</time></trkpt>
<trkpt lat="-27.484477" lon="152.955297"><ele>239</ele><time>2026-01-01T00:59:32Z</time></trkpt>
<trkpt lat="-27.484453" lon="152.955316"><ele>239</ele><time>2026-01-01T00:59:35Z</time></trkpt>
<trkpt lat="-27.484436" lon="152.955336"><ele>239</ele><time>2026-01-01T00:59:38Z</time></trkpt>
<trkpt lat="-27.484433" lon="152.955349"><ele>238.8</ele><time>2026-01-01T00:59:41Z</time></trkpt>
<trkpt lat="-27.484399" lon="152.955371"><ele>238.6</ele><time>2026-01-01T00:59:48Z</time></trkpt>
<trkpt lat="-27.484379" lon="152.955378"><ele>238.6</ele><time>2026-01-01T00:59:50Z</time></trkpt>
<trkpt lat="-27.484349" lon="152.955388"><ele>238.4</ele><time>2026-01-01T00:59:53Z</time></trkpt>
<trkpt lat="-27.484336" lon="152.955396"><ele>238.4</ele><time>2026-01-01T00:59:55Z</time></trkpt>
<trkpt lat="-27.484281" lon="152.955428"><ele>238.2</ele><time>2026-01-01T01:00:02Z</time></trkpt>
<trkpt lat="-27.48427" lon="152.955427"><ele>238.2</ele><time>2026-01-01T01:00:03Z</time></trkpt>
<trkpt lat="-27.484265" lon="152.955424"><ele>238.2</ele><time>2026-01-01T01:00:04Z</time></trkpt>
<trkpt lat="-27.484253" lon="152.95542"><ele>238.2</ele><time>2026-01-01T01:00:07Z</time></trkpt>
<trkpt lat="-27.484228" lon="152.955401"><ele>238.4</ele><time>2026-01-01T01:00:12Z</time></trkpt>
<trkpt lat="-27.484134" lon="152.955371"><ele>238.6</ele><time>2026-01-01T01:00:20Z</time></trkpt>
<trkpt lat="-27.484118" lon="152.955368"><ele>238.6</ele><time>2026-01-01T01:00:21Z</time></trkpt>
<trkpt lat="-27.484063" lon="152.955374"><ele>238.6</ele><time>2026-01-01T01:00:25Z</time></trkpt>
<trkpt lat="-27.484019" lon="152.955386"><ele>238.8</ele><time>2026-01-01T01:00:29Z</time></trkpt>
<trkpt lat="-27.484002" lon="152.955396"><ele>238.8</ele><time>2026-01-01T01:00:31Z</time></trkpt>
<trkpt lat="-27.483994" lon="152.955396"><ele>238.8</ele><time>2026-01-01T01:00:32Z</time></trkpt>
<trkpt lat="-27.483989" lon="152.955394"><ele>238.8</ele><time>2026-01-01T01:00:33Z</time></trkpt>
<trkpt lat="-27.483915" lon="152.955419"><ele>239.2</ele><time>2026-01-01T01:00:39Z</time></trkpt>
<trkpt lat="-27.483877" lon="152.955442"><ele>239.4</ele><time>2026-01-01T01:00:43Z</time></trkpt>
<trkpt lat="-27.483844" lon="152.955456"><ele>239.2</ele><time>2026-01-01T01:00:46Z</time></trkpt>
<trkpt lat="-27.483832" lon="152.955461"><ele>239.2</ele><time>2026-01-01T01:00:47Z</time></trkpt>
<trkpt lat="-27.483808" lon="152.955471"><ele>239.2</ele><time>2026-01-01T01:00:49Z</time></trkpt>
<trkpt lat="-27.483705" lon="152.955532"><ele>239</ele><time>2026-01-01T01:00:59Z</time></trkpt>
<trkpt lat="-27.483601" lon="152.955586"><ele>238.6</ele><time>2026-01-01T01:01:07Z</time></trkpt>
<trkpt lat="-27.483503" lon="152.955682"><ele>238.4</ele><time>2026-01-01T01:01:17Z</time></trkpt>
<trkpt lat="-27.483392" lon="152.955731"><ele>238.2</ele><time>2026-01-01T01:01:26Z</time></trkpt>
<trkpt lat="-27.483383" lon="152.955734"><ele>238.2</ele><time>2026-01-01T01:01:27Z</time></trkpt>
<trkpt lat="-27.483315" lon="152.95575"><ele>238</ele><time>2026-01-01T01:01:32Z</time></trkpt>
<trkpt lat="-27.483304" lon="152.955758"><ele>238</ele><time>2026-01-01T01:01:34Z</time></trkpt>
<trkpt lat="-27.48329" lon="152.955794"><ele>237.6</ele><time>2026-01-01T01:01:38Z</time></trkpt>
<trkpt lat="-27.483291" lon="152.955814"><ele>237.2</ele><time>2026-01-01T01:01:39Z</time></trkpt>
<trkpt lat="-27.483291" lon="152.955836"><ele>237</ele><time>2026-01-01T01:01:40Z</time></trkpt>
<trkpt lat="-27.483281" lon="152.9559"><ele>235.4</ele><time>2026-01-01T01:01:43Z</time></trkpt>
<trkpt lat="-27.483281" lon="152.955923"><ele>234.6</ele><time>2026-01-01T01:01:44Z</time></trkpt>
<trkpt lat="-27.48328" lon="152.95594"><ele>234.2</ele><time>2026-01-01T01:01:45Z</time></trkpt>
<trkpt lat="-27.483277" lon="152.955975"><ele>233</ele><time>2026-01-01T01:01:47Z</time></trkpt>
<trkpt lat="-27.483269" lon="152.956034"><ele>231.6</ele><time>2026-01-01T01:01:50Z</time></trkpt>
<trkpt lat="-27.483265" lon="152.956106"><ele>230</ele><time>2026-01-01T01:01:53Z</time></trkpt>
<trkpt lat="-27.483257" lon="152.956163"><ele>229</ele><time>2026-01-01T01:01:55Z</time></trkpt>
<trkpt lat="-27.48325" lon="152.956179"><ele>228.2</ele><time>2026-01-01T01:01:56Z</time></trkpt>
<trkpt lat="-27.483248" lon="152.956199"><ele>227.8</ele><time>2026-01-01T01:01:57Z</time></trkpt>
<trkpt lat="-27.48325" lon="152.956264"><ele>227.2</ele><time>2026-01-01T01:02:00Z</time></trkpt>
<trkpt lat="-27.483245" lon="152.956302"><ele>226.4</ele><time>2026-01-01T01:02:02Z</time></trkpt>
<trkpt lat="-27.483231" lon="152.956334"><ele>225.8</ele><time>2026-01-01T01:02:04Z</time></trkpt>
<trkpt lat="-27.483212" lon="152.956352"><ele>225.2</ele><time>2026-01-01T01:02:06Z</time></trkpt>
<trkpt lat="-27.483185" lon="152.956371"><ele>224.4</ele><time>2026-01-01T01:02:08Z</time></trkpt>
<trkpt lat="-27.483165" lon="152.956382"><ele>224.2</ele><time>2026-01-01T01:02:10Z</time></trkpt>
<trkpt lat="-27.483123" lon="152.956425"><ele>223.2</ele><time>2026-01-01T01:02:14Z</time></trkpt>
<trkpt lat="-27.48312" lon="152.956441"><ele>223</ele><time>2026-01-01T01:02:15Z</time></trkpt>
<trkpt lat="-27.483112" lon="152.956498"><ele>222.4</ele><time>2026-01-01T01:02:18Z</time></trkpt>
<trkpt lat="-27.483074" lon="152.956551"><ele>221.6</ele><time>2026-01-01T01:02:21Z</time></trkpt>
<trkpt lat="-27.483045" lon="152.956573"><ele>220.6</ele><time>2026-01-01T01:02:23Z</time></trkpt>
<trkpt lat="-27.483004" lon="152.956637"><ele>219.2</ele><time>2026-01-01T01:02:27Z</time></trkpt>
<trkpt lat="-27.482959" lon="152.956704"><ele>218.2</ele><time>2026-01-01T01:02:31Z</time></trkpt>
<trkpt lat="-27.482951" lon="152.956719"><ele>217.8</ele><time>2026-01-01T01:02:32Z</time></trkpt>
<trkpt lat="-27.482934" lon="152.956765"><ele>217.2</ele><time>2026-01-01T01:02:34Z</time></trkpt>
<trkpt lat="-27.482886" lon="152.956846"><ele>216</ele><time>2026-01-01T01:02:38Z</time></trkpt>
<trkpt lat="-27.482866" lon="152.956888"><ele>215.4</ele><time>2026-01-01T01:02:40Z</time></trkpt>
<trkpt lat="-27.482856" lon="152.956905"><ele>214.8</ele><time>2026-01-01T01:02:41Z</time></trkpt>
<trkpt lat="-27.482765" lon="152.957021"><ele>213.6</ele><time>2026-01-01T01:02:46Z</time></trkpt>
<trkpt lat="-27.482752" lon="152.957045"><ele>213.4</ele><time>2026-01-01T01:02:47Z</time></trkpt>
<trkpt lat="-27.482662" lon="152.95717"><ele>212.2</ele><time>2026-01-01T01:02:53Z</time></trkpt>
<trkpt lat="-27.482589" lon="152.957261"><ele>211.2</ele><time>2026-01-01T01:02:58Z</time></trkpt>
<trkpt lat="-27.482567" lon="152.957286"><ele>210.8</ele><time>2026-01-01T01:02:59Z</time></trkpt>
<trkpt lat="-27.482492" lon="152.957351"><ele>210</ele><time>2026-01-01T01:03:03Z</time></trkpt>
<trkpt lat="-27.482404" lon="152.957394"><ele>208.8</ele><time>2026-01-01T01:03:07Z</time></trkpt>
<trkpt lat="-27.482362" lon="152.957394"><ele>207.8</ele><time>2026-01-01T01:03:09Z</time></trkpt>
<trkpt lat="-27.482291" lon="152.957413"><ele>206.6</ele><time>2026-01-01T01:03:12Z</time></trkpt>
<trkpt lat="-27.482275" lon="152.957426"><ele>206.4</ele><time>2026-01-01T01:03:13Z</time></trkpt>
<trkpt lat="-27.482236" lon="152.957468"><ele>205.4</ele><time>2026-01-01T01:03:15Z</time></trkpt>
<trkpt lat="-27.482136" lon="152.957598"><ele>204.4</ele><time>2026-01-01T01:03:21Z</time></trkpt>
<trkpt lat="-27.482122" lon="152.957647"><ele>204.2</ele><time>2026-01-01T01:03:23Z</time></trkpt>
<trkpt lat="-27.482067" lon="152.957702"><ele>204</ele><time>2026-01-01T01:03:26Z</time></trkpt>
<trkpt lat="-27.481922" lon="152.957768"><ele>202.6</ele><time>2026-01-01T01:03:31Z</time></trkpt>
<trkpt lat="-27.481805" lon="152.957829"><ele>201.4</ele><time>2026-01-01T01:03:35Z</time></trkpt>
<trkpt lat="-27.481706" lon="152.957887"><ele>200.2</ele><time>2026-01-01T01:03:39Z</time></trkpt>
<trkpt lat="-27.481676" lon="152.957911"><ele>199.4</ele><time>2026-01-01T01:03:41Z</time></trkpt>
<trkpt lat="-27.481658" lon="152.957927"><ele>199</ele><time>2026-01-01T01:03:42Z</time></trkpt>
<trkpt lat="-27.481615" lon="152.957964"><ele>199</ele><time>2026-01-01T01:03:44Z</time></trkpt>
<trkpt lat="-27.481584" lon="152.958002"><ele>198.6</ele><time>2026-01-01T01:03:46Z</time></trkpt>
<trkpt lat="-27.481462" lon="152.958176"><ele>198.4</ele><time>2026-01-01T01:03:53Z</time></trkpt>
<trkpt lat="-27.481448" lon="152.958199"><ele>198.4</ele><time>2026-01-01T01:03:54Z</time></trkpt>
<trkpt lat="-27.481377" lon="152.958315"><ele>198.4</ele><time>2026-01-01T01:03:59Z</time></trkpt>
<trkpt lat="-27.481363" lon="152.958338"><ele>198.6</ele><time>2026-01-01T01:04:00Z</time></trkpt>
<trkpt lat="-27.481316" lon="152.958384"><ele>198.6</ele><time>2026-01-01T01:04:02Z</time></trkpt>
<trkpt lat="-27.481275" lon="152.958433"><ele>199</ele><time>2026-01-01T01:04:04Z</time></trkpt>
<trkpt lat="-27.481249" lon="152.958505"><ele>199.2</ele><time>2026-01-01T01:04:06Z</time></trkpt>
<trkpt lat="-27.48121" lon="152.958688"><ele>199.8</ele><time>2026-01-01T01:04:12Z</time></trkpt>
<trkpt lat="-27.481129" lon="152.958873"><ele>199.6</ele><time>2026-01-01T01:04:19Z</time></trkpt>
<trkpt lat="-27.481081" lon="152.958893"><ele>199.6</ele><time>2026-01-01T01:04:21Z</time></trkpt>
<trkpt lat="-27.480944" lon="152.959022"><ele>198</ele><time>2026-01-01T01:04:27Z</time></trkpt>
<trkpt lat="-27.480892" lon="152.95905"><ele>197.6</ele><time>2026-01-01T01:04:29Z</time></trkpt>
<trkpt lat="-27.480845" lon="152.959095"><ele>196.8</ele><time>2026-01-01T01:04:32Z</time></trkpt>
<trkpt lat="-27.480812" lon="152.959111"><ele>195.4</ele><time>2026-01-01T01:04:34Z</time></trkpt>
<trkpt lat="-27.48074" lon="152.959128"><ele>194</ele><time>2026-01-01T01:04:37Z</time></trkpt>
<trkpt lat="-27.480709" lon="152.959156"><ele>192.8</ele><time>2026-01-01T01:04:39Z</time></trkpt>
<trkpt lat="-27.480695" lon="152.959168"><ele>192.4</ele><time>2026-01-01T01:04:40Z</time></trkpt>
<trkpt lat="-27.480667" lon="152.959184"><ele>191.6</ele><time>2026-01-01T01:04:42Z</time></trkpt>
<trkpt lat="-27.480626" lon="152.959218"><ele>190.6</ele><time>2026-01-01T01:04:45Z</time></trkpt>
<trkpt lat="-27.480609" lon="152.959224"><ele>190.4</ele><time>2026-01-01T01:04:46Z</time></trkpt>
<trkpt lat="-27.480565" lon="152.959235"><ele>189.4</ele><time>2026-01-01T01:04:48Z</time></trkpt>
<trkpt lat="-27.480549" lon="152.959246"><ele>188.6</ele><time>2026-01-01T01:04:49Z</time></trkpt>
<trkpt lat="-27.480525" lon="152.95926"><ele>188.2</ele><time>2026-01-01T01:04:50Z</time></trkpt>
<trkpt lat="-27.480509" lon="152.959278"><ele>188</ele><time>2026-01-01T01:04:51Z</time></trkpt>
<trkpt lat="-27.480478" lon="152.959307"><ele>187</ele><time>2026-01-01T01:04:53Z</time></trkpt>
<trkpt lat="-27.480446" lon="152.959336"><ele>185.8</ele><time>2026-01-01T01:04:55Z</time></trkpt>
<trkpt lat="-27.480398" lon="152.959413"><ele>184.6</ele><time>2026-01-01T01:04:58Z</time></trkpt>
<trkpt lat="-27.480383" lon="152.959442"><ele>184</ele><time>2026-01-01T01:04:59Z</time></trkpt>
<trkpt lat="-27.480372" lon="152.95947"><ele>183.6</ele><time>2026-01-01T01:05:00Z</time></trkpt>
<trkpt lat="-27.480347" lon="152.959515"><ele>182.4</ele><time>2026-01-01T01:05:02Z</time></trkpt>
<trkpt lat="-27.480308" lon="152.959582"><ele>181</ele><time>2026-01-01T01:05:05Z</time></trkpt>
<trkpt lat="-27.480293" lon="152.959609"><ele>180.6</ele><time>2026-01-01T01:05:06Z</time></trkpt>
<trkpt lat="-27.48024" lon="152.959669"><ele>179.8</ele><time>2026-01-01T01:05:09Z</time></trkpt>
<trkpt lat="-27.480129" lon="152.959758"><ele>179.2</ele><time>2026-01-01T01:05:14Z</time></trkpt>
<trkpt lat="-27.480114" lon="152.959785"><ele>178.8</ele><time>2026-01-01T01:05:15Z</time></trkpt>
<trkpt lat="-27.480013" lon="152.95988"><ele>177.8</ele><time>2026-01-01T01:05:20Z</time></trkpt>
<trkpt lat="-27.479996" lon="152.959905"><ele>177.4</ele><time>2026-01-01T01:05:21Z</time></trkpt>
<trkpt lat="-27.479863" lon="152.960056"><ele>176.8</ele><time>2026-01-01T01:05:28Z</time></trkpt>
<trkpt lat="-27.47985" lon="152.960074"><ele>176.6</ele><time>2026-01-01T01:05:29Z</time></trkpt>
<trkpt lat="-27.479837" lon="152.960085"><ele>176.4</ele><time>2026-01-01T01:05:30Z</time></trkpt>
<trkpt lat="-27.479816" lon="152.960093"><ele>176.2</ele><time>2026-01-01T01:05:31Z</time></trkpt>
<trkpt lat="-27.479704" lon="152.96013"><ele>176.2</ele><time>2026-01-01T01:05:35Z</time></trkpt>
<trkpt lat="-27.479573" lon="152.960199"><ele>175.6</ele><time>2026-01-01T01:05:40Z</time></trkpt>
<trkpt lat="-27.479546" lon="152.960217"><ele>175.6</ele><time>2026-01-01T01:05:41Z</time></trkpt>
<trkpt lat="-27.479501" lon="152.960254"><ele>175</ele><time>2026-01-01T01:05:43Z</time></trkpt>
<trkpt lat="-27.479465" lon="152.960289"><ele>174.4</ele><time>2026-01-01T01:05:45Z</time></trkpt>
<trkpt lat="-27.479356" lon="152.960329"><ele>173.2</ele><time>2026-01-01T01:05:49Z</time></trkpt>
<trkpt lat="-27.479326" lon="152.960331"><ele>173.2</ele><time>2026-01-01T01:05:50Z</time></trkpt>
<trkpt lat="-27.479269" lon="152.960359"><ele>172</ele><time>2026-01-01T01:05:52Z</time></trkpt>
<trkpt lat="-27.479188" lon="152.960414"><ele>170.8</ele><time>2026-01-01T01:05:55Z</time></trkpt>
<trkpt lat="-27.47916" lon="152.960439"><ele>170.6</ele><time>2026-01-01T01:05:56Z</time></trkpt>
<trkpt lat="-27.479068" lon="152.960505"><ele>169.8</ele><time>2026-01-01T01:05:59Z</time></trkpt>
<trkpt lat="-27.479008" lon="152.960595"><ele>169.2</ele><time>2026-01-01T01:06:02Z</time></trkpt>
<trkpt lat="-27.478994" lon="152.960615"><ele>168.8</ele><time>2026-01-01T01:06:03Z</time></trkpt>
<trkpt lat="-27.478906" lon="152.960772"><ele>167.2</ele><time>2026-01-01T01:06:08Z</time></trkpt>
<trkpt lat="-27.478901" lon="152.960803"><ele>166.6</ele><time>2026-01-01T01:06:09Z</time></trkpt>
<trkpt lat="-27.478884" lon="152.960855"><ele>166</ele><time>2026-01-01T01:06:11Z</time></trkpt>
<trkpt lat="-27.478869" lon="152.960917"><ele>164.8</ele><time>2026-01-01T01:06:13Z</time></trkpt>
<trkpt lat="-27.478863" lon="152.96099"><ele>163.6</ele><time>2026-01-01T01:06:15Z</time></trkpt>
<trkpt lat="-27.47886" lon="152.961026"><ele>162.8</ele><time>2026-01-01T01:06:16Z</time></trkpt>
<trkpt lat="-27.47885" lon="152.961074"><ele>162.4</ele><time>2026-01-01T01:06:17Z</time></trkpt>
<trkpt lat="-27.478849" lon="152.96113"><ele>161.4</ele><time>2026-01-01T01:06:19Z</time></trkpt>
<trkpt lat="-27.478859" lon="152.961197"><ele>160.2</ele><time>2026-01-01T01:06:21Z</time></trkpt>
<trkpt lat="-27.47886" lon="152.961249"><ele>159.2</ele><time>2026-01-01T01:06:23Z</time></trkpt>
<trkpt lat="-27.478838" lon="152.961296"><ele>158</ele><time>2026-01-01T01:06:25Z</time></trkpt>
<trkpt lat="-27.478816" lon="152.961329"><ele>157</ele><time>2026-01-01T01:06:27Z</time></trkpt>
<trkpt lat="-27.478779" lon="152.961373"><ele>156.2</ele><time>2026-01-01T01:06:30Z</time></trkpt>
<trkpt lat="-27.478746" lon="152.961416"><ele>155.8</ele><time>2026-01-01T01:06:33Z</time></trkpt>
<trkpt lat="-27.478736" lon="152.961476"><ele>154.6</ele><time>2026-01-01T01:06:35Z</time></trkpt>
<trkpt lat="-27.478728" lon="152.961516"><ele>154.2</ele><time>2026-01-01T01:06:36Z</time></trkpt>
<trkpt lat="-27.478708" lon="152.961584"><ele>153.6</ele><time>2026-01-01T01:06:38Z</time></trkpt>
<trkpt lat="-27.478683" lon="152.961727"><ele>152.8</ele><time>2026-01-01T01:06:42Z</time></trkpt>
<trkpt lat="-27.478683" lon="152.961764"><ele>152.4</ele><time>2026-01-01T01:06:43Z</time></trkpt>
<trkpt lat="-27.478693" lon="152.961912"><ele>151.4</ele><time>2026-01-01T01:06:48Z</time></trkpt>
<trkpt lat="-27.478677" lon="152.962002"><ele>150.4</ele><time>2026-01-01T01:06:51Z</time></trkpt>
<trkpt lat="-27.478676" lon="152.96202"><ele>150</ele><time>2026-01-01T01:06:52Z</time></trkpt>
<trkpt lat="-27.478666" lon="152.962039"><ele>149.6</ele><time>2026-01-01T01:06:53Z</time></trkpt>
<trkpt lat="-27.478646" lon="152.962063"><ele>149.2</ele><time>2026-01-01T01:06:55Z</time></trkpt>
<trkpt lat="-27.478643" lon="152.962073"><ele>149</ele><time>2026-01-01T01:06:56Z</time></trkpt>
<trkpt lat="-27.478625" lon="152.962148"><ele>148.2</ele><time>2026-01-01T01:06:58Z</time></trkpt>
<trkpt lat="-27.478622" lon="152.962194"><ele>147.6</ele><time>2026-01-01T01:06:59Z</time></trkpt>
<trkpt lat="-27.478645" lon="152.962263"><ele>146.6</ele><time>2026-01-01T01:07:01Z</time></trkpt>
<trkpt lat="-27.478659" lon="152.962288"><ele>146.2</ele><time>2026-01-01T01:07:02Z</time></trkpt>
<trkpt lat="-27.478686" lon="152.962329"><ele>145.4</ele><time>2026-01-01T01:07:04Z</time></trkpt>
<trkpt lat="-27.478677" lon="152.962349"><ele>144.6</ele><time>2026-01-01T01:07:06Z</time></trkpt>
<trkpt lat="-27.478667" lon="152.962355"><ele>143.8</ele><time>2026-01-01T01:07:07Z</time></trkpt>
<trkpt lat="-27.478636" lon="152.962394"><ele>142.8</ele><time>2026-01-01T01:07:10Z</time></trkpt>
<trkpt lat="-27.478635" lon="152.962435"><ele>141.6</ele><time>2026-01-01T01:07:12Z</time></trkpt>
<trkpt lat="-27.478637" lon="152.962469"><ele>140.4</ele><time>2026-01-01T01:07:14Z</time></trkpt>
<trkpt lat="-27.478635" lon="152.962518"><ele>139</ele><time>2026-01-01T01:07:17Z</time></trkpt>
<trkpt lat="-27.478626" lon="152.962588"><ele>137.8</ele><time>2026-01-01T01:07:20Z</time></trkpt>
<trkpt lat="-27.478613" lon="152.962625"><ele>136.6</ele><time>2026-01-01T01:07:22Z</time></trkpt>
<trkpt lat="-27.478604" lon="152.962642"><ele>135.6</ele><time>2026-01-01T01:07:24Z</time></trkpt>
<trkpt lat="-27.478599" lon="152.962652"><ele>135.2</ele><time>2026-01-01T01:07:25Z</time></trkpt>
<trkpt lat="-27.478586" lon="152.962667"><ele>134</ele><time>2026-01-01T01:07:27Z</time></trkpt>
<trkpt lat="-27.478575" lon="152.962731"><ele>132.4</ele><time>2026-01-01T01:07:30Z</time></trkpt>
<trkpt lat="-27.478585" lon="152.962776"><ele>131.2</ele><time>2026-01-01T01:07:32Z</time></trkpt>
<trkpt lat="-27.478587" lon="152.962808"><ele>130.2</ele><time>2026-01-01T01:07:34Z</time></trkpt>
<trkpt lat="-27.478596" lon="152.96285"><ele>128.8</ele><time>2026-01-01T01:07:37Z</time></trkpt>
<trkpt lat="-27.4786" lon="152.962876"><ele>127.4</ele><time>2026-01-01T01:07:39Z</time></trkpt>
<trkpt lat="-27.478577" lon="152.962906"><ele>126.4</ele><time>2026-01-01T01:07:42Z</time></trkpt>
<trkpt lat="-27.478569" lon="152.962919"><ele>125.2</ele><time>2026-01-01T01:07:44Z</time></trkpt>
<trkpt lat="-27.478573" lon="152.962949"><ele>123.6</ele><time>2026-01-01T01:07:47Z</time></trkpt>
<trkpt lat="-27.478577" lon="152.962972"><ele>122.8</ele><time>2026-01-01T01:07:49Z</time></trkpt>
<trkpt lat="-27.478568" lon="152.962985"><ele>122</ele><time>2026-01-01T01:07:51Z</time></trkpt>
<trkpt lat="-27.47856" lon="152.963001"><ele>121</ele><time>2026-01-01T01:07:53Z</time></trkpt>
<trkpt lat="-27.478563" lon="152.96302"><ele>120.4</ele><time>2026-01-01T01:07:55Z</time></trkpt>
<trkpt lat="-27.478562" lon="152.963028"><ele>119.8</ele><time>2026-01-01T01:07:57Z</time></trkpt>
<trkpt lat="-27.478545" lon="152.96301"><ele>118.8</ele><time>2026-01-01T01:08:00Z</time></trkpt>
<trkpt lat="-27.478541" lon="152.96301"><ele>118.6</ele><time>2026-01-01T01:08:01Z</time></trkpt>
<trkpt lat="-27.478534" lon="152.962991"><ele>118.4</ele><time>2026-01-01T01:08:05Z</time></trkpt>
<trkpt lat="-27.478534" lon="152.962992"><ele>118.4</ele><time>2026-01-01T01:08:09Z</time></trkpt>
<trkpt lat="-27.47853" lon="152.962993"><ele>118.2</ele><time>2026-01-01T01:08:14Z</time></trkpt>
<trkpt lat="-27.478484" lon="152.963008"><ele>117.6</ele><time>2026-01-01T01:08:18Z</time></trkpt>
<trkpt lat="-27.478444" lon="152.963011"><ele>117.2</ele><time>2026-01-01T01:08:21Z</time></trkpt>
<trkpt lat="-27.47842" lon="152.96301"><ele>116.8</ele><time>2026-01-01T01:08:23Z</time></trkpt>
<trkpt lat="-27.478406" lon="152.963006"><ele>116.4</ele><time>2026-01-01T01:08:25Z</time></trkpt>
<trkpt lat="-27.478385" lon="152.962993"><ele>116.2</ele><time>2026-01-01T01:08:27Z</time></trkpt>
<trkpt lat="-27.478346" lon="152.962993"><ele>115.4</ele><time>2026-01-01T01:08:31Z</time></trkpt>
<trkpt lat="-27.478326" lon="152.962995"><ele>114.8</ele><time>2026-01-01T01:08:34Z</time></trkpt>
<trkpt lat="-27.478309" lon="152.962981"><ele>114.4</ele><time>2026-01-01T01:08:36Z</time></trkpt>
<trkpt lat="-27.47827" lon="152.962974"><ele>113.6</ele><time>2026-01-01T01:08:40Z</time></trkpt>
<trkpt lat="-27.478259" lon="152.96297"><ele>113.2</ele><time>2026-01-01T01:08:41Z</time></trkpt>
<trkpt lat="-27.478225" lon="152.962973"><ele>112.8</ele><time>2026-01-01T01:08:43Z</time></trkpt>
<trkpt lat="-27.478185" lon="152.962976"><ele>111.8</ele><time>2026-01-01T01:08:45Z</time></trkpt>
<trkpt lat="-27.478129" lon="152.962981"><ele>110.6</ele><time>2026-01-01T01:08:48Z</time></trkpt>
<trkpt lat="-27.478109" lon="152.962982"><ele>110.4</ele><time>2026-01-01T01:08:49Z</time></trkpt>
<trkpt lat="-27.478068" lon="152.962989"><ele>109.2</ele><time>2026-01-01T01:08:51Z</time></trkpt>
<trkpt lat="-27.478001" lon="152.962986"><ele>108.2</ele><time>2026-01-01T01:08:54Z</time></trkpt>
<trkpt lat="-27.477975" lon="152.962984"><ele>108</ele><time>2026-01-01T01:08:55Z</time></trkpt>
<trkpt lat="-27.477953" lon="152.962983"><ele>107.4</ele><time>2026-01-01T01:08:56Z</time></trkpt>
<trkpt lat="-27.47786" lon="152.962973"><ele>108</ele><time>2026-01-01T01:09:00Z</time></trkpt>
<trkpt lat="-27.477809" lon="152.962971"><ele>108.2</ele><time>2026-01-01T01:09:02Z</time></trkpt>
</trkseg>
</trk>
</gpx>
