<?xml version="1.0" encoding="UTF-8"?>
<gpx version="1.1" creator="StravaGPX" xmlns="http://www.topografix.com/GPX/1/1">
<trk>
<type>cycling</type>
<trkseg>
<trkpt lat="-27.505464" lon="152.932946"><ele>21.1</ele><time>2026-01-01T00:00:00Z</time></trkpt>
<trkpt lat="-27.505351" lon="152.932828"><ele>22.5</ele><time>2026-01-01T00:00:02Z</time></trkpt>
<trkpt lat="-27.5053" lon="152.932776"><ele>23.2</ele><time>2026-01-01T00:00:03Z</time></trkpt>
<trkpt lat="-27.505254" lon="152.932731"><ele>23.5</ele><time>2026-01-01T00:00:04Z</time></trkpt>
<trkpt lat="-27.505129" lon="152.932606"><ele>24</ele><time>2026-01-01T00:00:07Z</time></trkpt>
<trkpt lat="-27.505051" lon="152.932538"><ele>24.7</ele><time>2026-01-01T00:00:09Z</time></trkpt>
<trkpt lat="-27.504977" lon="152.932466"><ele>25.4</ele><time>2026-01-01T00:00:11Z</time></trkpt>
<trkpt lat="-27.504938" lon="152.932431"><ele>25.7</ele><time>2026-01-01T00:00:12Z</time></trkpt>
<trkpt lat="-27.5049" lon="152.932394"><ele>26.1</ele><time>2026-01-01T00:00:13Z</time></trkpt>
<trkpt lat="-27.504862" lon="152.932356"><ele>26.4</ele><time>2026-01-01T00:00:14Z</time></trkpt>
<trkpt lat="-27.504751" lon="152.932249"><ele>27.6</ele><time>2026-01-01T00:00:17Z</time></trkpt>
<trkpt lat="-27.504636" lon="152.932146"><ele>28.8</ele><time>2026-01-01T00:00:20Z</time></trkpt>
<trkpt lat="-27.504598" lon="152.932114"><ele>29.2</ele><time>2026-01-01T00:00:21Z</time></trkpt>
<trkpt lat="-27.504562" lon="152.93208"><ele>29.6</ele><time>2026-01-01T00:00:22Z</time></trkpt>
<trkpt lat="-27.504528" lon="152.932048"><ele>30</ele><time>2026-01-01T00:00:23Z</time></trkpt>
<trkpt lat="-27.504491" lon="152.932016"><ele>30.3</ele><time>2026-01-01T00:00:24Z</time></trkpt>
<trkpt lat="-27.504415" lon="152.931959"><ele>31</ele><time>2026-01-01T00:00:26Z</time></trkpt>
<trkpt lat="-27.504377" lon="152.931929"><ele>31.2</ele><time>2026-01-01T00:00:27Z</time></trkpt>
<trkpt lat="-27.504262" lon="152.931851"><ele>31.9</ele><time>2026-01-01T00:00:30Z</time></trkpt>
<trkpt lat="-27.504177" lon="152.931809"><ele>32.3</ele><time>2026-01-01T00:00:32Z</time></trkpt>
<trkpt lat="-27.504133" lon="152.931791"><ele>32.4</ele><time>2026-01-01T00:00:33Z</time></trkpt>
<trkpt lat="-27.503992" lon="152.931742"><ele>32.9</ele><time>2026-01-01T00:00:36Z</time></trkpt>
<trkpt lat="-27.503743" lon="152.931708"><ele>33.6</ele><time>2026-01-01T00:00:41Z</time></trkpt>
<trkpt lat="-27.503642" lon="152.931695"><ele>34</ele><time>2026-01-01T00:00:43Z</time></trkpt>
<trkpt lat="-27.503385" lon="152.931651"><ele>35</ele><time>2026-01-01T00:00:48Z</time></trkpt>
<trkpt lat="-27.503239" lon="152.931621"><ele>35.5</ele><time>2026-01-01T00:00:51Z</time></trkpt>
<trkpt lat="-27.50319" lon="152.931612"><ele>35.6</ele><time>2026-01-01T00:00:52Z</time></trkpt>
<trkpt lat="-27.502818" lon="152.931532"><ele>36.2</ele><time>2026-01-01T00:01:00Z</time></trkpt>
<trkpt lat="-27.502675" lon="152.931499"><ele>36.6</ele><time>2026-01-01T00:01:03Z</time></trkpt>
<trkpt lat="-27.502581" lon="152.931473"><ele>37</ele><time>2026-01-01T00:01:05Z</time></trkpt>
<trkpt lat="-27.502443" lon="152.931433"><ele>37.8</ele><time>2026-01-01T00:01:08Z</time></trkpt>
<trkpt lat="-27.502354" lon="152.93141"><ele>38.4</ele><time>2026-01-01T00:01:10Z</time></trkpt>
<trkpt lat="-27.502273" lon="152.931393"><ele>39</ele><time>2026-01-01T00:01:12Z</time></trkpt>
<trkpt lat="-27.502234" lon="152.931384"><ele>39.3</ele><time>2026-01-01T00:01:13Z</time></trkpt>
<trkpt lat="-27.502195" lon="152.931369"><ele>39.7</ele><time>2026-01-01T00:01:14Z</time></trkpt>
<trkpt lat="-27.502118" lon="152.931335"><ele>40.4</ele><time>2026-01-01T00:01:16Z</time></trkpt>
<trkpt lat="-27.502006" lon="152.931283"><ele>41.6</ele><time>2026-01-01T00:01:19Z</time></trkpt>
<trkpt lat="-27.501974" lon="152.931268"><ele>42</ele><time>2026-01-01T00:01:20Z</time></trkpt>
<trkpt lat="-27.501915" lon="152.931234"><ele>42.7</ele><time>2026-01-01T00:01:22Z</time></trkpt>
<trkpt lat="-27.501854" lon="152.931195"><ele>43.5</ele><time>2026-01-01T00:01:24Z</time></trkpt>
<trkpt lat="-27.501765" lon="152.931118"><ele>44.6</ele><time>2026-01-01T00:01:27Z</time></trkpt>
<trkpt lat="-27.501688" lon="152.931035"><ele>45.8</ele><time>2026-01-01T00:01:30Z</time></trkpt>
<trkpt lat="-27.501664" lon="152.93101"><ele>46.1</ele><time>2026-01-01T00:01:31Z</time></trkpt>
<trkpt lat="-27.501602" lon="152.93092"><ele>47.2</ele><time>2026-01-01T00:01:34Z</time></trkpt>
<trkpt lat="-27.501556" lon="152.930857"><ele>47.9</ele><time>2026-01-01T00:01:36Z</time></trkpt>
<trkpt lat="-27.501482" lon="152.930717"><ele>49.2</ele><time>2026-01-01T00:01:40Z</time></trkpt>
<trkpt lat="-27.50145" lon="152.930644"><ele>49.9</ele><time>2026-01-01T00:01:42Z</time></trkpt>
<trkpt lat="-27.501435" lon="152.930606"><ele>50.2</ele><time>2026-01-01T00:01:43Z</time></trkpt>
<trkpt lat="-27.50142" lon="152.930569"><ele>50.4</ele><time>2026-01-01T00:01:44Z</time></trkpt>
<trkpt lat="-27.501339" lon="152.93038"><ele>51.9</ele><time>2026-01-01T00:01:49Z</time></trkpt>
<trkpt lat="-27.501303" lon="152.930308"><ele>52.4</ele><time>2026-01-01T00:01:51Z</time></trkpt>
<trkpt lat="-27.50127" lon="152.930237"><ele>53</ele><time>2026-01-01T00:01:53Z</time></trkpt>
<trkpt lat="-27.501178" lon="152.930008"><ele>54.7</ele><time>2026-01-01T00:01:59Z</time></trkpt>
<trkpt lat="-27.501113" lon="152.929899"><ele>55.5</ele><time>2026-01-01T00:02:02Z</time></trkpt>
<trkpt lat="-27.501017" lon="152.929765"><ele>56.6</ele><time>2026-01-01T00:02:06Z</time></trkpt>
<trkpt lat="-27.50099" lon="152.929731"><ele>56.8</ele><time>2026-01-01T00:02:07Z</time></trkpt>
<trkpt lat="-27.500839" lon="152.929583"><ele>57.8</ele><time>2026-01-01T00:02:12Z</time></trkpt>
<trkpt lat="-27.500729" lon="152.929508"><ele>58.2</ele><time>2026-01-01T00:02:15Z</time></trkpt>
<trkpt lat="-27.500486" lon="152.929386"><ele>58.5</ele><time>2026-01-01T00:02:21Z</time></trkpt>
<trkpt lat="-27.500346" lon="152.929345"><ele>58.1</ele><time>2026-01-01T00:02:24Z</time></trkpt>
<trkpt lat="-27.500144" lon="152.929288"><ele>57.2</ele><time>2026-01-01T00:02:28Z</time></trkpt>
<trkpt lat="-27.499982" lon="152.929245"><ele>56.3</ele><time>2026-01-01T00:02:31Z</time></trkpt>
<trkpt lat="-27.499803" lon="152.929198"><ele>55.3</ele><time>2026-01-01T00:02:34Z</time></trkpt>
<trkpt lat="-27.49974" lon="152.929177"><ele>54.9</ele><time>2026-01-01T00:02:35Z</time></trkpt>
<trkpt lat="-27.499677" lon="152.92916"><ele>54.6</ele><time>2026-01-01T00:02:36Z</time></trkpt>
<trkpt lat="-27.499553" lon="152.929122"><ele>54.2</ele><time>2026-01-01T00:02:38Z</time></trkpt>
<trkpt lat="-27.499317" lon="152.929025"><ele>53.7</ele><time>2026-01-01T00:02:42Z</time></trkpt>
<trkpt lat="-27.499255" lon="152.929002"><ele>53.7</ele><time>2026-01-01T00:02:43Z</time></trkpt>
<trkpt lat="-27.498956" lon="152.928877"><ele>54.3</ele><time>2026-01-01T00:02:48Z</time></trkpt>
<trkpt lat="-27.498552" lon="152.928712"><ele>55.6</ele><time>2026-01-01T00:02:55Z</time></trkpt>
<trkpt lat="-27.498096" lon="152.928513"><ele>55.4</ele><time>2026-01-01T00:03:03Z</time></trkpt>
<trkpt lat="-27.497742" lon="152.928368"><ele>54.9</ele><time>2026-01-01T00:03:09Z</time></trkpt>
<trkpt lat="-27.497386" lon="152.928205"><ele>56</ele><time>2026-01-01T00:03:15Z</time></trkpt>
<trkpt lat="-27.497281" lon="152.928153"><ele>56.5</ele><time>2026-01-01T00:03:17Z</time></trkpt>
<trkpt lat="-27.497135" lon="152.928049"><ele>57.7</ele><time>2026-01-01T00:03:20Z</time></trkpt>
<trkpt lat="-27.497091" lon="152.928011"><ele>58.1</ele><time>2026-01-01T00:03:21Z</time></trkpt>
<trkpt lat="-27.497011" lon="152.927931"><ele>59</ele><time>2026-01-01T00:03:23Z</time></trkpt>
<trkpt lat="-27.496975" lon="152.927884"><ele>59.5</ele><time>2026-01-01T00:03:24Z</time></trkpt>
<trkpt lat="-27.496942" lon="152.927839"><ele>59.9</ele><time>2026-01-01T00:03:25Z</time></trkpt>
<trkpt lat="-27.496852" lon="152.927707"><ele>61.1</ele><time>2026-01-01T00:03:28Z</time></trkpt>
<trkpt lat="-27.496772" lon="152.927578"><ele>62.2</ele><time>2026-01-01T00:03:31Z</time></trkpt>
<trkpt lat="-27.496718" lon="152.927506"><ele>62.8</ele><time>2026-01-01T00:03:33Z</time></trkpt>
<trkpt lat="-27.496659" lon="152.927442"><ele>63.5</ele><time>2026-01-01T00:03:35Z</time></trkpt>
<trkpt lat="-27.496625" lon="152.927412"><ele>63.8</ele><time>2026-01-01T00:03:36Z</time></trkpt>
<trkpt lat="-27.496594" lon="152.927377"><ele>64.2</ele><time>2026-01-01T00:03:37Z</time></trkpt>
<trkpt lat="-27.496564" lon="152.927338"><ele>64.6</ele><time>2026-01-01T00:03:38Z</time></trkpt>
<trkpt lat="-27.496462" lon="152.927168"><ele>66</ele><time>2026-01-01T00:03:42Z</time></trkpt>
<trkpt lat="-27.496446" lon="152.927121"><ele>66.4</ele><time>2026-01-01T00:03:43Z</time></trkpt>
<trkpt lat="-27.496417" lon="152.92703"><ele>67</ele><time>2026-01-01T00:03:45Z</time></trkpt>
<trkpt lat="-27.496363" lon="152.926848"><ele>68.2</ele><time>2026-01-01T00:03:49Z</time></trkpt>
<trkpt lat="-27.496356" lon="152.926814"><ele>68.4</ele><time>2026-01-01T00:03:50Z</time></trkpt>
<trkpt lat="-27.496346" lon="152.926764"><ele>68.6</ele><time>2026-01-01T00:03:52Z</time></trkpt>
<trkpt lat="-27.496337" lon="152.926728"><ele>68.8</ele><time>2026-01-01T00:03:54Z</time></trkpt>
<trkpt lat="-27.496327" lon="152.926711"><ele>68.9</ele><time>2026-01-01T00:03:55Z</time></trkpt>
<trkpt lat="-27.496268" lon="152.92669"><ele>68.5</ele><time>2026-01-01T00:03:57Z</time></trkpt>
<trkpt lat="-27.496232" lon="152.92669"><ele>68</ele><time>2026-01-01T00:03:58Z</time></trkpt>
<trkpt lat="-27.496107" lon="152.9267"><ele>66.4</ele><time>2026-01-01T00:04:01Z</time></trkpt>
<trkpt lat="-27.49599" lon="152.926695"><ele>64.9</ele><time>2026-01-01T00:04:03Z</time></trkpt>
<trkpt lat="-27.495853" lon="152.926654"><ele>63.6</ele><time>2026-01-01T00:04:05Z</time></trkpt>
<trkpt lat="-27.495778" lon="152.926617"><ele>63.1</ele><time>2026-01-01T00:04:06Z</time></trkpt>
<trkpt lat="-27.495706" lon="152.926573"><ele>62.9</ele><time>2026-01-01T00:04:07Z</time></trkpt>
<trkpt lat="-27.495526" lon="152.926427"><ele>63.3</ele><time>2026-01-01T00:04:10Z</time></trkpt>
<trkpt lat="-27.495479" lon="152.926376"><ele>63.7</ele><time>2026-01-01T00:04:11Z</time></trkpt>
<trkpt lat="-27.495398" lon="152.926286"><ele>64.4</ele><time>2026-01-01T00:04:13Z</time></trkpt>
<trkpt lat="-27.495326" lon="152.926209"><ele>65.2</ele><time>2026-01-01T00:04:15Z</time></trkpt>
<trkpt lat="-27.495224" lon="152.926103"><ele>66.4</ele><time>2026-01-01T00:04:18Z</time></trkpt>
<trkpt lat="-27.495185" lon="152.926073"><ele>66.8</ele><time>2026-01-01T00:04:19Z</time></trkpt>
<trkpt lat="-27.495106" lon="152.926022"><ele>67.5</ele><time>2026-01-01T00:04:21Z</time></trkpt>
<trkpt lat="-27.495033" lon="152.925984"><ele>68</ele><time>2026-01-01T00:04:23Z</time></trkpt>
<trkpt lat="-27.494959" lon="152.925969"><ele>68.4</ele><time>2026-01-01T00:04:25Z</time></trkpt>
<trkpt lat="-27.494919" lon="152.925967"><ele>68.6</ele><time>2026-01-01T00:04:26Z</time></trkpt>
<trkpt lat="-27.494837" lon="152.925965"><ele>68.9</ele><time>2026-01-01T00:04:28Z</time></trkpt>
<trkpt lat="-27.494698" lon="152.925974"><ele>69.5</ele><time>2026-01-01T00:04:31Z</time></trkpt>
<trkpt lat="-27.494649" lon="152.925977"><ele>69.7</ele><time>2026-01-01T00:04:32Z</time></trkpt>
<trkpt lat="-27.494601" lon="152.925984"><ele>70</ele><time>2026-01-01T00:04:33Z</time></trkpt>
<trkpt lat="-27.494555" lon="152.925994"><ele>70.3</ele><time>2026-01-01T00:04:34Z</time></trkpt>
<trkpt lat="-27.494328" lon="152.926045"><ele>72.3</ele><time>2026-01-01T00:04:39Z</time></trkpt>
<trkpt lat="-27.494241" lon="152.926079"><ele>73.2</ele><time>2026-01-01T00:04:41Z</time></trkpt>
<trkpt lat="-27.4942" lon="152.926097"><ele>73.6</ele><time>2026-01-01T00:04:42Z</time></trkpt>
<trkpt lat="-27.49408" lon="152.926147"><ele>74.8</ele><time>2026-01-01T00:04:45Z</time></trkpt>
<trkpt lat="-27.493961" lon="152.926212"><ele>76</ele><time>2026-01-01T00:04:48Z</time></trkpt>
<trkpt lat="-27.493922" lon="152.926231"><ele>76.4</ele><time>2026-01-01T00:04:49Z</time></trkpt>
<trkpt lat="-27.493844" lon="152.926273"><ele>77.1</ele><time>2026-01-01T00:04:51Z</time></trkpt>
<trkpt lat="-27.493804" lon="152.926297"><ele>77.4</ele><time>2026-01-01T00:04:52Z</time></trkpt>
<trkpt lat="-27.493729" lon="152.926343"><ele>77.8</ele><time>2026-01-01T00:04:54Z</time></trkpt>
<trkpt lat="-27.493648" lon="152.92638"><ele>78.2</ele><time>2026-01-01T00:04:56Z</time></trkpt>
<trkpt lat="-27.49356" lon="152.926403"><ele>78.5</ele><time>2026-01-01T00:04:58Z</time></trkpt>
<trkpt lat="-27.493468" lon="152.926399"><ele>78.8</ele><time>2026-01-01T00:05:00Z</time></trkpt>
<trkpt lat="-27.493423" lon="152.926386"><ele>79</ele><time>2026-01-01T00:05:01Z</time></trkpt>
<trkpt lat="-27.493338" lon="152.92634"><ele>79.4</ele><time>2026-01-01T00:05:03Z</time></trkpt>
<trkpt lat="-27.493301" lon="152.926306"><ele>79.6</ele><time>2026-01-01T00:05:04Z</time></trkpt>
<trkpt lat="-27.493231" lon="152.926238"><ele>79.9</ele><time>2026-01-01T00:05:06Z</time></trkpt>
<trkpt lat="-27.493103" lon="152.926097"><ele>80.5</ele><time>2026-01-01T00:05:10Z</time></trkpt>
<trkpt lat="-27.492979" lon="152.925946"><ele>80.6</ele><time>2026-01-01T00:05:14Z</time></trkpt>
<trkpt lat="-27.492749" lon="152.925648"><ele>78.1</ele><time>2026-01-01T00:05:20Z</time></trkpt>
<trkpt lat="-27.492583" lon="152.925435"><ele>75.6</ele><time>2026-01-01T00:05:23Z</time></trkpt>
<trkpt lat="-27.492522" lon="152.925355"><ele>74.9</ele><time>2026-01-01T00:05:24Z</time></trkpt>
<trkpt lat="-27.492454" lon="152.925277"><ele>74.3</ele><time>2026-01-01T00:05:25Z</time></trkpt>
<trkpt lat="-27.492166" lon="152.924979"><ele>72.3</ele><time>2026-01-01T00:05:29Z</time></trkpt>
<trkpt lat="-27.49209" lon="152.92491"><ele>71.6</ele><time>2026-01-01T00:05:30Z</time></trkpt>
<trkpt lat="-27.491933" lon="152.924767"><ele>70</ele><time>2026-01-01T00:05:32Z</time></trkpt>
<trkpt lat="-27.491854" lon="152.924699"><ele>69.1</ele><time>2026-01-01T00:05:33Z</time></trkpt>
<trkpt lat="-27.491774" lon="152.924632"><ele>68.2</ele><time>2026-01-01T00:05:34Z</time></trkpt>
<trkpt lat="-27.491684" lon="152.924564"><ele>67.2</ele><time>2026-01-01T00:05:35Z</time></trkpt>
<trkpt lat="-27.491604" lon="152.924506"><ele>66.3</ele><time>2026-01-01T00:05:36Z</time></trkpt>
<trkpt lat="-27.491456" lon="152.924413"><ele>64.3</ele><time>2026-01-01T00:05:38Z</time></trkpt>
<trkpt lat="-27.491387" lon="152.924365"><ele>63.2</ele><time>2026-01-01T00:05:39Z</time></trkpt>
<trkpt lat="-27.49132" lon="152.924327"><ele>62.1</ele><time>2026-01-01T00:05:40Z</time></trkpt>
<trkpt lat="-27.491251" lon="152.924299"><ele>60.9</ele><time>2026-01-01T00:05:41Z</time></trkpt>
<trkpt lat="-27.491179" lon="152.924292"><ele>59.6</ele><time>2026-01-01T00:05:42Z</time></trkpt>
<trkpt lat="-27.49111" lon="152.924302"><ele>58.4</ele><time>2026-01-01T00:05:43Z</time></trkpt>
<trkpt lat="-27.491041" lon="152.924339"><ele>57</ele><time>2026-01-01T00:05:44Z</time></trkpt>
<trkpt lat="-27.490974" lon="152.924385"><ele>55.6</ele><time>2026-01-01T00:05:45Z</time></trkpt>
<trkpt lat="-27.490908" lon="152.92444"><ele>54.1</ele><time>2026-01-01T00:05:46Z</time></trkpt>
<trkpt lat="-27.490843" lon="152.924517"><ele>52.4</ele><time>2026-01-01T00:05:47Z</time></trkpt>
<trkpt lat="-27.490771" lon="152.924608"><ele>50.7</ele><time>2026-01-01T00:05:48Z</time></trkpt>
<trkpt lat="-27.490691" lon="152.924703"><ele>48.9</ele><time>2026-01-01T00:05:49Z</time></trkpt>
<trkpt lat="-27.490593" lon="152.924785"><ele>46.9</ele><time>2026-01-01T00:05:50Z</time></trkpt>
<trkpt lat="-27.490481" lon="152.924872"><ele>44.7</ele><time>2026-01-01T00:05:51Z</time></trkpt>
<trkpt lat="-27.490369" lon="152.924954"><ele>42.7</ele><time>2026-01-01T00:05:52Z</time></trkpt>
<trkpt lat="-27.490247" lon="152.925063"><ele>40.6</ele><time>2026-01-01T00:05:53Z</time></trkpt>
<trkpt lat="-27.490126" lon="152.925168"><ele>39.1</ele><time>2026-01-01T00:05:54Z</time></trkpt>
<trkpt lat="-27.490009" lon="152.925261"><ele>38.2</ele><time>2026-01-01T00:05:55Z</time></trkpt>
<trkpt lat="-27.489898" lon="152.925352"><ele>37.6</ele><time>2026-01-01T00:05:56Z</time></trkpt>
<trkpt lat="-27.489661" lon="152.92551"><ele>37.4</ele><time>2026-01-01T00:05:58Z</time></trkpt>
<trkpt lat="-27.489228" lon="152.925791"><ele>38.5</ele><time>2026-01-01T00:06:02Z</time></trkpt>
<trkpt lat="-27.489131" lon="152.925851"><ele>38.6</ele><time>2026-01-01T00:06:03Z</time></trkpt>
<trkpt lat="-27.489039" lon="152.925903"><ele>38.7</ele><time>2026-01-01T00:06:04Z</time></trkpt>
<trkpt lat="-27.488878" lon="152.925989"><ele>38.9</ele><time>2026-01-01T00:06:06Z</time></trkpt>
<trkpt lat="-27.48873" lon="152.926061"><ele>39.1</ele><time>2026-01-01T00:06:08Z</time></trkpt>
<trkpt lat="-27.488596" lon="152.926133"><ele>39.3</ele><time>2026-01-01T00:06:10Z</time></trkpt>
<trkpt lat="-27.488186" lon="152.926339"><ele>39.8</ele><time>2026-01-01T00:06:16Z</time></trkpt>
<trkpt lat="-27.488032" lon="152.926363"><ele>39.9</ele><time>2026-01-01T00:06:18Z</time></trkpt>
<trkpt lat="-27.487876" lon="152.926365"><ele>40</ele><time>2026-01-01T00:06:20Z</time></trkpt>
<trkpt lat="-27.487372" lon="152.926298"><ele>40.3</ele><time>2026-01-01T00:06:27Z</time></trkpt>
<trkpt lat="-27.487152" lon="152.926276"><ele>40.5</ele><time>2026-01-01T00:06:30Z</time></trkpt>
<trkpt lat="-27.487082" lon="152.926267"><ele>40.5</ele><time>2026-01-01T00:06:31Z</time></trkpt>
<trkpt lat="-27.487011" lon="152.926261"><ele>40.5</ele><time>2026-01-01T00:06:32Z</time></trkpt>
<trkpt lat="-27.486874" lon="152.926256"><ele>40.5</ele><time>2026-01-01T00:06:34Z</time></trkpt>
<trkpt lat="-27.486551" lon="152.926264"><ele>40.3</ele><time>2026-01-01T00:06:39Z</time></trkpt>
<trkpt lat="-27.486363" lon="152.926317"><ele>40.4</ele><time>2026-01-01T00:06:42Z</time></trkpt>
<trkpt lat="-27.486247" lon="152.926384"><ele>40.4</ele><time>2026-01-01T00:06:44Z</time></trkpt>
<trkpt lat="-27.486197" lon="152.926423"><ele>40.4</ele><time>2026-01-01T00:06:45Z</time></trkpt>
<trkpt lat="-27.486017" lon="152.926611"><ele>40.7</ele><time>2026-01-01T00:06:49Z</time></trkpt>
<trkpt lat="-27.485927" lon="152.926706"><ele>41</ele><time>2026-01-01T00:06:51Z</time></trkpt>
<trkpt lat="-27.485785" lon="152.926828"><ele>41.5</ele><time>2026-01-01T00:06:54Z</time></trkpt>
<trkpt lat="-27.485689" lon="152.926891"><ele>41.8</ele><time>2026-01-01T00:06:56Z</time></trkpt>
<trkpt lat="-27.485591" lon="152.926923"><ele>42.1</ele><time>2026-01-01T00:06:58Z</time></trkpt>
<trkpt lat="-27.485543" lon="152.926934"><ele>42.2</ele><time>2026-01-01T00:06:59Z</time></trkpt>
<trkpt lat="-27.485406" lon="152.926955"><ele>42.4</ele><time>2026-01-01T00:07:02Z</time></trkpt>
<trkpt lat="-27.485359" lon="152.926956"><ele>42.5</ele><time>2026-01-01T00:07:03Z</time></trkpt>
<trkpt lat="-27.485313" lon="152.926965"><ele>42.5</ele><time>2026-01-01T00:07:04Z</time></trkpt>
<trkpt lat="-27.485211" lon="152.926974"><ele>42.5</ele><time>2026-01-01T00:07:06Z</time></trkpt>
<trkpt lat="-27.485067" lon="152.927009"><ele>42.4</ele><time>2026-01-01T00:07:09Z</time></trkpt>
<trkpt lat="-27.485019" lon="152.927019"><ele>42.3</ele><time>2026-01-01T00:07:10Z</time></trkpt>
<trkpt lat="-27.484904" lon="152.927017"><ele>41.9</ele><time>2026-01-01T00:07:12Z</time></trkpt>
<trkpt lat="-27.484845" lon="152.927009"><ele>41.7</ele><time>2026-01-01T00:07:13Z</time></trkpt>
<trkpt lat="-27.484787" lon="152.927014"><ele>41.5</ele><time>2026-01-01T00:07:14Z</time></trkpt>
<trkpt lat="-27.484658" lon="152.927055"><ele>41.3</ele><time>2026-01-01T00:07:16Z</time></trkpt>
<trkpt lat="-27.484588" lon="152.927071"><ele>41.2</ele><time>2026-01-01T00:07:17Z</time></trkpt>
<trkpt lat="-27.484291" lon="152.927218"><ele>41.7</ele><time>2026-01-01T00:07:22Z</time></trkpt>
<trkpt lat="-27.484237" lon="152.927238"><ele>41.9</ele><time>2026-01-01T00:07:23Z</time></trkpt>
<trkpt lat="-27.484184" lon="152.927263"><ele>42.2</ele><time>2026-01-01T00:07:24Z</time></trkpt>
<trkpt lat="-27.484131" lon="152.927284"><ele>42.6</ele><time>2026-01-01T00:07:25Z</time></trkpt>
<trkpt lat="-27.483964" lon="152.927319"><ele>44.1</ele><time>2026-01-01T00:07:28Z</time></trkpt>
<trkpt lat="-27.483905" lon="152.927327"><ele>44.9</ele><time>2026-01-01T00:07:29Z</time></trkpt>
<trkpt lat="-27.483866" lon="152.927349"><ele>45.5</ele><time>2026-01-01T00:07:30Z</time></trkpt>
<trkpt lat="-27.483788" lon="152.92737"><ele>46.8</ele><time>2026-01-01T00:07:32Z</time></trkpt>
<trkpt lat="-27.483756" lon="152.927376"><ele>47.4</ele><time>2026-01-01T00:07:33Z</time></trkpt>
<trkpt lat="-27.483667" lon="152.927416"><ele>49.1</ele><time>2026-01-01T00:07:35Z</time></trkpt>
<trkpt lat="-27.483634" lon="152.927429"><ele>49.8</ele><time>2026-01-01T00:07:36Z</time></trkpt>
<trkpt lat="-27.483602" lon="152.927437"><ele>50.4</ele><time>2026-01-01T00:07:37Z</time></trkpt>
<trkpt lat="-27.483529" lon="152.927463"><ele>51.7</ele><time>2026-01-01T00:07:39Z</time></trkpt>
<trkpt lat="-27.483468" lon="152.927493"><ele>52.8</ele><time>2026-01-01T00:07:41Z</time></trkpt>
<trkpt lat="-27.483437" lon="152.927502"><ele>53.2</ele><time>2026-01-01T00:07:42Z</time></trkpt>
<trkpt lat="-27.483357" lon="152.927499"><ele>54.2</ele><time>2026-01-01T00:07:44Z</time></trkpt>
<trkpt lat="-27.483261" lon="152.927532"><ele>55.1</ele><time>2026-01-01T00:07:47Z</time></trkpt>
<trkpt lat="-27.483198" lon="152.927573"><ele>55.6</ele><time>2026-01-01T00:07:49Z</time></trkpt>
<trkpt lat="-27.483003" lon="152.927576"><ele>55.4</ele><time>2026-01-01T00:07:54Z</time></trkpt>
<trkpt lat="-27.482804" lon="152.927591"><ele>54.2</ele><time>2026-01-01T00:07:58Z</time></trkpt>
<trkpt lat="-27.482674" lon="152.927605"><ele>53.1</ele><time>2026-01-01T00:08:00Z</time></trkpt>
<trkpt lat="-27.482601" lon="152.927603"><ele>52.5</ele><time>2026-01-01T00:08:01Z</time></trkpt>
<trkpt lat="-27.482522" lon="152.927591"><ele>51.9</ele><time>2026-01-01T00:08:02Z</time></trkpt>
<trkpt lat="-27.482444" lon="152.927568"><ele>51.2</ele><time>2026-01-01T00:08:03Z</time></trkpt>
<trkpt lat="-27.482369" lon="152.92753"><ele>50.5</ele><time>2026-01-01T00:08:04Z</time></trkpt>
<trkpt lat="-27.482305" lon="152.927476"><ele>49.8</ele><time>2026-01-01T00:08:05Z</time></trkpt>
<trkpt lat="-27.482249" lon="152.927407"><ele>49.1</ele><time>2026-01-01T00:08:06Z</time></trkpt>
<trkpt lat="-27.482194" lon="152.927331"><ele>48.4</ele><time>2026-01-01T00:08:07Z</time></trkpt>
<trkpt lat="-27.482133" lon="152.927258"><ele>47.8</ele><time>2026-01-01T00:08:08Z</time></trkpt>
<trkpt lat="-27.481985" lon="152.92714"><ele>46.9</ele><time>2026-01-01T00:08:10Z</time></trkpt>
<trkpt lat="-27.481805" lon="152.927112"><ele>46.4</ele><time>2026-01-01T00:08:12Z</time></trkpt>
<trkpt lat="-27.481713" lon="152.92712"><ele>46.2</ele><time>2026-01-01T00:08:13Z</time></trkpt>
<trkpt lat="-27.481533" lon="152.927156"><ele>46.2</ele><time>2026-01-01T00:08:15Z</time></trkpt>
<trkpt lat="-27.481457" lon="152.927177"><ele>46.4</ele><time>2026-01-01T00:08:16Z</time></trkpt>
<trkpt lat="-27.481164" lon="152.927267"><ele>47.5</ele><time>2026-01-01T00:08:20Z</time></trkpt>
<trkpt lat="-27.481099" lon="152.927294"><ele>48</ele><time>2026-01-01T00:08:21Z</time></trkpt>
<trkpt lat="-27.480961" lon="152.927331"><ele>49.2</ele><time>2026-01-01T00:08:23Z</time></trkpt>
<trkpt lat="-27.480836" lon="152.927366"><ele>50.5</ele><time>2026-01-01T00:08:25Z</time></trkpt>
<trkpt lat="-27.480722" lon="152.927417"><ele>51.5</ele><time>2026-01-01T00:08:27Z</time></trkpt>
<trkpt lat="-27.480666" lon="152.927442"><ele>52</ele><time>2026-01-01T00:08:28Z</time></trkpt>
<trkpt lat="-27.48056" lon="152.927485"><ele>52.6</ele><time>2026-01-01T00:08:30Z</time></trkpt>
<trkpt lat="-27.480468" lon="152.927537"><ele>53</ele><time>2026-01-01T00:08:32Z</time></trkpt>
<trkpt lat="-27.480421" lon="152.927569"><ele>53.2</ele><time>2026-01-01T00:08:33Z</time></trkpt>
<trkpt lat="-27.480316" lon="152.92764"><ele>53.6</ele><time>2026-01-01T00:08:35Z</time></trkpt>
<trkpt lat="-27.480163" lon="152.927741"><ele>54.1</ele><time>2026-01-01T00:08:38Z</time></trkpt>
<trkpt lat="-27.479901" lon="152.927876"><ele>54.8</ele><time>2026-01-01T00:08:43Z</time></trkpt>
<trkpt lat="-27.479801" lon="152.927928"><ele>55.2</ele><time>2026-01-01T00:08:45Z</time></trkpt>
<trkpt lat="-27.479744" lon="152.927948"><ele>55.4</ele><time>2026-01-01T00:08:46Z</time></trkpt>
<trkpt lat="-27.479688" lon="152.927969"><ele>55.6</ele><time>2026-01-01T00:08:47Z</time></trkpt>
<trkpt lat="-27.47944" lon="152.928085"><ele>56.6</ele><time>2026-01-01T00:08:52Z</time></trkpt>
<trkpt lat="-27.479342" lon="152.92812"><ele>56.7</ele><time>2026-01-01T00:08:54Z</time></trkpt>
<trkpt lat="-27.479222" lon="152.92812"><ele>56.5</ele><time>2026-01-01T00:08:56Z</time></trkpt>
<trkpt lat="-27.479158" lon="152.928109"><ele>56.2</ele><time>2026-01-01T00:08:57Z</time></trkpt>
<trkpt lat="-27.478951" lon="152.928076"><ele>54.9</ele><time>2026-01-01T00:09:00Z</time></trkpt>
<trkpt lat="-27.478814" lon="152.928025"><ele>55.5</ele><time>2026-01-01T00:09:02Z</time></trkpt>
<trkpt lat="-27.478666" lon="152.927962"><ele>57.3</ele><time>2026-01-01T00:09:04Z</time></trkpt>
<trkpt lat="-27.478365" lon="152.927865"><ele>55.3</ele><time>2026-01-01T00:09:08Z</time></trkpt>
<trkpt lat="-27.478037" lon="152.9277"><ele>54.2</ele><time>2026-01-01T00:09:13Z</time></trkpt>
<trkpt lat="-27.477825" lon="152.927525"><ele>54.4</ele><time>2026-01-01T00:09:17Z</time></trkpt>
<trkpt lat="-27.477734" lon="152.927432"><ele>54.6</ele><time>2026-01-01T00:09:19Z</time></trkpt>
<trkpt lat="-27.477661" lon="152.927335"><ele>54.7</ele><time>2026-01-01T00:09:21Z</time></trkpt>
<trkpt lat="-27.477524" lon="152.92713"><ele>54.7</ele><time>2026-01-01T00:09:25Z</time></trkpt>
<trkpt lat="-27.477378" lon="152.926823"><ele>54.2</ele><time>2026-01-01T00:09:30Z</time></trkpt>
<trkpt lat="-27.477291" lon="152.926633"><ele>53.9</ele><time>2026-01-01T00:09:33Z</time></trkpt>
<trkpt lat="-27.477079" lon="152.9262"><ele>53.9</ele><time>2026-01-01T00:09:40Z</time></trkpt>
<trkpt lat="-27.476914" lon="152.925908"><ele>55.2</ele><time>2026-01-01T00:09:45Z</time></trkpt>
<trkpt lat="-27.476855" lon="152.925816"><ele>56.1</ele><time>2026-01-01T00:09:47Z</time></trkpt>
<trkpt lat="-27.476737" lon="152.925612"><ele>58.9</ele><time>2026-01-01T00:09:52Z</time></trkpt>
<trkpt lat="-27.476704" lon="152.925556"><ele>59.8</ele><time>2026-01-01T00:09:54Z</time></trkpt>
<trkpt lat="-27.476687" lon="152.925534"><ele>60.2</ele><time>2026-01-01T00:09:55Z</time></trkpt>
<trkpt lat="-27.476634" lon="152.925466"><ele>61.6</ele><time>2026-01-01T00:09:58Z</time></trkpt>
<trkpt lat="-27.476605" lon="152.925416"><ele>62.4</ele><time>2026-01-01T00:10:00Z</time></trkpt>
<trkpt lat="-27.476573" lon="152.92537"><ele>63.3</ele><time>2026-01-01T00:10:02Z</time></trkpt>
<trkpt lat="-27.476542" lon="152.925319"><ele>64.1</ele><time>2026-01-01T00:10:04Z</time></trkpt>
<trkpt lat="-27.476516" lon="152.925274"><ele>64.9</ele><time>2026-01-01T00:10:06Z</time></trkpt>
<trkpt lat="-27.476487" lon="152.925229"><ele>65.7</ele><time>2026-01-01T00:10:08Z</time></trkpt>
<trkpt lat="-27.476446" lon="152.925186"><ele>66.5</ele><time>2026-01-01T00:10:10Z</time></trkpt>
<trkpt lat="-27.476387" lon="152.925118"><ele>67.8</ele><time>2026-01-01T00:10:13Z</time></trkpt>
<trkpt lat="-27.476325" lon="152.925028"><ele>69.1</ele><time>2026-01-01T00:10:17Z</time></trkpt>
<trkpt lat="-27.476307" lon="152.925005"><ele>69.4</ele><time>2026-01-01T00:10:18Z</time></trkpt>
<trkpt lat="-27.476235" lon="152.924907"><ele>70.7</ele><time>2026-01-01T00:10:22Z</time></trkpt>
<trkpt lat="-27.476179" lon="152.924835"><ele>71.6</ele><time>2026-01-01T00:10:25Z</time></trkpt>
<trkpt lat="-27.476161" lon="152.924814"><ele>71.9</ele><time>2026-01-01T00:10:26Z</time></trkpt>
<trkpt lat="-27.476146" lon="152.924788"><ele>72.2</ele><time>2026-01-01T00:10:27Z</time></trkpt>
<trkpt lat="-27.476109" lon="152.924746"><ele>72.8</ele><time>2026-01-01T00:10:29Z</time></trkpt>
<trkpt lat="-27.476075" lon="152.924697"><ele>73.5</ele><time>2026-01-01T00:10:31Z</time></trkpt>
<trkpt lat="-27.476015" lon="152.924609"><ele>74.8</ele><time>2026-01-01T00:10:35Z</time></trkpt>
<trkpt lat="-27.475982" lon="152.924578"><ele>75.5</ele><time>2026-01-01T00:10:37Z</time></trkpt>
<trkpt lat="-27.47595" lon="152.924536"><ele>76.2</ele><time>2026-01-01T00:10:39Z</time></trkpt>
<trkpt lat="-27.475898" lon="152.924477"><ele>77.3</ele><time>2026-01-01T00:10:42Z</time></trkpt>
<trkpt lat="-27.475848" lon="152.924437"><ele>78.2</ele><time>2026-01-01T00:10:45Z</time></trkpt>
<trkpt lat="-27.475784" lon="152.924375"><ele>79.3</ele><time>2026-01-01T00:10:48Z</time></trkpt>
<trkpt lat="-27.475738" lon="152.92435"><ele>80</ele><time>2026-01-01T00:10:50Z</time></trkpt>
<trkpt lat="-27.475692" lon="152.92432"><ele>80.7</ele><time>2026-01-01T00:10:52Z</time></trkpt>
<trkpt lat="-27.47559" lon="152.924271"><ele>82</ele><time>2026-01-01T00:10:56Z</time></trkpt>
<trkpt lat="-27.475566" lon="152.924266"><ele>82.3</ele><time>2026-01-01T00:10:57Z</time></trkpt>
<trkpt lat="-27.475456" lon="152.924265"><ele>83.4</ele><time>2026-01-01T00:11:01Z</time></trkpt>
<trkpt lat="-27.475373" lon="152.924258"><ele>84.1</ele><time>2026-01-01T00:11:04Z</time></trkpt>
<trkpt lat="-27.475345" lon="152.924262"><ele>84.3</ele><time>2026-01-01T00:11:05Z</time></trkpt>
<trkpt lat="-27.475219" lon="152.924305"><ele>85.3</ele><time>2026-01-01T00:11:10Z</time></trkpt>
<trkpt lat="-27.475082" lon="152.924367"><ele>86.2</ele><time>2026-01-01T00:11:15Z</time></trkpt>
<trkpt lat="-27.474972" lon="152.924423"><ele>87</ele><time>2026-01-01T00:11:19Z</time></trkpt>
<trkpt lat="-27.474947" lon="152.924435"><ele>87.2</ele><time>2026-01-01T00:11:20Z</time></trkpt>
<trkpt lat="-27.474811" lon="152.924486"><ele>88.1</ele><time>2026-01-01T00:11:25Z</time></trkpt>
<trkpt lat="-27.474691" lon="152.924528"><ele>89.1</ele><time>2026-01-01T00:11:29Z</time></trkpt>
<trkpt lat="-27.474581" lon="152.924548"><ele>90.1</ele><time>2026-01-01T00:11:33Z</time></trkpt>
<trkpt lat="-27.474458" lon="152.924566"><ele>91.5</ele><time>2026-01-01T00:11:37Z</time></trkpt>
<trkpt lat="-27.474361" lon="152.924581"><ele>92.8</ele><time>2026-01-01T00:11:40Z</time></trkpt>
<trkpt lat="-27.47426" lon="152.924603"><ele>94.1</ele><time>2026-01-01T00:11:43Z</time></trkpt>
<trkpt lat="-27.474163" lon="152.924622"><ele>95.4</ele><time>2026-01-01T00:11:46Z</time></trkpt>
<trkpt lat="-27.474064" lon="152.924629"><ele>96.6</ele><time>2026-01-01T00:11:49Z</time></trkpt>
<trkpt lat="-27.473972" lon="152.924646"><ele>97.7</ele><time>2026-01-01T00:11:52Z</time></trkpt>
<trkpt lat="-27.473888" lon="152.924668"><ele>98.7</ele><time>2026-01-01T00:11:55Z</time></trkpt>
<trkpt lat="-27.473829" lon="152.924675"><ele>99.3</ele><time>2026-01-01T00:11:57Z</time></trkpt>
<trkpt lat="-27.473799" lon="152.924681"><ele>99.6</ele><time>2026-01-01T00:11:58Z</time></trkpt>
<trkpt lat="-27.473683" lon="152.924726"><ele>100.7</ele><time>2026-01-01T00:12:02Z</time></trkpt>
<trkpt lat="-27.473619" lon="152.924747"><ele>101.2</ele><time>2026-01-01T00:12:04Z</time></trkpt>
<trkpt lat="-27.47353" lon="152.924788"><ele>101.9</ele><time>2026-01-01T00:12:07Z</time></trkpt>
<trkpt lat="-27.473344" lon="152.924869"><ele>103.2</ele><time>2026-01-01T00:12:13Z</time></trkpt>
<trkpt lat="-27.473307" lon="152.924883"><ele>103.5</ele><time>2026-01-01T00:12:14Z</time></trkpt>
<trkpt lat="-27.47321" lon="152.924929"><ele>104.1</ele><time>2026-01-01T00:12:17Z</time></trkpt>
<trkpt lat="-27.473009" lon="152.925039"><ele>105.3</ele><time>2026-01-01T00:12:23Z</time></trkpt>
<trkpt lat="-27.472979" lon="152.925059"><ele>105.5</ele><time>2026-01-01T00:12:24Z</time></trkpt>
<trkpt lat="-27.472735" lon="152.925198"><ele>106.7</ele><time>2026-01-01T00:12:31Z</time></trkpt>
<trkpt lat="-27.47267" lon="152.925239"><ele>107</ele><time>2026-01-01T00:12:33Z</time></trkpt>
<trkpt lat="-27.472471" lon="152.92537"><ele>108.3</ele><time>2026-01-01T00:12:39Z</time></trkpt>
<trkpt lat="-27.472442" lon="152.925385"><ele>108.5</ele><time>2026-01-01T00:12:40Z</time></trkpt>
<trkpt lat="-27.472314" lon="152.925477"><ele>109.7</ele><time>2026-01-01T00:12:44Z</time></trkpt>
<trkpt lat="-27.472294" lon="152.925505"><ele>110</ele><time>2026-01-01T00:12:45Z</time></trkpt>
<trkpt lat="-27.472272" lon="152.925537"><ele>110.3</ele><time>2026-01-01T00:12:46Z</time></trkpt>
<trkpt lat="-27.472248" lon="152.925566"><ele>110.5</ele><time>2026-01-01T00:12:47Z</time></trkpt>
<trkpt lat="-27.472021" lon="152.925764"><ele>112.4</ele><time>2026-01-01T00:12:54Z</time></trkpt>
<trkpt lat="-27.471822" lon="152.925908"><ele>113.4</ele><time>2026-01-01T00:13:00Z</time></trkpt>
<trkpt lat="-27.471757" lon="152.925946"><ele>113.6</ele><time>2026-01-01T00:13:02Z</time></trkpt>
<trkpt lat="-27.471484" lon="152.926075"><ele>113.4</ele><time>2026-01-01T00:13:09Z</time></trkpt>
<trkpt lat="-27.471259" lon="152.92617"><ele>112.6</ele><time>2026-01-01T00:13:14Z</time></trkpt>
<trkpt lat="-27.471146" lon="152.9262"><ele>112.3</ele><time>2026-01-01T00:13:16Z</time></trkpt>
<trkpt lat="-27.470911" lon="152.926253"><ele>112</ele><time>2026-01-01T00:13:20Z</time></trkpt>
<trkpt lat="-27.470755" lon="152.926269"><ele>112.3</ele><time>2026-01-01T00:13:23Z</time></trkpt>
<trkpt lat="-27.470205" lon="152.926242"><ele>111.9</ele><time>2026-01-01T00:13:33Z</time></trkpt>
<trkpt lat="-27.470135" lon="152.926238"><ele>111.6</ele><time>2026-01-01T00:13:34Z</time></trkpt>
<trkpt lat="-27.470016" lon="152.926237"><ele>111</ele><time>2026-01-01T00:13:36Z</time></trkpt>
<trkpt lat="-27.46996" lon="152.926244"><ele>110.7</ele><time>2026-01-01T00:13:37Z</time></trkpt>
<trkpt lat="-27.469785" lon="152.926278"><ele>109.8</ele><time>2026-01-01T00:13:40Z</time></trkpt>
<trkpt lat="-27.469664" lon="152.926294"><ele>109.4</ele><time>2026-01-01T00:13:42Z</time></trkpt>
<trkpt lat="-27.469604" lon="152.926307"><ele>109.4</ele><time>2026-01-01T00:13:43Z</time></trkpt>
<trkpt lat="-27.469501" lon="152.926325"><ele>109.4</ele><time>2026-01-01T00:13:45Z</time></trkpt>
<trkpt lat="-27.469392" lon="152.926342"><ele>109.7</ele><time>2026-01-01T00:13:47Z</time></trkpt>
<trkpt lat="-27.469158" lon="152.926331"><ele>110.9</ele><time>2026-01-01T00:13:51Z</time></trkpt>
<trkpt lat="-27.469044" lon="152.926312"><ele>111.9</ele><time>2026-01-01T00:13:53Z</time></trkpt>
<trkpt lat="-27.46899" lon="152.926296"><ele>112.5</ele><time>2026-01-01T00:13:54Z</time></trkpt>
<trkpt lat="-27.468891" lon="152.926251"><ele>113.7</ele><time>2026-01-01T00:13:56Z</time></trkpt>
<trkpt lat="-27.468847" lon="152.926225"><ele>114.3</ele><time>2026-01-01T00:13:57Z</time></trkpt>
<trkpt lat="-27.468804" lon="152.926198"><ele>114.8</ele><time>2026-01-01T00:13:58Z</time></trkpt>
<trkpt lat="-27.468767" lon="152.926174"><ele>115.3</ele><time>2026-01-01T00:13:59Z</time></trkpt>
<trkpt lat="-27.468731" lon="152.926159"><ele>115.8</ele><time>2026-01-01T00:14:00Z</time></trkpt>
<trkpt lat="-27.468691" lon="152.926148"><ele>116.2</ele><time>2026-01-01T00:14:01Z</time></trkpt>
<trkpt lat="-27.468645" lon="152.926139"><ele>116.7</ele><time>2026-01-01T00:14:02Z</time></trkpt>
<trkpt lat="-27.468553" lon="152.926122"><ele>117.5</ele><time>2026-01-01T00:14:04Z</time></trkpt>
<trkpt lat="-27.46851" lon="152.926119"><ele>117.8</ele><time>2026-01-01T00:14:05Z</time></trkpt>
<trkpt lat="-27.468183" lon="152.926026"><ele>119.2</ele><time>2026-01-01T00:14:12Z</time></trkpt>
<trkpt lat="-27.468085" lon="152.926002"><ele>119.5</ele><time>2026-01-01T00:14:14Z</time></trkpt>
<trkpt lat="-27.46789" lon="152.925961"><ele>120.5</ele><time>2026-01-01T00:14:18Z</time></trkpt>
<trkpt lat="-27.467678" lon="152.925905"><ele>122.6</ele><time>2026-01-01T00:14:23Z</time></trkpt>
<trkpt lat="-27.467642" lon="152.9259"><ele>123.1</ele><time>2026-01-01T00:14:24Z</time></trkpt>
<trkpt lat="-27.467534" lon="152.925859"><ele>124.7</ele><time>2026-01-01T00:14:27Z</time></trkpt>
<trkpt lat="-27.467445" lon="152.925816"><ele>126.2</ele><time>2026-01-01T00:14:30Z</time></trkpt>
<trkpt lat="-27.467422" lon="152.925807"><ele>126.6</ele><time>2026-01-01T00:14:31Z</time></trkpt>
<trkpt lat="-27.467379" lon="152.925795"><ele>127.4</ele><time>2026-01-01T00:14:33Z</time></trkpt>
<trkpt lat="-27.467328" lon="152.925788"><ele>128.3</ele><time>2026-01-01T00:14:35Z</time></trkpt>
<trkpt lat="-27.467278" lon="152.925782"><ele>129.2</ele><time>2026-01-01T00:14:37Z</time></trkpt>
<trkpt lat="-27.467252" lon="152.925775"><ele>129.7</ele><time>2026-01-01T00:14:38Z</time></trkpt>
<trkpt lat="-27.467202" lon="152.925764"><ele>130.6</ele><time>2026-01-01T00:14:40Z</time></trkpt>
<trkpt lat="-27.46713" lon="152.925739"><ele>132</ele><time>2026-01-01T00:14:43Z</time></trkpt>
<trkpt lat="-27.467106" lon="152.925726"><ele>132.5</ele><time>2026-01-01T00:14:44Z</time></trkpt>
<trkpt lat="-27.467049" lon="152.925713"><ele>133.5</ele><time>2026-01-01T00:14:47Z</time></trkpt>
<trkpt lat="-27.467025" lon="152.925711"><ele>133.9</ele><time>2026-01-01T00:14:48Z</time></trkpt>
<trkpt lat="-27.466995" lon="152.925696"><ele>134.5</ele><time>2026-01-01T00:14:49Z</time></trkpt>
<trkpt lat="-27.466892" lon="152.925643"><ele>136.4</ele><time>2026-01-01T00:14:53Z</time></trkpt>
<trkpt lat="-27.466867" lon="152.925641"><ele>136.7</ele><time>2026-01-01T00:14:54Z</time></trkpt>
<trkpt lat="-27.466811" lon="152.925633"><ele>137.5</ele><time>2026-01-01T00:14:56Z</time></trkpt>
<trkpt lat="-27.466772" lon="152.925617"><ele>138.1</ele><time>2026-01-01T00:14:58Z</time></trkpt>
<trkpt lat="-27.466653" lon="152.925573"><ele>139.4</ele><time>2026-01-01T00:15:03Z</time></trkpt>
<trkpt lat="-27.466627" lon="152.925566"><ele>139.7</ele><time>2026-01-01T00:15:04Z</time></trkpt>
<trkpt lat="-27.466472" lon="152.925543"><ele>140.8</ele><time>2026-01-01T00:15:10Z</time></trkpt>
<trkpt lat="-27.466413" lon="152.925535"><ele>141.2</ele><time>2026-01-01T00:15:12Z</time></trkpt>
<trkpt lat="-27.46638" lon="152.925539"><ele>141.4</ele><time>2026-01-01T00:15:13Z</time></trkpt>
<trkpt lat="-27.466349" lon="152.925538"><ele>141.7</ele><time>2026-01-01T00:15:14Z</time></trkpt>
<trkpt lat="-27.466282" lon="152.925502"><ele>142.3</ele><time>2026-01-01T00:15:16Z</time></trkpt>
<trkpt lat="-27.466223" lon="152.925524"><ele>142.9</ele><time>2026-01-01T00:15:18Z</time></trkpt>
<trkpt lat="-27.466192" lon="152.925528"><ele>143.3</ele><time>2026-01-01T00:15:19Z</time></trkpt>
<trkpt lat="-27.466111" lon="152.925542"><ele>144.2</ele><time>2026-01-01T00:15:22Z</time></trkpt>
<trkpt lat="-27.466012" lon="152.925559"><ele>145.6</ele><time>2026-01-01T00:15:26Z</time></trkpt>
<trkpt lat="-27.465934" lon="152.925569"><ele>146.9</ele><time>2026-01-01T00:15:29Z</time></trkpt>
<trkpt lat="-27.4659" lon="152.925575"><ele>147.5</ele><time>2026-01-01T00:15:31Z</time></trkpt>
<trkpt lat="-27.465879" lon="152.925578"><ele>147.9</ele><time>2026-01-01T00:15:32Z</time></trkpt>
<trkpt lat="-27.465858" lon="152.92558"><ele>148.2</ele><time>2026-01-01T00:15:33Z</time></trkpt>
<trkpt lat="-27.465797" lon="152.925596"><ele>149.4</ele><time>2026-01-01T00:15:36Z</time></trkpt>
<trkpt lat="-27.465752" lon="152.92561"><ele>150.3</ele><time>2026-01-01T00:15:38Z</time></trkpt>
<trkpt lat="-27.465729" lon="152.925614"><ele>150.8</ele><time>2026-01-01T00:15:39Z</time></trkpt>
<trkpt lat="-27.46567" lon="152.925645"><ele>152</ele><time>2026-01-01T00:15:42Z</time></trkpt>
<trkpt lat="-27.465615" lon="152.925692"><ele>153.4</ele><time>2026-01-01T00:15:45Z</time></trkpt>
<trkpt lat="-27.465564" lon="152.925736"><ele>154.6</ele><time>2026-01-01T00:15:48Z</time></trkpt>
<trkpt lat="-27.465467" lon="152.925789"><ele>156.4</ele><time>2026-01-01T00:15:52Z</time></trkpt>
<trkpt lat="-27.465428" lon="152.925828"><ele>157.2</ele><time>2026-01-01T00:15:54Z</time></trkpt>
<trkpt lat="-27.465353" lon="152.925864"><ele>158.3</ele><time>2026-01-01T00:15:57Z</time></trkpt>
<trkpt lat="-27.465231" lon="152.925888"><ele>159.3</ele><time>2026-01-01T00:16:02Z</time></trkpt>
<trkpt lat="-27.465205" lon="152.925912"><ele>159.5</ele><time>2026-01-01T00:16:04Z</time></trkpt>
<trkpt lat="-27.465191" lon="152.92601"><ele>159.6</ele><time>2026-01-01T00:16:07Z</time></trkpt>
<trkpt lat="-27.465155" lon="152.926194"><ele>159</ele><time>2026-01-01T00:16:11Z</time></trkpt>
<trkpt lat="-27.465108" lon="152.92642"><ele>158.1</ele><time>2026-01-01T00:16:15Z</time></trkpt>
<trkpt lat="-27.465097" lon="152.926481"><ele>158</ele><time>2026-01-01T00:16:16Z</time></trkpt>
<trkpt lat="-27.465078" lon="152.926597"><ele>158</ele><time>2026-01-01T00:16:18Z</time></trkpt>
<trkpt lat="-27.465036" lon="152.926906"><ele>158.7</ele><time>2026-01-01T00:16:23Z</time></trkpt>
<trkpt lat="-27.465012" lon="152.927088"><ele>160.1</ele><time>2026-01-01T00:16:26Z</time></trkpt>
<trkpt lat="-27.464995" lon="152.927199"><ele>161.1</ele><time>2026-01-01T00:16:28Z</time></trkpt>
<trkpt lat="-27.464983" lon="152.927287"><ele>161.8</ele><time>2026-01-01T00:16:30Z</time></trkpt>
<trkpt lat="-27.464981" lon="152.927418"><ele>162.6</ele><time>2026-01-01T00:16:33Z</time></trkpt>
<trkpt lat="-27.465006" lon="152.927595"><ele>163.3</ele><time>2026-01-01T00:16:38Z</time></trkpt>
<trkpt lat="-27.465039" lon="152.927704"><ele>163.1</ele><time>2026-01-01T00:16:41Z</time></trkpt>
<trkpt lat="-27.465083" lon="152.927837"><ele>162.3</ele><time>2026-01-01T00:16:44Z</time></trkpt>
<trkpt lat="-27.465151" lon="152.927998"><ele>160.6</ele><time>2026-01-01T00:16:47Z</time></trkpt>
<trkpt lat="-27.465193" lon="152.928065"><ele>159.6</ele><time>2026-01-01T00:16:48Z</time></trkpt>
<trkpt lat="-27.465247" lon="152.928128"><ele>158.6</ele><time>2026-01-01T00:16:49Z</time></trkpt>
<trkpt lat="-27.465328" lon="152.928343"><ele>156.3</ele><time>2026-01-01T00:16:51Z</time></trkpt>
<trkpt lat="-27.465377" lon="152.928581"><ele>154.7</ele><time>2026-01-01T00:16:53Z</time></trkpt>
<trkpt lat="-27.465401" lon="152.928693"><ele>154.1</ele><time>2026-01-01T00:16:54Z</time></trkpt>
<trkpt lat="-27.465414" lon="152.928798"><ele>153.4</ele><time>2026-01-01T00:16:55Z</time></trkpt>
<trkpt lat="-27.465411" lon="152.929009"><ele>151.8</ele><time>2026-01-01T00:16:57Z</time></trkpt>
<trkpt lat="-27.465413" lon="152.929102"><ele>150.8</ele><time>2026-01-01T00:16:58Z</time></trkpt>
<trkpt lat="-27.465408" lon="152.929179"><ele>150</ele><time>2026-01-01T00:16:59Z</time></trkpt>
<trkpt lat="-27.46538" lon="152.929316"><ele>148.2</ele><time>2026-01-01T00:17:01Z</time></trkpt>
<trkpt lat="-27.465353" lon="152.929388"><ele>147.1</ele><time>2026-01-01T00:17:02Z</time></trkpt>
<trkpt lat="-27.465302" lon="152.929456"><ele>145.8</ele><time>2026-01-01T00:17:03Z</time></trkpt>
<trkpt lat="-27.465248" lon="152.92951"><ele>144.7</ele><time>2026-01-01T00:17:04Z</time></trkpt>
<trkpt lat="-27.465182" lon="152.929561"><ele>143.4</ele><time>2026-01-01T00:17:05Z</time></trkpt>
<trkpt lat="-27.465109" lon="152.92961"><ele>142.2</ele><time>2026-01-01T00:17:06Z</time></trkpt>
<trkpt lat="-27.464956" lon="152.92973"><ele>139.5</ele><time>2026-01-01T00:17:08Z</time></trkpt>
<trkpt lat="-27.464877" lon="152.929797"><ele>138</ele><time>2026-01-01T00:17:09Z</time></trkpt>
<trkpt lat="-27.464794" lon="152.929864"><ele>136.3</ele><time>2026-01-01T00:17:10Z</time></trkpt>
<trkpt lat="-27.464629" lon="152.93"><ele>132.8</ele><time>2026-01-01T00:17:12Z</time></trkpt>
<trkpt lat="-27.464548" lon="152.930069"><ele>131.1</ele><time>2026-01-01T00:17:13Z</time></trkpt>
<trkpt lat="-27.464465" lon="152.930131"><ele>129.4</ele><time>2026-01-01T00:17:14Z</time></trkpt>
<trkpt lat="-27.46428" lon="152.930217"><ele>128.8</ele><time>2026-01-01T00:17:16Z</time></trkpt>
<trkpt lat="-27.464187" lon="152.930242"><ele>128.8</ele><time>2026-01-01T00:17:17Z</time></trkpt>
<trkpt lat="-27.464097" lon="152.930255"><ele>127.9</ele><time>2026-01-01T00:17:18Z</time></trkpt>
<trkpt lat="-27.463933" lon="152.930265"><ele>125.1</ele><time>2026-01-01T00:17:20Z</time></trkpt>
<trkpt lat="-27.463862" lon="152.930244"><ele>123.9</ele><time>2026-01-01T00:17:21Z</time></trkpt>
<trkpt lat="-27.463794" lon="152.930184"><ele>122.5</ele><time>2026-01-01T00:17:22Z</time></trkpt>
<trkpt lat="-27.463731" lon="152.930114"><ele>121.1</ele><time>2026-01-01T00:17:23Z</time></trkpt>
<trkpt lat="-27.46367" lon="152.930044"><ele>119.9</ele><time>2026-01-01T00:17:24Z</time></trkpt>
<trkpt lat="-27.463545" lon="152.929889"><ele>117.8</ele><time>2026-01-01T00:17:26Z</time></trkpt>
<trkpt lat="-27.463482" lon="152.929802"><ele>117.1</ele><time>2026-01-01T00:17:27Z</time></trkpt>
<trkpt lat="-27.463427" lon="152.929701"><ele>116.5</ele><time>2026-01-01T00:17:28Z</time></trkpt>
<trkpt lat="-27.463378" lon="152.929605"><ele>115.9</ele><time>2026-01-01T00:17:29Z</time></trkpt>
<trkpt lat="-27.463331" lon="152.929492"><ele>115.3</ele><time>2026-01-01T00:17:30Z</time></trkpt>
<trkpt lat="-27.463243" lon="152.929276"><ele>114.2</ele><time>2026-01-01T00:17:32Z</time></trkpt>
<trkpt lat="-27.463094" lon="152.928973"><ele>112.6</ele><time>2026-01-01T00:17:35Z</time></trkpt>
<trkpt lat="-27.463033" lon="152.928876"><ele>112.1</ele><time>2026-01-01T00:17:36Z</time></trkpt>
<trkpt lat="-27.462969" lon="152.928778"><ele>111.5</ele><time>2026-01-01T00:17:37Z</time></trkpt>
<trkpt lat="-27.462837" lon="152.928597"><ele>110.6</ele><time>2026-01-01T00:17:39Z</time></trkpt>
<trkpt lat="-27.462688" lon="152.928437"><ele>109.6</ele><time>2026-01-01T00:17:41Z</time></trkpt>
<trkpt lat="-27.462599" lon="152.928368"><ele>109.1</ele><time>2026-01-01T00:17:42Z</time></trkpt>
<trkpt lat="-27.462404" lon="152.928274"><ele>108.2</ele><time>2026-01-01T00:17:44Z</time></trkpt>
<trkpt lat="-27.462301" lon="152.928239"><ele>107.8</ele><time>2026-01-01T00:17:45Z</time></trkpt>
<trkpt lat="-27.462199" lon="152.928218"><ele>107.6</ele><time>2026-01-01T00:17:46Z</time></trkpt>
<trkpt lat="-27.461999" lon="152.928208"><ele>107.2</ele><time>2026-01-01T00:17:48Z</time></trkpt>
<trkpt lat="-27.461703" lon="152.928269"><ele>106.8</ele><time>2026-01-01T00:17:51Z</time></trkpt>
<trkpt lat="-27.461613" lon="152.928315"><ele>106.5</ele><time>2026-01-01T00:17:52Z</time></trkpt>
<trkpt lat="-27.461141" lon="152.928592"><ele>102.8</ele><time>2026-01-01T00:17:57Z</time></trkpt>
<trkpt lat="-27.460939" lon="152.928737"><ele>100.6</ele><time>2026-01-01T00:17:59Z</time></trkpt>
<trkpt lat="-27.460843" lon="152.928818"><ele>99.4</ele><time>2026-01-01T00:18:00Z</time></trkpt>
<trkpt lat="-27.460749" lon="152.928905"><ele>98.1</ele><time>2026-01-01T00:18:01Z</time></trkpt>
<trkpt lat="-27.46066" lon="152.928993"><ele>96.8</ele><time>2026-01-01T00:18:02Z</time></trkpt>
<trkpt lat="-27.46049" lon="152.929165"><ele>94.1</ele><time>2026-01-01T00:18:04Z</time></trkpt>
<trkpt lat="-27.460403" lon="152.929248"><ele>92.7</ele><time>2026-01-01T00:18:05Z</time></trkpt>
<trkpt lat="-27.460311" lon="152.929331"><ele>91.2</ele><time>2026-01-01T00:18:06Z</time></trkpt>
<trkpt lat="-27.460205" lon="152.929415"><ele>89.3</ele><time>2026-01-01T00:18:07Z</time></trkpt>
<trkpt lat="-27.460084" lon="152.92949"><ele>87.3</ele><time>2026-01-01T00:18:08Z</time></trkpt>
<trkpt lat="-27.459952" lon="152.929553"><ele>85.1</ele><time>2026-01-01T00:18:09Z</time></trkpt>
<trkpt lat="-27.459812" lon="152.929608"><ele>83.2</ele><time>2026-01-01T00:18:10Z</time></trkpt>
<trkpt lat="-27.459667" lon="152.929654"><ele>81.7</ele><time>2026-01-01T00:18:11Z</time></trkpt>
<trkpt lat="-27.459395" lon="152.929721"><ele>80.1</ele><time>2026-01-01T00:18:13Z</time></trkpt>
<trkpt lat="-27.459277" lon="152.92978"><ele>79.8</ele><time>2026-01-01T00:18:14Z</time></trkpt>
<trkpt lat="-27.459168" lon="152.929855"><ele>79.7</ele><time>2026-01-01T00:18:15Z</time></trkpt>
<trkpt lat="-27.458978" lon="152.93005"><ele>80.4</ele><time>2026-01-01T00:18:17Z</time></trkpt>
<trkpt lat="-27.458659" lon="152.930405"><ele>82.7</ele><time>2026-01-01T00:18:21Z</time></trkpt>
<trkpt lat="-27.458581" lon="152.930467"><ele>83.3</ele><time>2026-01-01T00:18:22Z</time></trkpt>
<trkpt lat="-27.458428" lon="152.930559"><ele>84.6</ele><time>2026-01-01T00:18:24Z</time></trkpt>
<trkpt lat="-27.458359" lon="152.930594"><ele>85.2</ele><time>2026-01-01T00:18:25Z</time></trkpt>
<trkpt lat="-27.458296" lon="152.930617"><ele>85.7</ele><time>2026-01-01T00:18:26Z</time></trkpt>
<trkpt lat="-27.458238" lon="152.930634"><ele>86</ele><time>2026-01-01T00:18:27Z</time></trkpt>
<trkpt lat="-27.458131" lon="152.930648"><ele>86.3</ele><time>2026-01-01T00:18:29Z</time></trkpt>
<trkpt lat="-27.458012" lon="152.93064"><ele>86.3</ele><time>2026-01-01T00:18:31Z</time></trkpt>
<trkpt lat="-27.457879" lon="152.930615"><ele>86.2</ele><time>2026-01-01T00:18:33Z</time></trkpt>
<trkpt lat="-27.457739" lon="152.930549"><ele>86</ele><time>2026-01-01T00:18:35Z</time></trkpt>
<trkpt lat="-27.457599" lon="152.930483"><ele>85.8</ele><time>2026-01-01T00:18:37Z</time></trkpt>
<trkpt lat="-27.457459" lon="152.930438"><ele>85.6</ele><time>2026-01-01T00:18:39Z</time></trkpt>
<trkpt lat="-27.457112" lon="152.930272"><ele>83.9</ele><time>2026-01-01T00:18:44Z</time></trkpt>
<trkpt lat="-27.457036" lon="152.930223"><ele>83.4</ele><time>2026-01-01T00:18:45Z</time></trkpt>
<trkpt lat="-27.456956" lon="152.930176"><ele>82.7</ele><time>2026-01-01T00:18:46Z</time></trkpt>
<trkpt lat="-27.456772" lon="152.930113"><ele>81.9</ele><time>2026-01-01T00:18:48Z</time></trkpt>
<trkpt lat="-27.456681" lon="152.930116"><ele>81.9</ele><time>2026-01-01T00:18:49Z</time></trkpt>
<trkpt lat="-27.456597" lon="152.930149"><ele>82.1</ele><time>2026-01-01T00:18:50Z</time></trkpt>
<trkpt lat="-27.456516" lon="152.930188"><ele>82.4</ele><time>2026-01-01T00:18:51Z</time></trkpt>
<trkpt lat="-27.45645" lon="152.930234"><ele>82.6</ele><time>2026-01-01T00:18:52Z</time></trkpt>
<trkpt lat="-27.456278" lon="152.930354"><ele>82</ele><time>2026-01-01T00:18:55Z</time></trkpt>
<trkpt lat="-27.456025" lon="152.930558"><ele>78.3</ele><time>2026-01-01T00:18:59Z</time></trkpt>
<trkpt lat="-27.45595" lon="152.930612"><ele>77.1</ele><time>2026-01-01T00:19:00Z</time></trkpt>
<trkpt lat="-27.45587" lon="152.930668"><ele>75.8</ele><time>2026-01-01T00:19:01Z</time></trkpt>
<trkpt lat="-27.455696" lon="152.930792"><ele>73.5</ele><time>2026-01-01T00:19:03Z</time></trkpt>
<trkpt lat="-27.455595" lon="152.930857"><ele>73.1</ele><time>2026-01-01T00:19:04Z</time></trkpt>
<trkpt lat="-27.455228" lon="152.931117"><ele>74</ele><time>2026-01-01T00:19:08Z</time></trkpt>
<trkpt lat="-27.454897" lon="152.931272"><ele>73.7</ele><time>2026-01-01T00:19:12Z</time></trkpt>
<trkpt lat="-27.454807" lon="152.9313"><ele>73.7</ele><time>2026-01-01T00:19:13Z</time></trkpt>
<trkpt lat="-27.454452" lon="152.931376"><ele>73.7</ele><time>2026-01-01T00:19:17Z</time></trkpt>
<trkpt lat="-27.454365" lon="152.931396"><ele>73.7</ele><time>2026-01-01T00:19:18Z</time></trkpt>
<trkpt lat="-27.454111" lon="152.931448"><ele>73.5</ele><time>2026-01-01T00:19:21Z</time></trkpt>
<trkpt lat="-27.453667" lon="152.931522"><ele>72</ele><time>2026-01-01T00:19:26Z</time></trkpt>
<trkpt lat="-27.453363" lon="152.931566"><ele>69.8</ele><time>2026-01-01T00:19:29Z</time></trkpt>
<trkpt lat="-27.453252" lon="152.931581"><ele>69.2</ele><time>2026-01-01T00:19:30Z</time></trkpt>
<trkpt lat="-27.453139" lon="152.931596"><ele>69</ele><time>2026-01-01T00:19:31Z</time></trkpt>
<trkpt lat="-27.452529" lon="152.93167"><ele>72.5</ele><time>2026-01-01T00:19:37Z</time></trkpt>
<trkpt lat="-27.45245" lon="152.931677"><ele>73.2</ele><time>2026-01-01T00:19:38Z</time></trkpt>
<trkpt lat="-27.452232" lon="152.931711"><ele>74.3</ele><time>2026-01-01T00:19:41Z</time></trkpt>
<trkpt lat="-27.452033" lon="152.931757"><ele>75.2</ele><time>2026-01-01T00:19:44Z</time></trkpt>
<trkpt lat="-27.451849" lon="152.931786"><ele>76</ele><time>2026-01-01T00:19:47Z</time></trkpt>
<trkpt lat="-27.451773" lon="152.93187"><ele>75.9</ele><time>2026-01-01T00:19:49Z</time></trkpt>
<trkpt lat="-27.451783" lon="152.932011"><ele>75.4</ele><time>2026-01-01T00:19:51Z</time></trkpt>
<trkpt lat="-27.45181" lon="152.932086"><ele>74.8</ele><time>2026-01-01T00:19:52Z</time></trkpt>
<trkpt lat="-27.451836" lon="152.932167"><ele>72.8</ele><time>2026-01-01T00:19:53Z</time></trkpt>
<trkpt lat="-27.451854" lon="152.932264"><ele>71.1</ele><time>2026-01-01T00:19:54Z</time></trkpt>
<trkpt lat="-27.451855" lon="152.93237"><ele>70.4</ele><time>2026-01-01T00:19:55Z</time></trkpt>
<trkpt lat="-27.451835" lon="152.932591"><ele>69.3</ele><time>2026-01-01T00:19:57Z</time></trkpt>
<trkpt lat="-27.45181" lon="152.932812"><ele>68.3</ele><time>2026-01-01T00:19:59Z</time></trkpt>
<trkpt lat="-27.451798" lon="152.932923"><ele>67.9</ele><time>2026-01-01T00:20:00Z</time></trkpt>
<trkpt lat="-27.451788" lon="152.933038"><ele>67.4</ele><time>2026-01-01T00:20:01Z</time></trkpt>
<trkpt lat="-27.451748" lon="152.933593"><ele>65.6</ele><time>2026-01-01T00:20:06Z</time></trkpt>
<trkpt lat="-27.451752" lon="152.933708"><ele>65.2</ele><time>2026-01-01T00:20:07Z</time></trkpt>
<trkpt lat="-27.451788" lon="152.934044"><ele>63.6</ele><time>2026-01-01T00:20:10Z</time></trkpt>
<trkpt lat="-27.451835" lon="152.934274"><ele>62.4</ele><time>2026-01-01T00:20:12Z</time></trkpt>
<trkpt lat="-27.451869" lon="152.934516"><ele>61.6</ele><time>2026-01-01T00:20:14Z</time></trkpt>
<trkpt lat="-27.451876" lon="152.934637"><ele>61.4</ele><time>2026-01-01T00:20:15Z</time></trkpt>
<trkpt lat="-27.451875" lon="152.934734"><ele>61.3</ele><time>2026-01-01T00:20:16Z</time></trkpt>
<trkpt lat="-27.451844" lon="152.93509"><ele>61.4</ele><time>2026-01-01T00:20:19Z</time></trkpt>
<trkpt lat="-27.451805" lon="152.935454"><ele>61.7</ele><time>2026-01-01T00:20:22Z</time></trkpt>
<trkpt lat="-27.451774" lon="152.935872"><ele>62.8</ele><time>2026-01-01T00:20:26Z</time></trkpt>
<trkpt lat="-27.451771" lon="152.936031"><ele>63.9</ele><time>2026-01-01T00:20:28Z</time></trkpt>
<trkpt lat="-27.451767" lon="152.936216"><ele>64.8</ele><time>2026-01-01T00:20:30Z</time></trkpt>
<trkpt lat="-27.451773" lon="152.936381"><ele>64.7</ele><time>2026-01-01T00:20:32Z</time></trkpt>
<trkpt lat="-27.451807" lon="152.93664"><ele>62.9</ele><time>2026-01-01T00:20:35Z</time></trkpt>
<trkpt lat="-27.451848" lon="152.936965"><ele>59.1</ele><time>2026-01-01T00:20:38Z</time></trkpt>
<trkpt lat="-27.451863" lon="152.937087"><ele>57.7</ele><time>2026-01-01T00:20:39Z</time></trkpt>
<trkpt lat="-27.451878" lon="152.937213"><ele>56.4</ele><time>2026-01-01T00:20:40Z</time></trkpt>
<trkpt lat="-27.451893" lon="152.937344"><ele>55.3</ele><time>2026-01-01T00:20:41Z</time></trkpt>
<trkpt lat="-27.451909" lon="152.937475"><ele>54.4</ele><time>2026-01-01T00:20:42Z</time></trkpt>
<trkpt lat="-27.451946" lon="152.937736"><ele>53.3</ele><time>2026-01-01T00:20:44Z</time></trkpt>
<trkpt lat="-27.451984" lon="152.937987"><ele>52.9</ele><time>2026-01-01T00:20:46Z</time></trkpt>
<trkpt lat="-27.452013" lon="152.938226"><ele>52.6</ele><time>2026-01-01T00:20:48Z</time></trkpt>
<trkpt lat="-27.45203" lon="152.938333"><ele>52.6</ele><time>2026-01-01T00:20:49Z</time></trkpt>
<trkpt lat="-27.452043" lon="152.938434"><ele>52.8</ele><time>2026-01-01T00:20:50Z</time></trkpt>
<trkpt lat="-27.452044" lon="152.938537"><ele>53</ele><time>2026-01-01T00:20:51Z</time></trkpt>
<trkpt lat="-27.452015" lon="152.938726"><ele>53.5</ele><time>2026-01-01T00:20:53Z</time></trkpt>
<trkpt lat="-27.45193" lon="152.939041"><ele>55.6</ele><time>2026-01-01T00:20:57Z</time></trkpt>
<trkpt lat="-27.451909" lon="152.939108"><ele>56.3</ele><time>2026-01-01T00:20:58Z</time></trkpt>
<trkpt lat="-27.451866" lon="152.939231"><ele>57.6</ele><time>2026-01-01T00:21:00Z</time></trkpt>
<trkpt lat="-27.451794" lon="152.939403"><ele>59.7</ele><time>2026-01-01T00:21:03Z</time></trkpt>
<trkpt lat="-27.451768" lon="152.939456"><ele>60.3</ele><time>2026-01-01T00:21:04Z</time></trkpt>
<trkpt lat="-27.451743" lon="152.939508"><ele>61</ele><time>2026-01-01T00:21:05Z</time></trkpt>
<trkpt lat="-27.451719" lon="152.939559"><ele>61.5</ele><time>2026-01-01T00:21:06Z</time></trkpt>
<trkpt lat="-27.451691" lon="152.939604"><ele>62</ele><time>2026-01-01T00:21:07Z</time></trkpt>
<trkpt lat="-27.451662" lon="152.939644"><ele>62.4</ele><time>2026-01-01T00:21:08Z</time></trkpt>
<trkpt lat="-27.451632" lon="152.939682"><ele>62.8</ele><time>2026-01-01T00:21:09Z</time></trkpt>
<trkpt lat="-27.451527" lon="152.939811"><ele>63.8</ele><time>2026-01-01T00:21:12Z</time></trkpt>
<trkpt lat="-27.451409" lon="152.939986"><ele>64.3</ele><time>2026-01-01T00:21:16Z</time></trkpt>
<trkpt lat="-27.451295" lon="152.940145"><ele>63.9</ele><time>2026-01-01T00:21:19Z</time></trkpt>
<trkpt lat="-27.451198" lon="152.940315"><ele>63</ele><time>2026-01-01T00:21:22Z</time></trkpt>
<trkpt lat="-27.451115" lon="152.940451"><ele>61.9</ele><time>2026-01-01T00:21:24Z</time></trkpt>
<trkpt lat="-27.451023" lon="152.940604"><ele>60.7</ele><time>2026-01-01T00:21:26Z</time></trkpt>
<trkpt lat="-27.450922" lon="152.940762"><ele>59.3</ele><time>2026-01-01T00:21:28Z</time></trkpt>
<trkpt lat="-27.45087" lon="152.940844"><ele>58.4</ele><time>2026-01-01T00:21:29Z</time></trkpt>
<trkpt lat="-27.450814" lon="152.940932"><ele>57.4</ele><time>2026-01-01T00:21:30Z</time></trkpt>
<trkpt lat="-27.450755" lon="152.941024"><ele>56.3</ele><time>2026-01-01T00:21:31Z</time></trkpt>
<trkpt lat="-27.450693" lon="152.941117"><ele>55.2</ele><time>2026-01-01T00:21:32Z</time></trkpt>
<trkpt lat="-27.45063" lon="152.941211"><ele>54.2</ele><time>2026-01-01T00:21:33Z</time></trkpt>
<trkpt lat="-27.450564" lon="152.941309"><ele>53.3</ele><time>2026-01-01T00:21:34Z</time></trkpt>
<trkpt lat="-27.450496" lon="152.941406"><ele>52.6</ele><time>2026-01-01T00:21:35Z</time></trkpt>
<trkpt lat="-27.450362" lon="152.941601"><ele>51.6</ele><time>2026-01-01T00:21:37Z</time></trkpt>
<trkpt lat="-27.450229" lon="152.94179"><ele>51.3</ele><time>2026-01-01T00:21:39Z</time></trkpt>
<trkpt lat="-27.450106" lon="152.941966"><ele>51</ele><time>2026-01-01T00:21:41Z</time></trkpt>
<trkpt lat="-27.450045" lon="152.942046"><ele>50.9</ele><time>2026-01-01T00:21:42Z</time></trkpt>
<trkpt lat="-27.449988" lon="152.942125"><ele>50.9</ele><time>2026-01-01T00:21:43Z</time></trkpt>
<trkpt lat="-27.449708" lon="152.942531"><ele>50.8</ele><time>2026-01-01T00:21:48Z</time></trkpt>
<trkpt lat="-27.449433" lon="152.942893"><ele>51.4</ele><time>2026-01-01T00:21:53Z</time></trkpt>
<trkpt lat="-27.44923" lon="152.943173"><ele>51.3</ele><time>2026-01-01T00:21:57Z</time></trkpt>
<trkpt lat="-27.449182" lon="152.943243"><ele>51.4</ele><time>2026-01-01T00:21:58Z</time></trkpt>
<trkpt lat="-27.448925" lon="152.943648"><ele>53.1</ele><time>2026-01-01T00:22:04Z</time></trkpt>
<trkpt lat="-27.448886" lon="152.943709"><ele>53.5</ele><time>2026-01-01T00:22:05Z</time></trkpt>
<trkpt lat="-27.448769" lon="152.943876"><ele>54.7</ele><time>2026-01-01T00:22:08Z</time></trkpt>
<trkpt lat="-27.4487" lon="152.943983"><ele>55.6</ele><time>2026-01-01T00:22:10Z</time></trkpt>
<trkpt lat="-27.448672" lon="152.944035"><ele>56</ele><time>2026-01-01T00:22:11Z</time></trkpt>
<trkpt lat="-27.448644" lon="152.944084"><ele>56.4</ele><time>2026-01-01T00:22:12Z</time></trkpt>
<trkpt lat="-27.44855" lon="152.944192"><ele>57</ele><time>2026-01-01T00:22:15Z</time></trkpt>
<trkpt lat="-27.448516" lon="152.944222"><ele>57.1</ele><time>2026-01-01T00:22:16Z</time></trkpt>
<trkpt lat="-27.448286" lon="152.944381"><ele>56.3</ele><time>2026-01-01T00:22:21Z</time></trkpt>
<trkpt lat="-27.448227" lon="152.944406"><ele>56.1</ele><time>2026-01-01T00:22:22Z</time></trkpt>
<trkpt lat="-27.448165" lon="152.94443"><ele>55.8</ele><time>2026-01-01T00:22:23Z</time></trkpt>
<trkpt lat="-27.447974" lon="152.944476"><ele>55.7</ele><time>2026-01-01T00:22:26Z</time></trkpt>
<trkpt lat="-27.447719" lon="152.944492"><ele>57.1</ele><time>2026-01-01T00:22:30Z</time></trkpt>
<trkpt lat="-27.447665" lon="152.944488"><ele>57.5</ele><time>2026-01-01T00:22:31Z</time></trkpt>
<trkpt lat="-27.447614" lon="152.944482"><ele>58</ele><time>2026-01-01T00:22:32Z</time></trkpt>
<trkpt lat="-27.447492" lon="152.944449"><ele>59.1</ele><time>2026-01-01T00:22:35Z</time></trkpt>
<trkpt lat="-27.447298" lon="152.944344"><ele>60.8</ele><time>2026-01-01T00:22:41Z</time></trkpt>
<trkpt lat="-27.44712" lon="152.944268"><ele>61.8</ele><time>2026-01-01T00:22:46Z</time></trkpt>
<trkpt lat="-27.447016" lon="152.944227"><ele>61.8</ele><time>2026-01-01T00:22:49Z</time></trkpt>
<trkpt lat="-27.446742" lon="152.944117"><ele>61.9</ele><time>2026-01-01T00:22:56Z</time></trkpt>
<trkpt lat="-27.446364" lon="152.943962"><ele>60.1</ele><time>2026-01-01T00:23:03Z</time></trkpt>
<trkpt lat="-27.446091" lon="152.943833"><ele>57.5</ele><time>2026-01-01T00:23:07Z</time></trkpt>
<trkpt lat="-27.446007" lon="152.943808"><ele>56.6</ele><time>2026-01-01T00:23:08Z</time></trkpt>
<trkpt lat="-27.445819" lon="152.943772"><ele>54.3</ele><time>2026-01-01T00:23:10Z</time></trkpt>
<trkpt lat="-27.445716" lon="152.943764"><ele>53</ele><time>2026-01-01T00:23:11Z</time></trkpt>
<trkpt lat="-27.445609" lon="152.94376"><ele>51.6</ele><time>2026-01-01T00:23:12Z</time></trkpt>
<trkpt lat="-27.445495" lon="152.943762"><ele>50.1</ele><time>2026-01-01T00:23:13Z</time></trkpt>
<trkpt lat="-27.445378" lon="152.943773"><ele>48.8</ele><time>2026-01-01T00:23:14Z</time></trkpt>
<trkpt lat="-27.445258" lon="152.943795"><ele>48.3</ele><time>2026-01-01T00:23:15Z</time></trkpt>
<trkpt lat="-27.445138" lon="152.943816"><ele>47.6</ele><time>2026-01-01T00:23:16Z</time></trkpt>
<trkpt lat="-27.444552" lon="152.943866"><ele>47.2</ele><time>2026-01-01T00:23:21Z</time></trkpt>
<trkpt lat="-27.444349" lon="152.943843"><ele>47.8</ele><time>2026-01-01T00:23:23Z</time></trkpt>
<trkpt lat="-27.444176" lon="152.943838"><ele>48.9</ele><time>2026-01-01T00:23:25Z</time></trkpt>
<trkpt lat="-27.444099" lon="152.943839"><ele>49.7</ele><time>2026-01-01T00:23:26Z</time></trkpt>
<trkpt lat="-27.443872" lon="152.943842"><ele>52.2</ele><time>2026-01-01T00:23:29Z</time></trkpt>
<trkpt lat="-27.4438" lon="152.943847"><ele>53.1</ele><time>2026-01-01T00:23:30Z</time></trkpt>
<trkpt lat="-27.443731" lon="152.943856"><ele>53.8</ele><time>2026-01-01T00:23:31Z</time></trkpt>
<trkpt lat="-27.443613" lon="152.943868"><ele>55.1</ele><time>2026-01-01T00:23:33Z</time></trkpt>
<trkpt lat="-27.443505" lon="152.943877"><ele>56.2</ele><time>2026-01-01T00:23:35Z</time></trkpt>
<trkpt lat="-27.443464" lon="152.943882"><ele>56.6</ele><time>2026-01-01T00:23:36Z</time></trkpt>
<trkpt lat="-27.443376" lon="152.94389"><ele>57.5</ele><time>2026-01-01T00:23:39Z</time></trkpt>
<trkpt lat="-27.443323" lon="152.943901"><ele>58</ele><time>2026-01-01T00:23:44Z</time></trkpt>
<trkpt lat="-27.443323" lon="152.943901"><ele>58</ele><time>2026-01-01T00:23:45Z</time></trkpt>
<trkpt lat="-27.44326" lon="152.943867"><ele>58.1</ele><time>2026-01-01T00:24:08Z</time></trkpt>
<trkpt lat="-27.4432" lon="152.943867"><ele>58.3</ele><time>2026-01-01T00:24:10Z</time></trkpt>
<trkpt lat="-27.44307" lon="152.943901"><ele>58.5</ele><time>2026-01-01T00:24:13Z</time></trkpt>
<trkpt lat="-27.443025" lon="152.943922"><ele>58.1</ele><time>2026-01-01T00:24:14Z</time></trkpt>
<trkpt lat="-27.442707" lon="152.943999"><ele>54.8</ele><time>2026-01-01T00:24:19Z</time></trkpt>
<trkpt lat="-27.442621" lon="152.944012"><ele>53.6</ele><time>2026-01-01T00:24:20Z</time></trkpt>
<trkpt lat="-27.442438" lon="152.944039"><ele>50.8</ele><time>2026-01-01T00:24:22Z</time></trkpt>
<trkpt lat="-27.442338" lon="152.944047"><ele>49.4</ele><time>2026-01-01T00:24:23Z</time></trkpt>
<trkpt lat="-27.442129" lon="152.94403"><ele>46.9</ele><time>2026-01-01T00:24:25Z</time></trkpt>
<trkpt lat="-27.441907" lon="152.943996"><ele>45.5</ele><time>2026-01-01T00:24:27Z</time></trkpt>
<trkpt lat="-27.441792" lon="152.943975"><ele>44.9</ele><time>2026-01-01T00:24:28Z</time></trkpt>
<trkpt lat="-27.441563" lon="152.943932"><ele>43.9</ele><time>2026-01-01T00:24:30Z</time></trkpt>
<trkpt lat="-27.441452" lon="152.943919"><ele>43.8</ele><time>2026-01-01T00:24:31Z</time></trkpt>
<trkpt lat="-27.441339" lon="152.943904"><ele>43.9</ele><time>2026-01-01T00:24:32Z</time></trkpt>
<trkpt lat="-27.441232" lon="152.943884"><ele>44</ele><time>2026-01-01T00:24:33Z</time></trkpt>
<trkpt lat="-27.440829" lon="152.943818"><ele>44.6</ele><time>2026-01-01T00:24:37Z</time></trkpt>
<trkpt lat="-27.440739" lon="152.943808"><ele>44.8</ele><time>2026-01-01T00:24:38Z</time></trkpt>
<trkpt lat="-27.440319" lon="152.943754"><ele>45.3</ele><time>2026-01-01T00:24:43Z</time></trkpt>
<trkpt lat="-27.440071" lon="152.943699"><ele>45.3</ele><time>2026-01-01T00:24:46Z</time></trkpt>
<trkpt lat="-27.439839" lon="152.943652"><ele>45.3</ele><time>2026-01-01T00:24:49Z</time></trkpt>
<trkpt lat="-27.439395" lon="152.943603"><ele>44.7</ele><time>2026-01-01T00:24:54Z</time></trkpt>
<trkpt lat="-27.439216" lon="152.943574"><ele>44.8</ele><time>2026-01-01T00:24:56Z</time></trkpt>
<trkpt lat="-27.438812" lon="152.943509"><ele>45.2</ele><time>2026-01-01T00:25:01Z</time></trkpt>
<trkpt lat="-27.438553" lon="152.943473"><ele>46.2</ele><time>2026-01-01T00:25:05Z</time></trkpt>
<trkpt lat="-27.4385" lon="152.94347"><ele>46.4</ele><time>2026-01-01T00:25:06Z</time></trkpt>
<trkpt lat="-27.438402" lon="152.94346"><ele>47</ele><time>2026-01-01T00:25:08Z</time></trkpt>
<trkpt lat="-27.438269" lon="152.943438"><ele>48</ele><time>2026-01-01T00:25:11Z</time></trkpt>
<trkpt lat="-27.438197" lon="152.943427"><ele>49</ele><time>2026-01-01T00:25:13Z</time></trkpt>
<trkpt lat="-27.43807" lon="152.943407"><ele>50.6</ele><time>2026-01-01T00:25:16Z</time></trkpt>
<trkpt lat="-27.437951" lon="152.943388"><ele>51.9</ele><time>2026-01-01T00:25:19Z</time></trkpt>
<trkpt lat="-27.437803" lon="152.943369"><ele>53.4</ele><time>2026-01-01T00:25:23Z</time></trkpt>
<trkpt lat="-27.437637" lon="152.943339"><ele>54.8</ele><time>2026-01-01T00:25:27Z</time></trkpt>
<trkpt lat="-27.437596" lon="152.943332"><ele>55.1</ele><time>2026-01-01T00:25:28Z</time></trkpt>
<trkpt lat="-27.437405" lon="152.943308"><ele>55.8</ele><time>2026-01-01T00:25:33Z</time></trkpt>
<trkpt lat="-27.437209" lon="152.943297"><ele>56.6</ele><time>2026-01-01T00:25:38Z</time></trkpt>
<trkpt lat="-27.437119" lon="152.943295"><ele>57.2</ele><time>2026-01-01T00:25:40Z</time></trkpt>
<trkpt lat="-27.436859" lon="152.943267"><ele>58.5</ele><time>2026-01-01T00:25:46Z</time></trkpt>
<trkpt lat="-27.436698" lon="152.943258"><ele>59.1</ele><time>2026-01-01T00:25:50Z</time></trkpt>
<trkpt lat="-27.436565" lon="152.943262"><ele>60</ele><time>2026-01-01T00:25:53Z</time></trkpt>
<trkpt lat="-27.436484" lon="152.94326"><ele>60.6</ele><time>2026-01-01T00:25:55Z</time></trkpt>
<trkpt lat="-27.436406" lon="152.943262"><ele>61.3</ele><time>2026-01-01T00:25:57Z</time></trkpt>
<trkpt lat="-27.436246" lon="152.943275"><ele>62.6</ele><time>2026-01-01T00:26:01Z</time></trkpt>
<trkpt lat="-27.436206" lon="152.943276"><ele>62.9</ele><time>2026-01-01T00:26:02Z</time></trkpt>
<trkpt lat="-27.436091" lon="152.943282"><ele>63.7</ele><time>2026-01-01T00:26:05Z</time></trkpt>
<trkpt lat="-27.435936" lon="152.943286"><ele>64.1</ele><time>2026-01-01T00:26:09Z</time></trkpt>
<trkpt lat="-27.435731" lon="152.943272"><ele>65.5</ele><time>2026-01-01T00:26:14Z</time></trkpt>
<trkpt lat="-27.435646" lon="152.943256"><ele>66.1</ele><time>2026-01-01T00:26:16Z</time></trkpt>
<trkpt lat="-27.435471" lon="152.943211"><ele>67</ele><time>2026-01-01T00:26:20Z</time></trkpt>
<trkpt lat="-27.435341" lon="152.943183"><ele>67.7</ele><time>2026-01-01T00:26:23Z</time></trkpt>
<trkpt lat="-27.435255" lon="152.943163"><ele>68</ele><time>2026-01-01T00:26:25Z</time></trkpt>
<trkpt lat="-27.434941" lon="152.943092"><ele>68.7</ele><time>2026-01-01T00:26:32Z</time></trkpt>
<trkpt lat="-27.434533" lon="152.942995"><ele>68.7</ele><time>2026-01-01T00:26:40Z</time></trkpt>
<trkpt lat="-27.434051" lon="152.942885"><ele>69.2</ele><time>2026-01-01T00:26:49Z</time></trkpt>
<trkpt lat="-27.434005" lon="152.942874"><ele>69.3</ele><time>2026-01-01T00:26:50Z</time></trkpt>
<trkpt lat="-27.433915" lon="152.942856"><ele>69.9</ele><time>2026-01-01T00:26:52Z</time></trkpt>
<trkpt lat="-27.433789" lon="152.942821"><ele>70.7</ele><time>2026-01-01T00:26:55Z</time></trkpt>
<trkpt lat="-27.433306" lon="152.942711"><ele>72.2</ele><time>2026-01-01T00:27:05Z</time></trkpt>
<trkpt lat="-27.432904" lon="152.94262"><ele>72.8</ele><time>2026-01-01T00:27:13Z</time></trkpt>
<trkpt lat="-27.432857" lon="152.942612"><ele>72.9</ele><time>2026-01-01T00:27:14Z</time></trkpt>
<trkpt lat="-27.432807" lon="152.94261"><ele>72.9</ele><time>2026-01-01T00:27:15Z</time></trkpt>
<trkpt lat="-27.432656" lon="152.942626"><ele>72.7</ele><time>2026-01-01T00:27:18Z</time></trkpt>
<trkpt lat="-27.432603" lon="152.942637"><ele>72.5</ele><time>2026-01-01T00:27:19Z</time></trkpt>
<trkpt lat="-27.432549" lon="152.942652"><ele>72.2</ele><time>2026-01-01T00:27:20Z</time></trkpt>
<trkpt lat="-27.432495" lon="152.942671"><ele>71.9</ele><time>2026-01-01T00:27:21Z</time></trkpt>
<trkpt lat="-27.43238" lon="152.94272"><ele>71.1</ele><time>2026-01-01T00:27:23Z</time></trkpt>
<trkpt lat="-27.432332" lon="152.942738"><ele>70.7</ele><time>2026-01-01T00:27:24Z</time></trkpt>
<trkpt lat="-27.432023" lon="152.942851"><ele>68.2</ele><time>2026-01-01T00:27:28Z</time></trkpt>
<trkpt lat="-27.431853" lon="152.942911"><ele>67.5</ele><time>2026-01-01T00:27:30Z</time></trkpt>
<trkpt lat="-27.431603" lon="152.943017"><ele>66.5</ele><time>2026-01-01T00:27:33Z</time></trkpt>
<trkpt lat="-27.431521" lon="152.943052"><ele>66.4</ele><time>2026-01-01T00:27:34Z</time></trkpt>
<trkpt lat="-27.431233" lon="152.943176"><ele>67.5</ele><time>2026-01-01T00:27:38Z</time></trkpt>
<trkpt lat="-27.430825" lon="152.943334"><ele>68.5</ele><time>2026-01-01T00:27:44Z</time></trkpt>
<trkpt lat="-27.430409" lon="152.943468"><ele>70.2</ele><time>2026-01-01T00:27:51Z</time></trkpt>
<trkpt lat="-27.430301" lon="152.943482"><ele>70.7</ele><time>2026-01-01T00:27:53Z</time></trkpt>
<trkpt lat="-27.430156" lon="152.943485"><ele>71.4</ele><time>2026-01-01T00:27:56Z</time></trkpt>
<trkpt lat="-27.430108" lon="152.94348"><ele>71.6</ele><time>2026-01-01T00:27:57Z</time></trkpt>
<trkpt lat="-27.430017" lon="152.943459"><ele>72</ele><time>2026-01-01T00:27:59Z</time></trkpt>
<trkpt lat="-27.42997" lon="152.943443"><ele>72.4</ele><time>2026-01-01T00:28:00Z</time></trkpt>
<trkpt lat="-27.429837" lon="152.943394"><ele>73.4</ele><time>2026-01-01T00:28:03Z</time></trkpt>
<trkpt lat="-27.429675" lon="152.943321"><ele>74.5</ele><time>2026-01-01T00:28:07Z</time></trkpt>
<trkpt lat="-27.429523" lon="152.943235"><ele>75.6</ele><time>2026-01-01T00:28:11Z</time></trkpt>
<trkpt lat="-27.429495" lon="152.943217"><ele>75.8</ele><time>2026-01-01T00:28:12Z</time></trkpt>
<trkpt lat="-27.429355" lon="152.94314"><ele>76.6</ele><time>2026-01-01T00:28:16Z</time></trkpt>
<trkpt lat="-27.429187" lon="152.943049"><ele>77.6</ele><time>2026-01-01T00:28:21Z</time></trkpt>
<trkpt lat="-27.42906" lon="152.942988"><ele>78.5</ele><time>2026-01-01T00:28:25Z</time></trkpt>
<trkpt lat="-27.42894" lon="152.942937"><ele>79.4</ele><time>2026-01-01T00:28:29Z</time></trkpt>
<trkpt lat="-27.428787" lon="152.942869"><ele>80.6</ele><time>2026-01-01T00:28:34Z</time></trkpt>
<trkpt lat="-27.428672" lon="152.942829"><ele>81.8</ele><time>2026-01-01T00:28:38Z</time></trkpt>
<trkpt lat="-27.428569" lon="152.942805"><ele>82.9</ele><time>2026-01-01T00:28:42Z</time></trkpt>
<trkpt lat="-27.428462" lon="152.942789"><ele>84.2</ele><time>2026-01-01T00:28:46Z</time></trkpt>
<trkpt lat="-27.42835" lon="152.942786"><ele>85.4</ele><time>2026-01-01T00:28:50Z</time></trkpt>
<trkpt lat="-27.428245" lon="152.942794"><ele>86.7</ele><time>2026-01-01T00:28:54Z</time></trkpt>
<trkpt lat="-27.428219" lon="152.942794"><ele>87</ele><time>2026-01-01T00:28:55Z</time></trkpt>
<trkpt lat="-27.428142" lon="152.942801"><ele>87.9</ele><time>2026-01-01T00:28:58Z</time></trkpt>
<trkpt lat="-27.428036" lon="152.942804"><ele>89.2</ele><time>2026-01-01T00:29:02Z</time></trkpt>
<trkpt lat="-27.428004" lon="152.942807"><ele>89.6</ele><time>2026-01-01T00:29:03Z</time></trkpt>
<trkpt lat="-27.427937" lon="152.94281"><ele>90.4</ele><time>2026-01-01T00:29:06Z</time></trkpt>
<trkpt lat="-27.427836" lon="152.942822"><ele>91.6</ele><time>2026-01-01T00:29:10Z</time></trkpt>
<trkpt lat="-27.427736" lon="152.942862"><ele>92.9</ele><time>2026-01-01T00:29:14Z</time></trkpt>
<trkpt lat="-27.427648" lon="152.94292"><ele>94.1</ele><time>2026-01-01T00:29:18Z</time></trkpt>
<trkpt lat="-27.427628" lon="152.942939"><ele>94.5</ele><time>2026-01-01T00:29:19Z</time></trkpt>
<trkpt lat="-27.42755" lon="152.943013"><ele>95.7</ele><time>2026-01-01T00:29:23Z</time></trkpt>
<trkpt lat="-27.427507" lon="152.943083"><ele>96.6</ele><time>2026-01-01T00:29:26Z</time></trkpt>
<trkpt lat="-27.427443" lon="152.943204"><ele>98</ele><time>2026-01-01T00:29:31Z</time></trkpt>
<trkpt lat="-27.427432" lon="152.943228"><ele>98.2</ele><time>2026-01-01T00:29:32Z</time></trkpt>
<trkpt lat="-27.427409" lon="152.943337"><ele>99.2</ele><time>2026-01-01T00:29:36Z</time></trkpt>
<trkpt lat="-27.427398" lon="152.943401"><ele>99.7</ele><time>2026-01-01T00:29:38Z</time></trkpt>
<trkpt lat="-27.427397" lon="152.943464"><ele>100.3</ele><time>2026-01-01T00:29:40Z</time></trkpt>
<trkpt lat="-27.4274" lon="152.943588"><ele>101.3</ele><time>2026-01-01T00:29:44Z</time></trkpt>
<trkpt lat="-27.427404" lon="152.943627"><ele>101.6</ele><time>2026-01-01T00:29:45Z</time></trkpt>
<trkpt lat="-27.427409" lon="152.943717"><ele>102.4</ele><time>2026-01-01T00:29:48Z</time></trkpt>
<trkpt lat="-27.427419" lon="152.943833"><ele>103.4</ele><time>2026-01-01T00:29:52Z</time></trkpt>
<trkpt lat="-27.427422" lon="152.943862"><ele>103.6</ele><time>2026-01-01T00:29:53Z</time></trkpt>
<trkpt lat="-27.427434" lon="152.943954"><ele>104.4</ele><time>2026-01-01T00:29:56Z</time></trkpt>
<trkpt lat="-27.427438" lon="152.94409"><ele>105.7</ele><time>2026-01-01T00:30:01Z</time></trkpt>
<trkpt lat="-27.427436" lon="152.944169"><ele>106.4</ele><time>2026-01-01T00:30:04Z</time></trkpt>
<trkpt lat="-27.42743" lon="152.944249"><ele>107.3</ele><time>2026-01-01T00:30:07Z</time></trkpt>
<trkpt lat="-27.427426" lon="152.944322"><ele>108.1</ele><time>2026-01-01T00:30:10Z</time></trkpt>
<trkpt lat="-27.427416" lon="152.944362"><ele>108.5</ele><time>2026-01-01T00:30:12Z</time></trkpt>
<trkpt lat="-27.427401" lon="152.944401"><ele>109</ele><time>2026-01-01T00:30:14Z</time></trkpt>
<trkpt lat="-27.427389" lon="152.944428"><ele>109.3</ele><time>2026-01-01T00:30:15Z</time></trkpt>
<trkpt lat="-27.427376" lon="152.944469"><ele>109.8</ele><time>2026-01-01T00:30:16Z</time></trkpt>
<trkpt lat="-27.427362" lon="152.944583"><ele>111.1</ele><time>2026-01-01T00:30:20Z</time></trkpt>
<trkpt lat="-27.427335" lon="152.944668"><ele>112.1</ele><time>2026-01-01T00:30:23Z</time></trkpt>
<trkpt lat="-27.427325" lon="152.944688"><ele>112.3</ele><time>2026-01-01T00:30:24Z</time></trkpt>
<trkpt lat="-27.427301" lon="152.944773"><ele>113.2</ele><time>2026-01-01T00:30:27Z</time></trkpt>
<trkpt lat="-27.427268" lon="152.944908"><ele>114.6</ele><time>2026-01-01T00:30:31Z</time></trkpt>
<trkpt lat="-27.42727" lon="152.945032"><ele>115.8</ele><time>2026-01-01T00:30:35Z</time></trkpt>
<trkpt lat="-27.427278" lon="152.945153"><ele>117</ele><time>2026-01-01T00:30:39Z</time></trkpt>
<trkpt lat="-27.427281" lon="152.945186"><ele>117.3</ele><time>2026-01-01T00:30:40Z</time></trkpt>
<trkpt lat="-27.427299" lon="152.945284"><ele>118.2</ele><time>2026-01-01T00:30:43Z</time></trkpt>
<trkpt lat="-27.427335" lon="152.945385"><ele>119.2</ele><time>2026-01-01T00:30:47Z</time></trkpt>
<trkpt lat="-27.427364" lon="152.945473"><ele>120</ele><time>2026-01-01T00:30:50Z</time></trkpt>
<trkpt lat="-27.427404" lon="152.945585"><ele>121</ele><time>2026-01-01T00:30:54Z</time></trkpt>
<trkpt lat="-27.427418" lon="152.945618"><ele>121.2</ele><time>2026-01-01T00:30:55Z</time></trkpt>
<trkpt lat="-27.427505" lon="152.945765"><ele>122.3</ele><time>2026-01-01T00:31:00Z</time></trkpt>
<trkpt lat="-27.427556" lon="152.945823"><ele>122.7</ele><time>2026-01-01T00:31:02Z</time></trkpt>
<trkpt lat="-27.427669" lon="152.945956"><ele>123.2</ele><time>2026-01-01T00:31:06Z</time></trkpt>
<trkpt lat="-27.427698" lon="152.945992"><ele>123.3</ele><time>2026-01-01T00:31:07Z</time></trkpt>
<trkpt lat="-27.427841" lon="152.946144"><ele>123.8</ele><time>2026-01-01T00:31:11Z</time></trkpt>
<trkpt lat="-27.427904" lon="152.946268"><ele>124.2</ele><time>2026-01-01T00:31:14Z</time></trkpt>
<trkpt lat="-27.427936" lon="152.946383"><ele>124.6</ele><time>2026-01-01T00:31:16Z</time></trkpt>
<trkpt lat="-27.427955" lon="152.946441"><ele>124.8</ele><time>2026-01-01T00:31:17Z</time></trkpt>
<trkpt lat="-27.42798" lon="152.946537"><ele>125.4</ele><time>2026-01-01T00:31:19Z</time></trkpt>
<trkpt lat="-27.428001" lon="152.94664"><ele>126</ele><time>2026-01-01T00:31:21Z</time></trkpt>
<trkpt lat="-27.42801" lon="152.94673"><ele>126.7</ele><time>2026-01-01T00:31:23Z</time></trkpt>
<trkpt lat="-27.428023" lon="152.946867"><ele>127.9</ele><time>2026-01-01T00:31:26Z</time></trkpt>
<trkpt lat="-27.428034" lon="152.946948"><ele>128.7</ele><time>2026-01-01T00:31:28Z</time></trkpt>
<trkpt lat="-27.428037" lon="152.946986"><ele>129.1</ele><time>2026-01-01T00:31:29Z</time></trkpt>
<trkpt lat="-27.428046" lon="152.947085"><ele>130.2</ele><time>2026-01-01T00:31:32Z</time></trkpt>
<trkpt lat="-27.428058" lon="152.947193"><ele>131.3</ele><time>2026-01-01T00:31:35Z</time></trkpt>
<trkpt lat="-27.428061" lon="152.947234"><ele>131.8</ele><time>2026-01-01T00:31:36Z</time></trkpt>
<trkpt lat="-27.428058" lon="152.947293"><ele>132.4</ele><time>2026-01-01T00:31:38Z</time></trkpt>
<trkpt lat="-27.428063" lon="152.947405"><ele>133.5</ele><time>2026-01-01T00:31:41Z</time></trkpt>
<trkpt lat="-27.428065" lon="152.94748"><ele>134.3</ele><time>2026-01-01T00:31:43Z</time></trkpt>
<trkpt lat="-27.428066" lon="152.947509"><ele>134.6</ele><time>2026-01-01T00:31:44Z</time></trkpt>
<trkpt lat="-27.428063" lon="152.947624"><ele>135.8</ele><time>2026-01-01T00:31:47Z</time></trkpt>
<trkpt lat="-27.428062" lon="152.947733"><ele>136.8</ele><time>2026-01-01T00:31:50Z</time></trkpt>
<trkpt lat="-27.428051" lon="152.947797"><ele>137.3</ele><time>2026-01-01T00:31:52Z</time></trkpt>
<trkpt lat="-27.428042" lon="152.94783"><ele>137.6</ele><time>2026-01-01T00:31:53Z</time></trkpt>
<trkpt lat="-27.427997" lon="152.947965"><ele>138.2</ele><time>2026-01-01T00:31:57Z</time></trkpt>
<trkpt lat="-27.427977" lon="152.948007"><ele>138.3</ele><time>2026-01-01T00:31:58Z</time></trkpt>
<trkpt lat="-27.427873" lon="152.948189"><ele>138.2</ele><time>2026-01-01T00:32:03Z</time></trkpt>
<trkpt lat="-27.427807" lon="152.94827"><ele>137.9</ele><time>2026-01-01T00:32:05Z</time></trkpt>
<trkpt lat="-27.427721" lon="152.948337"><ele>137.4</ele><time>2026-01-01T00:32:07Z</time></trkpt>
<trkpt lat="-27.427595" lon="152.948409"><ele>136.1</ele><time>2026-01-01T00:32:09Z</time></trkpt>
<trkpt lat="-27.427515" lon="152.948445"><ele>135.4</ele><time>2026-01-01T00:32:10Z</time></trkpt>
<trkpt lat="-27.42743" lon="152.948478"><ele>134.7</ele><time>2026-01-01T00:32:11Z</time></trkpt>
<trkpt lat="-27.427341" lon="152.948511"><ele>134.1</ele><time>2026-01-01T00:32:12Z</time></trkpt>
<trkpt lat="-27.426972" lon="152.948628"><ele>133.2</ele><time>2026-01-01T00:32:16Z</time></trkpt>
<trkpt lat="-27.426447" lon="152.94879"><ele>132.2</ele><time>2026-01-01T00:32:22Z</time></trkpt>
<trkpt lat="-27.426231" lon="152.948839"><ele>130.4</ele><time>2026-01-01T00:32:24Z</time></trkpt>
<trkpt lat="-27.426148" lon="152.948858"><ele>129.6</ele><time>2026-01-01T00:32:25Z</time></trkpt>
<trkpt lat="-27.425924" lon="152.948914"><ele>127.2</ele><time>2026-01-01T00:32:27Z</time></trkpt>
<trkpt lat="-27.425662" lon="152.948984"><ele>124.4</ele><time>2026-01-01T00:32:29Z</time></trkpt>
<trkpt lat="-27.425417" lon="152.949049"><ele>121.6</ele><time>2026-01-01T00:32:31Z</time></trkpt>
<trkpt lat="-27.42529" lon="152.949077"><ele>120.1</ele><time>2026-01-01T00:32:32Z</time></trkpt>
<trkpt lat="-27.42516" lon="152.949104"><ele>118.6</ele><time>2026-01-01T00:32:33Z</time></trkpt>
<trkpt lat="-27.425058" lon="152.94913"><ele>117.4</ele><time>2026-01-01T00:32:34Z</time></trkpt>
<trkpt lat="-27.424921" lon="152.949148"><ele>115.7</ele><time>2026-01-01T00:32:35Z</time></trkpt>
<trkpt lat="-27.42478" lon="152.94915"><ele>114.1</ele><time>2026-01-01T00:32:36Z</time></trkpt>
<trkpt lat="-27.424637" lon="152.949137"><ele>112.6</ele><time>2026-01-01T00:32:37Z</time></trkpt>
<trkpt lat="-27.424195" lon="152.949034"><ele>107.9</ele><time>2026-01-01T00:32:40Z</time></trkpt>
<trkpt lat="-27.424013" lon="152.948959"><ele>105.8</ele><time>2026-01-01T00:32:41Z</time></trkpt>
<trkpt lat="-27.423896" lon="152.948894"><ele>104.5</ele><time>2026-01-01T00:32:42Z</time></trkpt>
<trkpt lat="-27.423723" lon="152.948795"><ele>102.4</ele><time>2026-01-01T00:32:43Z</time></trkpt>
<trkpt lat="-27.423578" lon="152.948713"><ele>100.6</ele><time>2026-01-01T00:32:44Z</time></trkpt>
<trkpt lat="-27.423459" lon="152.948648"><ele>99.1</ele><time>2026-01-01T00:32:45Z</time></trkpt>
<trkpt lat="-27.42331" lon="152.948568"><ele>97.3</ele><time>2026-01-01T00:32:46Z</time></trkpt>
<trkpt lat="-27.423126" lon="152.948468"><ele>95</ele><time>2026-01-01T00:32:47Z</time></trkpt>
<trkpt lat="-27.422848" lon="152.948313"><ele>92.9</ele><time>2026-01-01T00:32:49Z</time></trkpt>
<trkpt lat="-27.422665" lon="152.948209"><ele>90.5</ele><time>2026-01-01T00:32:50Z</time></trkpt>
<trkpt lat="-27.422514" lon="152.94812"><ele>88.6</ele><time>2026-01-01T00:32:51Z</time></trkpt>
<trkpt lat="-27.422393" lon="152.948049"><ele>87.1</ele><time>2026-01-01T00:32:52Z</time></trkpt>
<trkpt lat="-27.42221" lon="152.947946"><ele>84.9</ele><time>2026-01-01T00:32:53Z</time></trkpt>
<trkpt lat="-27.422053" lon="152.947867"><ele>83.1</ele><time>2026-01-01T00:32:54Z</time></trkpt>
<trkpt lat="-27.421893" lon="152.947798"><ele>83.5</ele><time>2026-01-01T00:32:55Z</time></trkpt>
<trkpt lat="-27.42173" lon="152.947745"><ele>84.5</ele><time>2026-01-01T00:32:56Z</time></trkpt>
<trkpt lat="-27.421567" lon="152.947709"><ele>81.9</ele><time>2026-01-01T00:32:57Z</time></trkpt>
<trkpt lat="-27.421253" lon="152.947674"><ele>80.5</ele><time>2026-01-01T00:32:59Z</time></trkpt>
<trkpt lat="-27.421103" lon="152.94767"><ele>80.9</ele><time>2026-01-01T00:33:00Z</time></trkpt>
<trkpt lat="-27.420963" lon="152.947674"><ele>81.3</ele><time>2026-01-01T00:33:01Z</time></trkpt>
<trkpt lat="-27.420827" lon="152.947687"><ele>82.4</ele><time>2026-01-01T00:33:02Z</time></trkpt>
<trkpt lat="-27.420557" lon="152.947722"><ele>84.8</ele><time>2026-01-01T00:33:04Z</time></trkpt>
<trkpt lat="-27.420217" lon="152.947756"><ele>87</ele><time>2026-01-01T00:33:07Z</time></trkpt>
<trkpt lat="-27.420087" lon="152.947762"><ele>88.1</ele><time>2026-01-01T00:33:08Z</time></trkpt>
<trkpt lat="-27.419802" lon="152.947737"><ele>89.9</ele><time>2026-01-01T00:33:11Z</time></trkpt>
<trkpt lat="-27.419576" lon="152.947679"><ele>91</ele><time>2026-01-01T00:33:14Z</time></trkpt>
<trkpt lat="-27.419434" lon="152.947633"><ele>91.4</ele><time>2026-01-01T00:33:16Z</time></trkpt>
<trkpt lat="-27.419289" lon="152.94759"><ele>91.5</ele><time>2026-01-01T00:33:18Z</time></trkpt>
<trkpt lat="-27.418985" lon="152.947548"><ele>91.3</ele><time>2026-01-01T00:33:22Z</time></trkpt>
<trkpt lat="-27.418423" lon="152.947619"><ele>89.6</ele><time>2026-01-01T00:33:29Z</time></trkpt>
<trkpt lat="-27.418013" lon="152.947783"><ele>87.6</ele><time>2026-01-01T00:33:34Z</time></trkpt>
<trkpt lat="-27.417853" lon="152.947888"><ele>86.4</ele><time>2026-01-01T00:33:36Z</time></trkpt>
<trkpt lat="-27.417768" lon="152.947948"><ele>85.6</ele><time>2026-01-01T00:33:37Z</time></trkpt>
<trkpt lat="-27.417676" lon="152.948007"><ele>84.7</ele><time>2026-01-01T00:33:38Z</time></trkpt>
<trkpt lat="-27.417579" lon="152.948071"><ele>83.5</ele><time>2026-01-01T00:33:39Z</time></trkpt>
<trkpt lat="-27.417367" lon="152.948197"><ele>80.1</ele><time>2026-01-01T00:33:41Z</time></trkpt>
<trkpt lat="-27.417248" lon="152.948257"><ele>79.5</ele><time>2026-01-01T00:33:42Z</time></trkpt>
<trkpt lat="-27.41712" lon="152.948314"><ele>79.3</ele><time>2026-01-01T00:33:43Z</time></trkpt>
<trkpt lat="-27.416988" lon="152.948364"><ele>78.2</ele><time>2026-01-01T00:33:44Z</time></trkpt>
<trkpt lat="-27.416721" lon="152.948427"><ele>76.2</ele><time>2026-01-01T00:33:46Z</time></trkpt>
<trkpt lat="-27.41609" lon="152.94853"><ele>73.6</ele><time>2026-01-01T00:33:51Z</time></trkpt>
<trkpt lat="-27.415972" lon="152.948546"><ele>73.6</ele><time>2026-01-01T00:33:52Z</time></trkpt>
<trkpt lat="-27.415538" lon="152.948615"><ele>73.8</ele><time>2026-01-01T00:33:56Z</time></trkpt>
<trkpt lat="-27.415455" lon="152.94863"><ele>73.8</ele><time>2026-01-01T00:33:57Z</time></trkpt>
<trkpt lat="-27.415355" lon="152.948647"><ele>73.9</ele><time>2026-01-01T00:33:58Z</time></trkpt>
<trkpt lat="-27.415056" lon="152.94869"><ele>75.1</ele><time>2026-01-01T00:34:01Z</time></trkpt>
<trkpt lat="-27.414865" lon="152.948723"><ele>77.3</ele><time>2026-01-01T00:34:03Z</time></trkpt>
<trkpt lat="-27.414796" lon="152.948737"><ele>78.2</ele><time>2026-01-01T00:34:04Z</time></trkpt>
<trkpt lat="-27.414751" lon="152.94875"><ele>78.7</ele><time>2026-01-01T00:34:05Z</time></trkpt>
<trkpt lat="-27.414699" lon="152.948752"><ele>79.3</ele><time>2026-01-01T00:34:06Z</time></trkpt>
<trkpt lat="-27.414602" lon="152.948725"><ele>79.7</ele><time>2026-01-01T00:34:08Z</time></trkpt>
<trkpt lat="-27.414557" lon="152.948694"><ele>79.4</ele><time>2026-01-01T00:34:09Z</time></trkpt>
<trkpt lat="-27.41452" lon="152.94865"><ele>80.2</ele><time>2026-01-01T00:34:10Z</time></trkpt>
<trkpt lat="-27.414472" lon="152.94852"><ele>79.3</ele><time>2026-01-01T00:34:12Z</time></trkpt>
<trkpt lat="-27.414381" lon="152.948181"><ele>77</ele><time>2026-01-01T00:34:16Z</time></trkpt>
<trkpt lat="-27.414358" lon="152.948084"><ele>76.3</ele><time>2026-01-01T00:34:17Z</time></trkpt>
<trkpt lat="-27.414308" lon="152.947878"><ele>74.8</ele><time>2026-01-01T00:34:19Z</time></trkpt>
<trkpt lat="-27.414255" lon="152.947666"><ele>73.2</ele><time>2026-01-01T00:34:21Z</time></trkpt>
<trkpt lat="-27.414202" lon="152.94744"><ele>71.7</ele><time>2026-01-01T00:34:23Z</time></trkpt>
<trkpt lat="-27.414148" lon="152.947207"><ele>69.9</ele><time>2026-01-01T00:34:25Z</time></trkpt>
<trkpt lat="-27.414098" lon="152.946964"><ele>67.9</ele><time>2026-01-01T00:34:27Z</time></trkpt>
<trkpt lat="-27.414047" lon="152.946713"><ele>66</ele><time>2026-01-01T00:34:29Z</time></trkpt>
<trkpt lat="-27.413993" lon="152.94646"><ele>64.2</ele><time>2026-01-01T00:34:31Z</time></trkpt>
<trkpt lat="-27.413966" lon="152.946329"><ele>63.2</ele><time>2026-01-01T00:34:32Z</time></trkpt>
<trkpt lat="-27.413939" lon="152.946201"><ele>62.2</ele><time>2026-01-01T00:34:33Z</time></trkpt>
<trkpt lat="-27.413909" lon="152.946067"><ele>61.2</ele><time>2026-01-01T00:34:34Z</time></trkpt>
<trkpt lat="-27.413838" lon="152.9458"><ele>59.5</ele><time>2026-01-01T00:34:36Z</time></trkpt>
<trkpt lat="-27.413806" lon="152.945665"><ele>59</ele><time>2026-01-01T00:34:37Z</time></trkpt>
<trkpt lat="-27.413744" lon="152.945399"><ele>58.4</ele><time>2026-01-01T00:34:39Z</time></trkpt>
<trkpt lat="-27.413711" lon="152.945265"><ele>57.5</ele><time>2026-01-01T00:34:40Z</time></trkpt>
<trkpt lat="-27.41368" lon="152.945131"><ele>56.6</ele><time>2026-01-01T00:34:41Z</time></trkpt>
<trkpt lat="-27.413587" lon="152.944728"><ele>55.1</ele><time>2026-01-01T00:34:44Z</time></trkpt>
<trkpt lat="-27.413502" lon="152.944357"><ele>55.4</ele><time>2026-01-01T00:34:47Z</time></trkpt>
<trkpt lat="-27.413449" lon="152.944097"><ele>55.9</ele><time>2026-01-01T00:34:49Z</time></trkpt>
<trkpt lat="-27.413401" lon="152.943889"><ele>56.3</ele><time>2026-01-01T00:34:51Z</time></trkpt>
<trkpt lat="-27.413296" lon="152.943441"><ele>56.9</ele><time>2026-01-01T00:34:55Z</time></trkpt>
<trkpt lat="-27.413172" lon="152.943148"><ele>57.5</ele><time>2026-01-01T00:34:58Z</time></trkpt>
<trkpt lat="-27.413121" lon="152.943062"><ele>57.8</ele><time>2026-01-01T00:34:59Z</time></trkpt>
<trkpt lat="-27.413057" lon="152.942962"><ele>58.1</ele><time>2026-01-01T00:35:00Z</time></trkpt>
<trkpt lat="-27.412997" lon="152.942885"><ele>58.4</ele><time>2026-01-01T00:35:01Z</time></trkpt>
<trkpt lat="-27.412883" lon="152.942755"><ele>58.7</ele><time>2026-01-01T00:35:03Z</time></trkpt>
<trkpt lat="-27.412594" lon="152.94252"><ele>59.1</ele><time>2026-01-01T00:35:07Z</time></trkpt>
<trkpt lat="-27.412286" lon="152.942354"><ele>58.9</ele><time>2026-01-01T00:35:11Z</time></trkpt>
<trkpt lat="-27.412206" lon="152.942325"><ele>58.8</ele><time>2026-01-01T00:35:12Z</time></trkpt>
<trkpt lat="-27.411818" lon="152.942202"><ele>59</ele><time>2026-01-01T00:35:17Z</time></trkpt>
<trkpt lat="-27.411634" lon="152.942145"><ele>59.1</ele><time>2026-01-01T00:35:20Z</time></trkpt>
<trkpt lat="-27.411573" lon="152.942121"><ele>59.2</ele><time>2026-01-01T00:35:21Z</time></trkpt>
<trkpt lat="-27.411455" lon="152.942071"><ele>59.4</ele><time>2026-01-01T00:35:23Z</time></trkpt>
<trkpt lat="-27.411341" lon="152.942026"><ele>59.8</ele><time>2026-01-01T00:35:25Z</time></trkpt>
<trkpt lat="-27.41118" lon="152.941973"><ele>60.3</ele><time>2026-01-01T00:35:28Z</time></trkpt>
<trkpt lat="-27.410914" lon="152.941877"><ele>61</ele><time>2026-01-01T00:35:33Z</time></trkpt>
<trkpt lat="-27.410802" lon="152.941841"><ele>61.3</ele><time>2026-01-01T00:35:35Z</time></trkpt>
<trkpt lat="-27.410525" lon="152.941741"><ele>62</ele><time>2026-01-01T00:35:40Z</time></trkpt>
<trkpt lat="-27.410369" lon="152.941684"><ele>62.7</ele><time>2026-01-01T00:35:43Z</time></trkpt>
<trkpt lat="-27.410217" lon="152.941611"><ele>63.5</ele><time>2026-01-01T00:35:46Z</time></trkpt>
<trkpt lat="-27.409972" lon="152.941508"><ele>65</ele><time>2026-01-01T00:35:51Z</time></trkpt>
<trkpt lat="-27.409875" lon="152.941471"><ele>65.7</ele><time>2026-01-01T00:35:53Z</time></trkpt>
<trkpt lat="-27.409733" lon="152.941412"><ele>66.8</ele><time>2026-01-01T00:35:56Z</time></trkpt>
<trkpt lat="-27.409588" lon="152.941358"><ele>67.7</ele><time>2026-01-01T00:35:59Z</time></trkpt>
<trkpt lat="-27.409403" lon="152.941291"><ele>68.7</ele><time>2026-01-01T00:36:03Z</time></trkpt>
<trkpt lat="-27.409258" lon="152.941242"><ele>69.2</ele><time>2026-01-01T00:36:06Z</time></trkpt>
<trkpt lat="-27.409128" lon="152.9412"><ele>69.6</ele><time>2026-01-01T00:36:09Z</time></trkpt>
<trkpt lat="-27.408933" lon="152.941138"><ele>69.8</ele><time>2026-01-01T00:36:13Z</time></trkpt>
<trkpt lat="-27.408504" lon="152.941002"><ele>68.8</ele><time>2026-01-01T00:36:21Z</time></trkpt>
<trkpt lat="-27.408316" lon="152.940948"><ele>67.9</ele><time>2026-01-01T00:36:24Z</time></trkpt>
<trkpt lat="-27.40803" lon="152.940843"><ele>65.9</ele><time>2026-01-01T00:36:28Z</time></trkpt>
<trkpt lat="-27.407812" lon="152.940765"><ele>64.3</ele><time>2026-01-01T00:36:31Z</time></trkpt>
<trkpt lat="-27.40754" lon="152.940662"><ele>62.3</ele><time>2026-01-01T00:36:34Z</time></trkpt>
<trkpt lat="-27.407468" lon="152.940634"><ele>61.7</ele><time>2026-01-01T00:36:35Z</time></trkpt>
<trkpt lat="-27.407184" lon="152.940525"><ele>60.5</ele><time>2026-01-01T00:36:38Z</time></trkpt>
<trkpt lat="-27.406985" lon="152.940448"><ele>58.8</ele><time>2026-01-01T00:36:40Z</time></trkpt>
<trkpt lat="-27.406887" lon="152.940409"><ele>58.1</ele><time>2026-01-01T00:36:41Z</time></trkpt>
<trkpt lat="-27.406575" lon="152.940286"><ele>58.2</ele><time>2026-01-01T00:36:44Z</time></trkpt>
<trkpt lat="-27.406208" lon="152.940143"><ele>58.6</ele><time>2026-01-01T00:36:48Z</time></trkpt>
<trkpt lat="-27.406029" lon="152.940075"><ele>58.1</ele><time>2026-01-01T00:36:50Z</time></trkpt>
<trkpt lat="-27.405674" lon="152.939944"><ele>57.4</ele><time>2026-01-01T00:36:54Z</time></trkpt>
<trkpt lat="-27.405246" lon="152.93977"><ele>57</ele><time>2026-01-01T00:36:59Z</time></trkpt>
<trkpt lat="-27.405085" lon="152.939704"><ele>57.1</ele><time>2026-01-01T00:37:01Z</time></trkpt>
<trkpt lat="-27.404629" lon="152.939487"><ele>57.3</ele><time>2026-01-01T00:37:07Z</time></trkpt>
<trkpt lat="-27.404202" lon="152.939191"><ele>57.5</ele><time>2026-01-01T00:37:13Z</time></trkpt>
<trkpt lat="-27.403833" lon="152.93886"><ele>57.6</ele><time>2026-01-01T00:37:19Z</time></trkpt>
<trkpt lat="-27.403441" lon="152.938482"><ele>57.6</ele><time>2026-01-01T00:37:26Z</time></trkpt>
<trkpt lat="-27.403054" lon="152.938102"><ele>57.6</ele><time>2026-01-01T00:37:33Z</time></trkpt>
<trkpt lat="-27.402801" lon="152.937857"><ele>57.9</ele><time>2026-01-01T00:37:38Z</time></trkpt>
<trkpt lat="-27.402614" lon="152.937681"><ele>58.3</ele><time>2026-01-01T00:37:42Z</time></trkpt>
<trkpt lat="-27.402425" lon="152.937498"><ele>58.9</ele><time>2026-01-01T00:37:46Z</time></trkpt>
<trkpt lat="-27.402019" lon="152.937096"><ele>60.1</ele><time>2026-01-01T00:37:55Z</time></trkpt>
<trkpt lat="-27.40174" lon="152.936791"><ele>60.7</ele><time>2026-01-01T00:38:01Z</time></trkpt>
<trkpt lat="-27.401599" lon="152.936641"><ele>60.7</ele><time>2026-01-01T00:38:04Z</time></trkpt>
<trkpt lat="-27.401203" lon="152.936196"><ele>61.1</ele><time>2026-01-01T00:38:13Z</time></trkpt>
<trkpt lat="-27.401155" lon="152.936153"><ele>61.2</ele><time>2026-01-01T00:38:14Z</time></trkpt>
<trkpt lat="-27.401097" lon="152.936095"><ele>61.3</ele><time>2026-01-01T00:38:15Z</time></trkpt>
<trkpt lat="-27.4008" lon="152.935776"><ele>61.5</ele><time>2026-01-01T00:38:21Z</time></trkpt>
<trkpt lat="-27.400411" lon="152.935328"><ele>61.4</ele><time>2026-01-01T00:38:29Z</time></trkpt>
<trkpt lat="-27.400251" lon="152.935152"><ele>61.1</ele><time>2026-01-01T00:38:32Z</time></trkpt>
<trkpt lat="-27.400137" lon="152.93501"><ele>60.9</ele><time>2026-01-01T00:38:34Z</time></trkpt>
<trkpt lat="-27.399877" lon="152.934692"><ele>60.6</ele><time>2026-01-01T00:38:39Z</time></trkpt>
<trkpt lat="-27.399723" lon="152.934488"><ele>60.4</ele><time>2026-01-01T00:38:42Z</time></trkpt>
<trkpt lat="-27.399355" lon="152.934027"><ele>60.5</ele><time>2026-01-01T00:38:49Z</time></trkpt>
<trkpt lat="-27.399194" lon="152.93387"><ele>60.5</ele><time>2026-01-01T00:38:52Z</time></trkpt>
<trkpt lat="-27.39908" lon="152.933773"><ele>60.7</ele><time>2026-01-01T00:38:54Z</time></trkpt>
<trkpt lat="-27.398726" lon="152.933561"><ele>61.4</ele><time>2026-01-01T00:39:00Z</time></trkpt>
<trkpt lat="-27.398541" lon="152.933479"><ele>62</ele><time>2026-01-01T00:39:03Z</time></trkpt>
<trkpt lat="-27.398482" lon="152.933462"><ele>62.2</ele><time>2026-01-01T00:39:04Z</time></trkpt>
<trkpt lat="-27.398424" lon="152.933449"><ele>62.4</ele><time>2026-01-01T00:39:05Z</time></trkpt>
<trkpt lat="-27.398246" lon="152.933414"><ele>63</ele><time>2026-01-01T00:39:08Z</time></trkpt>
<trkpt lat="-27.398186" lon="152.933404"><ele>63.1</ele><time>2026-01-01T00:39:09Z</time></trkpt>
<trkpt lat="-27.398081" lon="152.933401"><ele>63.4</ele><time>2026-01-01T00:39:11Z</time></trkpt>
<trkpt lat="-27.397979" lon="152.9334"><ele>63.6</ele><time>2026-01-01T00:39:13Z</time></trkpt>
<trkpt lat="-27.397919" lon="152.933392"><ele>63.6</ele><time>2026-01-01T00:39:14Z</time></trkpt>
<trkpt lat="-27.397856" lon="152.933375"><ele>63.7</ele><time>2026-01-01T00:39:15Z</time></trkpt>
<trkpt lat="-27.397669" lon="152.933318"><ele>63.5</ele><time>2026-01-01T00:39:18Z</time></trkpt>
<trkpt lat="-27.397529" lon="152.933296"><ele>63.4</ele><time>2026-01-01T00:39:20Z</time></trkpt>
<trkpt lat="-27.397304" lon="152.933252"><ele>63.1</ele><time>2026-01-01T00:39:23Z</time></trkpt>
<trkpt lat="-27.397146" lon="152.933219"><ele>62.8</ele><time>2026-01-01T00:39:25Z</time></trkpt>
<trkpt lat="-27.397022" lon="152.933186"><ele>62.7</ele><time>2026-01-01T00:39:27Z</time></trkpt>
<trkpt lat="-27.396879" lon="152.933157"><ele>62.7</ele><time>2026-01-01T00:39:29Z</time></trkpt>
<trkpt lat="-27.396501" lon="152.932968"><ele>63.9</ele><time>2026-01-01T00:39:35Z</time></trkpt>
<trkpt lat="-27.396447" lon="152.932949"><ele>64.1</ele><time>2026-01-01T00:39:36Z</time></trkpt>
<trkpt lat="-27.396308" lon="152.932894"><ele>64.7</ele><time>2026-01-01T00:39:39Z</time></trkpt>
<trkpt lat="-27.396207" lon="152.932831"><ele>65.4</ele><time>2026-01-01T00:39:41Z</time></trkpt>
<trkpt lat="-27.39612" lon="152.932802"><ele>65.9</ele><time>2026-01-01T00:39:43Z</time></trkpt>
<trkpt lat="-27.396084" lon="152.932791"><ele>66.1</ele><time>2026-01-01T00:39:44Z</time></trkpt>
<trkpt lat="-27.395796" lon="152.93266"><ele>68</ele><time>2026-01-01T00:39:51Z</time></trkpt>
<trkpt lat="-27.395754" lon="152.932642"><ele>68.3</ele><time>2026-01-01T00:39:52Z</time></trkpt>
<trkpt lat="-27.395603" lon="152.932581"><ele>69.2</ele><time>2026-01-01T00:39:56Z</time></trkpt>
<trkpt lat="-27.395434" lon="152.932508"><ele>70.2</ele><time>2026-01-01T00:40:00Z</time></trkpt>
<trkpt lat="-27.395315" lon="152.932459"><ele>70.7</ele><time>2026-01-01T00:40:03Z</time></trkpt>
<trkpt lat="-27.395183" lon="152.932402"><ele>71.2</ele><time>2026-01-01T00:40:06Z</time></trkpt>
<trkpt lat="-27.395054" lon="152.932332"><ele>71.6</ele><time>2026-01-01T00:40:09Z</time></trkpt>
<trkpt lat="-27.394935" lon="152.93227"><ele>71.9</ele><time>2026-01-01T00:40:12Z</time></trkpt>
<trkpt lat="-27.394749" lon="152.932179"><ele>72.2</ele><time>2026-01-01T00:40:16Z</time></trkpt>
<trkpt lat="-27.394597" lon="152.932084"><ele>72.3</ele><time>2026-01-01T00:40:19Z</time></trkpt>
<trkpt lat="-27.394343" lon="152.931895"><ele>72.2</ele><time>2026-01-01T00:40:24Z</time></trkpt>
<trkpt lat="-27.39429" lon="152.931857"><ele>72.1</ele><time>2026-01-01T00:40:25Z</time></trkpt>
<trkpt lat="-27.394027" lon="152.931625"><ele>71.8</ele><time>2026-01-01T00:40:30Z</time></trkpt>
<trkpt lat="-27.393753" lon="152.931305"><ele>72.2</ele><time>2026-01-01T00:40:36Z</time></trkpt>
<trkpt lat="-27.393725" lon="152.931264"><ele>72.3</ele><time>2026-01-01T00:40:37Z</time></trkpt>
<trkpt lat="-27.39359" lon="152.931075"><ele>72.7</ele><time>2026-01-01T00:40:41Z</time></trkpt>
<trkpt lat="-27.393464" lon="152.930894"><ele>73.1</ele><time>2026-01-01T00:40:45Z</time></trkpt>
<trkpt lat="-27.393405" lon="152.930793"><ele>73.4</ele><time>2026-01-01T00:40:47Z</time></trkpt>
<trkpt lat="-27.393296" lon="152.930595"><ele>73.9</ele><time>2026-01-01T00:40:51Z</time></trkpt>
<trkpt lat="-27.393268" lon="152.930544"><ele>74</ele><time>2026-01-01T00:40:52Z</time></trkpt>
<trkpt lat="-27.393032" lon="152.930057"><ele>73.9</ele><time>2026-01-01T00:41:01Z</time></trkpt>
<trkpt lat="-27.39301" lon="152.930012"><ele>73.9</ele><time>2026-01-01T00:41:02Z</time></trkpt>
<trkpt lat="-27.392948" lon="152.929881"><ele>73.7</ele><time>2026-01-01T00:41:04Z</time></trkpt>
<trkpt lat="-27.392872" lon="152.929695"><ele>73.5</ele><time>2026-01-01T00:41:07Z</time></trkpt>
<trkpt lat="-27.392712" lon="152.929292"><ele>74.6</ele><time>2026-01-01T00:41:13Z</time></trkpt>
<trkpt lat="-27.392589" lon="152.928982"><ele>75.7</ele><time>2026-01-01T00:41:18Z</time></trkpt>
<trkpt lat="-27.392562" lon="152.928919"><ele>75.9</ele><time>2026-01-01T00:41:19Z</time></trkpt>
<trkpt lat="-27.392472" lon="152.92868"><ele>76.6</ele><time>2026-01-01T00:41:23Z</time></trkpt>
<trkpt lat="-27.392454" lon="152.928618"><ele>76.8</ele><time>2026-01-01T00:41:24Z</time></trkpt>
<trkpt lat="-27.392404" lon="152.928434"><ele>77.3</ele><time>2026-01-01T00:41:27Z</time></trkpt>
<trkpt lat="-27.392357" lon="152.928242"><ele>77.7</ele><time>2026-01-01T00:41:30Z</time></trkpt>
<trkpt lat="-27.392323" lon="152.928092"><ele>77.9</ele><time>2026-01-01T00:41:32Z</time></trkpt>
<trkpt lat="-27.392271" lon="152.927835"><ele>77.8</ele><time>2026-01-01T00:41:36Z</time></trkpt>
<trkpt lat="-27.392252" lon="152.92774"><ele>77.7</ele><time>2026-01-01T00:41:37Z</time></trkpt>
<trkpt lat="-27.39224" lon="152.927665"><ele>77.6</ele><time>2026-01-01T00:41:38Z</time></trkpt>
<trkpt lat="-27.392205" lon="152.927353"><ele>76.6</ele><time>2026-01-01T00:41:42Z</time></trkpt>
<trkpt lat="-27.392197" lon="152.927253"><ele>76.2</ele><time>2026-01-01T00:41:43Z</time></trkpt>
<trkpt lat="-27.39218" lon="152.926976"><ele>74.9</ele><time>2026-01-01T00:41:46Z</time></trkpt>
<trkpt lat="-27.392186" lon="152.926796"><ele>74.2</ele><time>2026-01-01T00:41:48Z</time></trkpt>
<trkpt lat="-27.392191" lon="152.926671"><ele>73.8</ele><time>2026-01-01T00:41:49Z</time></trkpt>
<trkpt lat="-27.392194" lon="152.926471"><ele>73.5</ele><time>2026-01-01T00:41:51Z</time></trkpt>
<trkpt lat="-27.392194" lon="152.926254"><ele>73.5</ele><time>2026-01-01T00:41:53Z</time></trkpt>
<trkpt lat="-27.392192" lon="152.926155"><ele>73.6</ele><time>2026-01-01T00:41:54Z</time></trkpt>
<trkpt lat="-27.392228" lon="152.925739"><ele>73.9</ele><time>2026-01-01T00:41:58Z</time></trkpt>
<trkpt lat="-27.39234" lon="152.925268"><ele>73.9</ele><time>2026-01-01T00:42:03Z</time></trkpt>
<trkpt lat="-27.392412" lon="152.924776"><ele>74.3</ele><time>2026-01-01T00:42:08Z</time></trkpt>
<trkpt lat="-27.392516" lon="152.924287"><ele>74.4</ele><time>2026-01-01T00:42:14Z</time></trkpt>
<trkpt lat="-27.392554" lon="152.92412"><ele>74.5</ele><time>2026-01-01T00:42:16Z</time></trkpt>
<trkpt lat="-27.392659" lon="152.923785"><ele>74.7</ele><time>2026-01-01T00:42:20Z</time></trkpt>
<trkpt lat="-27.39269" lon="152.923701"><ele>74.8</ele><time>2026-01-01T00:42:21Z</time></trkpt>
<trkpt lat="-27.392754" lon="152.923531"><ele>74.6</ele><time>2026-01-01T00:42:23Z</time></trkpt>
<trkpt lat="-27.392806" lon="152.923361"><ele>74.9</ele><time>2026-01-01T00:42:25Z</time></trkpt>
<trkpt lat="-27.392871" lon="152.923088"><ele>75.5</ele><time>2026-01-01T00:42:28Z</time></trkpt>
<trkpt lat="-27.392889" lon="152.923"><ele>75.7</ele><time>2026-01-01T00:42:29Z</time></trkpt>
<trkpt lat="-27.392938" lon="152.922839"><ele>76.1</ele><time>2026-01-01T00:42:31Z</time></trkpt>
<trkpt lat="-27.392989" lon="152.92267"><ele>76.5</ele><time>2026-01-01T00:42:33Z</time></trkpt>
<trkpt lat="-27.392986" lon="152.922583"><ele>76.7</ele><time>2026-01-01T00:42:34Z</time></trkpt>
<trkpt lat="-27.392985" lon="152.9225"><ele>76.9</ele><time>2026-01-01T00:42:35Z</time></trkpt>
<trkpt lat="-27.393055" lon="152.922172"><ele>77.8</ele><time>2026-01-01T00:42:39Z</time></trkpt>
<trkpt lat="-27.393087" lon="152.922008"><ele>78.1</ele><time>2026-01-01T00:42:41Z</time></trkpt>
<trkpt lat="-27.393096" lon="152.921922"><ele>78.2</ele><time>2026-01-01T00:42:42Z</time></trkpt>
<trkpt lat="-27.393097" lon="152.921658"><ele>78.3</ele><time>2026-01-01T00:42:45Z</time></trkpt>
<trkpt lat="-27.393127" lon="152.921421"><ele>78.2</ele><time>2026-01-01T00:42:48Z</time></trkpt>
<trkpt lat="-27.393132" lon="152.920943"><ele>77.5</ele><time>2026-01-01T00:42:53Z</time></trkpt>
<trkpt lat="-27.393124" lon="152.920294"><ele>77</ele><time>2026-01-01T00:43:00Z</time></trkpt>
<trkpt lat="-27.39313" lon="152.920041"><ele>77.2</ele><time>2026-01-01T00:43:03Z</time></trkpt>
<trkpt lat="-27.393123" lon="152.919888"><ele>77.3</ele><time>2026-01-01T00:43:05Z</time></trkpt>
<trkpt lat="-27.393125" lon="152.919445"><ele>77.9</ele><time>2026-01-01T00:43:10Z</time></trkpt>
<trkpt lat="-27.393099" lon="152.919351"><ele>78</ele><time>2026-01-01T00:43:11Z</time></trkpt>
<trkpt lat="-27.39309" lon="152.919185"><ele>78.2</ele><time>2026-01-01T00:43:13Z</time></trkpt>
<trkpt lat="-27.393106" lon="152.91893"><ele>78.5</ele><time>2026-01-01T00:43:16Z</time></trkpt>
<trkpt lat="-27.393113" lon="152.918719"><ele>78.9</ele><time>2026-01-01T00:43:19Z</time></trkpt>
<trkpt lat="-27.393106" lon="152.918559"><ele>79.2</ele><time>2026-01-01T00:43:21Z</time></trkpt>
<trkpt lat="-27.393101" lon="152.918471"><ele>79.3</ele><time>2026-01-01T00:43:22Z</time></trkpt>
<trkpt lat="-27.393096" lon="152.918244"><ele>79.6</ele><time>2026-01-01T00:43:25Z</time></trkpt>
<trkpt lat="-27.393068" lon="152.917851"><ele>79.8</ele><time>2026-01-01T00:43:30Z</time></trkpt>
<trkpt lat="-27.393055" lon="152.917697"><ele>79.9</ele><time>2026-01-01T00:43:32Z</time></trkpt>
<trkpt lat="-27.393054" lon="152.917546"><ele>80.2</ele><time>2026-01-01T00:43:34Z</time></trkpt>
<trkpt lat="-27.393045" lon="152.917309"><ele>80.6</ele><time>2026-01-01T00:43:37Z</time></trkpt>
<trkpt lat="-27.393035" lon="152.916863"><ele>81.2</ele><time>2026-01-01T00:43:42Z</time></trkpt>
<trkpt lat="-27.393036" lon="152.916763"><ele>81.3</ele><time>2026-01-01T00:43:43Z</time></trkpt>
<trkpt lat="-27.393054" lon="152.916201"><ele>80.9</ele><time>2026-01-01T00:43:49Z</time></trkpt>
<trkpt lat="-27.39307" lon="152.915516"><ele>81.2</ele><time>2026-01-01T00:43:56Z</time></trkpt>
<trkpt lat="-27.393082" lon="152.91525"><ele>81.6</ele><time>2026-01-01T00:43:59Z</time></trkpt>
<trkpt lat="-27.393054" lon="152.914987"><ele>82</ele><time>2026-01-01T00:44:02Z</time></trkpt>
<trkpt lat="-27.393053" lon="152.91482"><ele>82.6</ele><time>2026-01-01T00:44:04Z</time></trkpt>
<trkpt lat="-27.393051" lon="152.914478"><ele>83.4</ele><time>2026-01-01T00:44:08Z</time></trkpt>
<trkpt lat="-27.393044" lon="152.914057"><ele>83.6</ele><time>2026-01-01T00:44:13Z</time></trkpt>
<trkpt lat="-27.393049" lon="152.913977"><ele>83.5</ele><time>2026-01-01T00:44:14Z</time></trkpt>
<trkpt lat="-27.393056" lon="152.9139"><ele>83.4</ele><time>2026-01-01T00:44:15Z</time></trkpt>
<trkpt lat="-27.393142" lon="152.913397"><ele>82.7</ele><time>2026-01-01T00:44:21Z</time></trkpt>
<trkpt lat="-27.393323" lon="152.912851"><ele>82.6</ele><time>2026-01-01T00:44:28Z</time></trkpt>
<trkpt lat="-27.393349" lon="152.912794"><ele>82.7</ele><time>2026-01-01T00:44:29Z</time></trkpt>
<trkpt lat="-27.393449" lon="152.912586"><ele>83.3</ele><time>2026-01-01T00:44:32Z</time></trkpt>
<trkpt lat="-27.393513" lon="152.912472"><ele>83.9</ele><time>2026-01-01T00:44:34Z</time></trkpt>
<trkpt lat="-27.393555" lon="152.912411"><ele>84.3</ele><time>2026-01-01T00:44:35Z</time></trkpt>
<trkpt lat="-27.393625" lon="152.912312"><ele>85.1</ele><time>2026-01-01T00:44:37Z</time></trkpt>
<trkpt lat="-27.393665" lon="152.912256"><ele>85.6</ele><time>2026-01-01T00:44:38Z</time></trkpt>
<trkpt lat="-27.39381" lon="152.912089"><ele>87.4</ele><time>2026-01-01T00:44:41Z</time></trkpt>
<trkpt lat="-27.393896" lon="152.911998"><ele>88.5</ele><time>2026-01-01T00:44:43Z</time></trkpt>
<trkpt lat="-27.394047" lon="152.911852"><ele>90.3</ele><time>2026-01-01T00:44:46Z</time></trkpt>
<trkpt lat="-27.394125" lon="152.911773"><ele>91.2</ele><time>2026-01-01T00:44:48Z</time></trkpt>
<trkpt lat="-27.394175" lon="152.911715"><ele>91.9</ele><time>2026-01-01T00:44:49Z</time></trkpt>
<trkpt lat="-27.394257" lon="152.91162"><ele>92.9</ele><time>2026-01-01T00:44:51Z</time></trkpt>
<trkpt lat="-27.394283" lon="152.911582"><ele>93.2</ele><time>2026-01-01T00:44:52Z</time></trkpt>
<trkpt lat="-27.394348" lon="152.9115"><ele>94</ele><time>2026-01-01T00:44:54Z</time></trkpt>
<trkpt lat="-27.394366" lon="152.91145"><ele>94.3</ele><time>2026-01-01T00:44:55Z</time></trkpt>
<trkpt lat="-27.394385" lon="152.911411"><ele>94.6</ele><time>2026-01-01T00:44:56Z</time></trkpt>
<trkpt lat="-27.394462" lon="152.911244"><ele>95.7</ele><time>2026-01-01T00:44:59Z</time></trkpt>
<trkpt lat="-27.394503" lon="152.911128"><ele>96.2</ele><time>2026-01-01T00:45:01Z</time></trkpt>
<trkpt lat="-27.394582" lon="152.910806"><ele>97.4</ele><time>2026-01-01T00:45:07Z</time></trkpt>
<trkpt lat="-27.394591" lon="152.910739"><ele>97.5</ele><time>2026-01-01T00:45:08Z</time></trkpt>
<trkpt lat="-27.394599" lon="152.910507"><ele>97.8</ele><time>2026-01-01T00:45:12Z</time></trkpt>
<trkpt lat="-27.394586" lon="152.910333"><ele>97.9</ele><time>2026-01-01T00:45:15Z</time></trkpt>
<trkpt lat="-27.394578" lon="152.910275"><ele>97.8</ele><time>2026-01-01T00:45:16Z</time></trkpt>
<trkpt lat="-27.394554" lon="152.910162"><ele>97.8</ele><time>2026-01-01T00:45:18Z</time></trkpt>
<trkpt lat="-27.394516" lon="152.909988"><ele>97.9</ele><time>2026-01-01T00:45:21Z</time></trkpt>
<trkpt lat="-27.394496" lon="152.909869"><ele>98</ele><time>2026-01-01T00:45:23Z</time></trkpt>
<trkpt lat="-27.394438" lon="152.909514"><ele>99</ele><time>2026-01-01T00:45:29Z</time></trkpt>
<trkpt lat="-27.394429" lon="152.909471"><ele>99.2</ele><time>2026-01-01T00:45:30Z</time></trkpt>
<trkpt lat="-27.394391" lon="152.909263"><ele>100.5</ele><time>2026-01-01T00:45:34Z</time></trkpt>
<trkpt lat="-27.394372" lon="152.909174"><ele>101.2</ele><time>2026-01-01T00:45:36Z</time></trkpt>
<trkpt lat="-27.394362" lon="152.90913"><ele>101.5</ele><time>2026-01-01T00:45:37Z</time></trkpt>
<trkpt lat="-27.394326" lon="152.908989"><ele>102.5</ele><time>2026-01-01T00:45:40Z</time></trkpt>
<trkpt lat="-27.394312" lon="152.908948"><ele>102.8</ele><time>2026-01-01T00:45:41Z</time></trkpt>
<trkpt lat="-27.394301" lon="152.908908"><ele>103.1</ele><time>2026-01-01T00:45:42Z</time></trkpt>
<trkpt lat="-27.394276" lon="152.908822"><ele>103.7</ele><time>2026-01-01T00:45:44Z</time></trkpt>
<trkpt lat="-27.394243" lon="152.908696"><ele>104.6</ele><time>2026-01-01T00:45:47Z</time></trkpt>
<trkpt lat="-27.394204" lon="152.908572"><ele>105.6</ele><time>2026-01-01T00:45:50Z</time></trkpt>
<trkpt lat="-27.394125" lon="152.908383"><ele>107</ele><time>2026-01-01T00:45:55Z</time></trkpt>
<trkpt lat="-27.394052" lon="152.908245"><ele>108</ele><time>2026-01-01T00:45:59Z</time></trkpt>
<trkpt lat="-27.393947" lon="152.908054"><ele>109.5</ele><time>2026-01-01T00:46:04Z</time></trkpt>
<trkpt lat="-27.393927" lon="152.908021"><ele>109.8</ele><time>2026-01-01T00:46:05Z</time></trkpt>
<trkpt lat="-27.393893" lon="152.907961"><ele>110.2</ele><time>2026-01-01T00:46:07Z</time></trkpt>
<trkpt lat="-27.393826" lon="152.907867"><ele>111</ele><time>2026-01-01T00:46:10Z</time></trkpt>
<trkpt lat="-27.393803" lon="152.907832"><ele>111.3</ele><time>2026-01-01T00:46:11Z</time></trkpt>
<trkpt lat="-27.393725" lon="152.90774"><ele>112.1</ele><time>2026-01-01T00:46:14Z</time></trkpt>
<trkpt lat="-27.393572" lon="152.907591"><ele>113.4</ele><time>2026-01-01T00:46:19Z</time></trkpt>
<trkpt lat="-27.39354" lon="152.907562"><ele>113.7</ele><time>2026-01-01T00:46:20Z</time></trkpt>
<trkpt lat="-27.393453" lon="152.907481"><ele>114.3</ele><time>2026-01-01T00:46:23Z</time></trkpt>
<trkpt lat="-27.393308" lon="152.907385"><ele>115.2</ele><time>2026-01-01T00:46:27Z</time></trkpt>
<trkpt lat="-27.393204" lon="152.907319"><ele>115.7</ele><time>2026-01-01T00:46:30Z</time></trkpt>
<trkpt lat="-27.393041" lon="152.907219"><ele>116.7</ele><time>2026-01-01T00:46:35Z</time></trkpt>
<trkpt lat="-27.392861" lon="152.907126"><ele>118</ele><time>2026-01-01T00:46:40Z</time></trkpt>
<trkpt lat="-27.392786" lon="152.907093"><ele>118.6</ele><time>2026-01-01T00:46:42Z</time></trkpt>
<trkpt lat="-27.392747" lon="152.907078"><ele>118.9</ele><time>2026-01-01T00:46:43Z</time></trkpt>
<trkpt lat="-27.392519" lon="152.906989"><ele>120.9</ele><time>2026-01-01T00:46:49Z</time></trkpt>
<trkpt lat="-27.392394" lon="152.906937"><ele>121.9</ele><time>2026-01-01T00:46:52Z</time></trkpt>
<trkpt lat="-27.392362" lon="152.906923"><ele>122.2</ele><time>2026-01-01T00:46:53Z</time></trkpt>
<trkpt lat="-27.392233" lon="152.906876"><ele>123.3</ele><time>2026-01-01T00:46:56Z</time></trkpt>
<trkpt lat="-27.392087" lon="152.906813"><ele>124.5</ele><time>2026-01-01T00:47:00Z</time></trkpt>
<trkpt lat="-27.392049" lon="152.906801"><ele>124.8</ele><time>2026-01-01T00:47:01Z</time></trkpt>
<trkpt lat="-27.391983" lon="152.906773"><ele>125.3</ele><time>2026-01-01T00:47:03Z</time></trkpt>
<trkpt lat="-27.391852" lon="152.906708"><ele>126.3</ele><time>2026-01-01T00:47:07Z</time></trkpt>
<trkpt lat="-27.391707" lon="152.906612"><ele>127.2</ele><time>2026-01-01T00:47:11Z</time></trkpt>
<trkpt lat="-27.391615" lon="152.906523"><ele>127.8</ele><time>2026-01-01T00:47:14Z</time></trkpt>
<trkpt lat="-27.391499" lon="152.906399"><ele>128.4</ele><time>2026-01-01T00:47:18Z</time></trkpt>
<trkpt lat="-27.391474" lon="152.90637"><ele>128.5</ele><time>2026-01-01T00:47:19Z</time></trkpt>
<trkpt lat="-27.391244" lon="152.906054"><ele>129.5</ele><time>2026-01-01T00:47:27Z</time></trkpt>
<trkpt lat="-27.391217" lon="152.906009"><ele>129.7</ele><time>2026-01-01T00:47:28Z</time></trkpt>
<trkpt lat="-27.39112" lon="152.905778"><ele>130.6</ele><time>2026-01-01T00:47:33Z</time></trkpt>
<trkpt lat="-27.391103" lon="152.905726"><ele>130.9</ele><time>2026-01-01T00:47:34Z</time></trkpt>
<trkpt lat="-27.39107" lon="152.905639"><ele>131.3</ele><time>2026-01-01T00:47:36Z</time></trkpt>
<trkpt lat="-27.391011" lon="152.905491"><ele>132.2</ele><time>2026-01-01T00:47:39Z</time></trkpt>
<trkpt lat="-27.390993" lon="152.905455"><ele>132.5</ele><time>2026-01-01T00:47:40Z</time></trkpt>
<trkpt lat="-27.390953" lon="152.905337"><ele>133.3</ele><time>2026-01-01T00:47:43Z</time></trkpt>
<trkpt lat="-27.390915" lon="152.905241"><ele>134.1</ele><time>2026-01-01T00:47:46Z</time></trkpt>
<trkpt lat="-27.390846" lon="152.905072"><ele>135.7</ele><time>2026-01-01T00:47:50Z</time></trkpt>
<trkpt lat="-27.390801" lon="152.904948"><ele>136.8</ele><time>2026-01-01T00:47:53Z</time></trkpt>
<trkpt lat="-27.390751" lon="152.904829"><ele>137.9</ele><time>2026-01-01T00:47:56Z</time></trkpt>
<trkpt lat="-27.390677" lon="152.904706"><ele>139.1</ele><time>2026-01-01T00:47:59Z</time></trkpt>
<trkpt lat="-27.390661" lon="152.904672"><ele>139.5</ele><time>2026-01-01T00:48:00Z</time></trkpt>
<trkpt lat="-27.390608" lon="152.90459"><ele>140.3</ele><time>2026-01-01T00:48:02Z</time></trkpt>
<trkpt lat="-27.39053" lon="152.904472"><ele>141.6</ele><time>2026-01-01T00:48:05Z</time></trkpt>
<trkpt lat="-27.390433" lon="152.904363"><ele>142.9</ele><time>2026-01-01T00:48:08Z</time></trkpt>
<trkpt lat="-27.39032" lon="152.904255"><ele>144.2</ele><time>2026-01-01T00:48:11Z</time></trkpt>
<trkpt lat="-27.390191" lon="152.904155"><ele>145.3</ele><time>2026-01-01T00:48:14Z</time></trkpt>
<trkpt lat="-27.390147" lon="152.904126"><ele>145.7</ele><time>2026-01-01T00:48:15Z</time></trkpt>
<trkpt lat="-27.390102" lon="152.904126"><ele>145.9</ele><time>2026-01-01T00:48:16Z</time></trkpt>
<trkpt lat="-27.390012" lon="152.904096"><ele>146.5</ele><time>2026-01-01T00:48:18Z</time></trkpt>
<trkpt lat="-27.389885" lon="152.904057"><ele>147</ele><time>2026-01-01T00:48:21Z</time></trkpt>
<trkpt lat="-27.389782" lon="152.904044"><ele>147.2</ele><time>2026-01-01T00:48:23Z</time></trkpt>
<trkpt lat="-27.389577" lon="152.904039"><ele>147.3</ele><time>2026-01-01T00:48:27Z</time></trkpt>
<trkpt lat="-27.389526" lon="152.904041"><ele>147.2</ele><time>2026-01-01T00:48:28Z</time></trkpt>
<trkpt lat="-27.38942" lon="152.90406"><ele>147.1</ele><time>2026-01-01T00:48:30Z</time></trkpt>
<trkpt lat="-27.389367" lon="152.904071"><ele>146.9</ele><time>2026-01-01T00:48:31Z</time></trkpt>
<trkpt lat="-27.389311" lon="152.904087"><ele>146.7</ele><time>2026-01-01T00:48:32Z</time></trkpt>
<trkpt lat="-27.389257" lon="152.904109"><ele>146.4</ele><time>2026-01-01T00:48:33Z</time></trkpt>
<trkpt lat="-27.389135" lon="152.904168"><ele>145.8</ele><time>2026-01-01T00:48:35Z</time></trkpt>
<trkpt lat="-27.389008" lon="152.90425"><ele>144.9</ele><time>2026-01-01T00:48:37Z</time></trkpt>
<trkpt lat="-27.38894" lon="152.904296"><ele>144.4</ele><time>2026-01-01T00:48:38Z</time></trkpt>
<trkpt lat="-27.388794" lon="152.904399"><ele>143.4</ele><time>2026-01-01T00:48:40Z</time></trkpt>
<trkpt lat="-27.38864" lon="152.90452"><ele>142.4</ele><time>2026-01-01T00:48:42Z</time></trkpt>
<trkpt lat="-27.388557" lon="152.904579"><ele>141.9</ele><time>2026-01-01T00:48:43Z</time></trkpt>
<trkpt lat="-27.388389" lon="152.904691"><ele>141.2</ele><time>2026-01-01T00:48:45Z</time></trkpt>
<trkpt lat="-27.388142" lon="152.904847"><ele>140.4</ele><time>2026-01-01T00:48:48Z</time></trkpt>
<trkpt lat="-27.38803" lon="152.904897"><ele>140.1</ele><time>2026-01-01T00:48:49Z</time></trkpt>
<trkpt lat="-27.387759" lon="152.904976"><ele>139.4</ele><time>2026-01-01T00:48:52Z</time></trkpt>
<trkpt lat="-27.387666" lon="152.90499"><ele>139</ele><time>2026-01-01T00:48:53Z</time></trkpt>
<trkpt lat="-27.387406" lon="152.904996"><ele>137.7</ele><time>2026-01-01T00:48:56Z</time></trkpt>
<trkpt lat="-27.387318" lon="152.904977"><ele>137.2</ele><time>2026-01-01T00:48:57Z</time></trkpt>
<trkpt lat="-27.387223" lon="152.904953"><ele>136.6</ele><time>2026-01-01T00:48:58Z</time></trkpt>
<trkpt lat="-27.386926" lon="152.904816"><ele>135.2</ele><time>2026-01-01T00:49:01Z</time></trkpt>
<trkpt lat="-27.386854" lon="152.904775"><ele>135</ele><time>2026-01-01T00:49:02Z</time></trkpt>
<trkpt lat="-27.386744" lon="152.904712"><ele>134.8</ele><time>2026-01-01T00:49:03Z</time></trkpt>
<trkpt lat="-27.386394" lon="152.904467"><ele>135.6</ele><time>2026-01-01T00:49:07Z</time></trkpt>
<trkpt lat="-27.386238" lon="152.904353"><ele>136.2</ele><time>2026-01-01T00:49:09Z</time></trkpt>
<trkpt lat="-27.38609" lon="152.904271"><ele>136.5</ele><time>2026-01-01T00:49:11Z</time></trkpt>
<trkpt lat="-27.385852" lon="152.904175"><ele>136.3</ele><time>2026-01-01T00:49:14Z</time></trkpt>
<trkpt lat="-27.38577" lon="152.904155"><ele>136</ele><time>2026-01-01T00:49:15Z</time></trkpt>
<trkpt lat="-27.385402" lon="152.904053"><ele>133.7</ele><time>2026-01-01T00:49:19Z</time></trkpt>
<trkpt lat="-27.385095" lon="152.903992"><ele>131.6</ele><time>2026-01-01T00:49:22Z</time></trkpt>
<trkpt lat="-27.384904" lon="152.903943"><ele>130.4</ele><time>2026-01-01T00:49:24Z</time></trkpt>
<trkpt lat="-27.3847" lon="152.903886"><ele>129.3</ele><time>2026-01-01T00:49:26Z</time></trkpt>
<trkpt lat="-27.384498" lon="152.90379"><ele>128.3</ele><time>2026-01-01T00:49:28Z</time></trkpt>
<trkpt lat="-27.384395" lon="152.903744"><ele>127.8</ele><time>2026-01-01T00:49:29Z</time></trkpt>
<trkpt lat="-27.384273" lon="152.903682"><ele>127.1</ele><time>2026-01-01T00:49:30Z</time></trkpt>
<trkpt lat="-27.384174" lon="152.903621"><ele>126.5</ele><time>2026-01-01T00:49:31Z</time></trkpt>
<trkpt lat="-27.383996" lon="152.903491"><ele>125.3</ele><time>2026-01-01T00:49:33Z</time></trkpt>
<trkpt lat="-27.383804" lon="152.90333"><ele>123.9</ele><time>2026-01-01T00:49:35Z</time></trkpt>
<trkpt lat="-27.383532" lon="152.903082"><ele>122.6</ele><time>2026-01-01T00:49:38Z</time></trkpt>
<trkpt lat="-27.38335" lon="152.902875"><ele>122.1</ele><time>2026-01-01T00:49:40Z</time></trkpt>
<trkpt lat="-27.383276" lon="152.902781"><ele>121.9</ele><time>2026-01-01T00:49:41Z</time></trkpt>
<trkpt lat="-27.383148" lon="152.90261"><ele>121.5</ele><time>2026-01-01T00:49:43Z</time></trkpt>
<trkpt lat="-27.382878" lon="152.902238"><ele>119.9</ele><time>2026-01-01T00:49:47Z</time></trkpt>
<trkpt lat="-27.382797" lon="152.902126"><ele>119.2</ele><time>2026-01-01T00:49:48Z</time></trkpt>
<trkpt lat="-27.382669" lon="152.901924"><ele>117.8</ele><time>2026-01-01T00:49:50Z</time></trkpt>
<trkpt lat="-27.38253" lon="152.90172"><ele>116.2</ele><time>2026-01-01T00:49:52Z</time></trkpt>
<trkpt lat="-27.382419" lon="152.901478"><ele>114.5</ele><time>2026-01-01T00:49:54Z</time></trkpt>
<trkpt lat="-27.382326" lon="152.901226"><ele>112.8</ele><time>2026-01-01T00:49:56Z</time></trkpt>
<trkpt lat="-27.38229" lon="152.901094"><ele>111.9</ele><time>2026-01-01T00:49:57Z</time></trkpt>
<trkpt lat="-27.382219" lon="152.900817"><ele>110.5</ele><time>2026-01-01T00:49:59Z</time></trkpt>
<trkpt lat="-27.382167" lon="152.900533"><ele>109.4</ele><time>2026-01-01T00:50:01Z</time></trkpt>
<trkpt lat="-27.382152" lon="152.900388"><ele>109</ele><time>2026-01-01T00:50:02Z</time></trkpt>
<trkpt lat="-27.382145" lon="152.900237"><ele>108.6</ele><time>2026-01-01T00:50:03Z</time></trkpt>
<trkpt lat="-27.38214" lon="152.899959"><ele>107.9</ele><time>2026-01-01T00:50:05Z</time></trkpt>
<trkpt lat="-27.38215" lon="152.899677"><ele>107.2</ele><time>2026-01-01T00:50:07Z</time></trkpt>
<trkpt lat="-27.382156" lon="152.899532"><ele>106.8</ele><time>2026-01-01T00:50:08Z</time></trkpt>
<trkpt lat="-27.38216" lon="152.899261"><ele>106.2</ele><time>2026-01-01T00:50:10Z</time></trkpt>
<trkpt lat="-27.382123" lon="152.898994"><ele>105.3</ele><time>2026-01-01T00:50:12Z</time></trkpt>
<trkpt lat="-27.382063" lon="152.898747"><ele>104.8</ele><time>2026-01-01T00:50:14Z</time></trkpt>
<trkpt lat="-27.381931" lon="152.898409"><ele>104.8</ele><time>2026-01-01T00:50:17Z</time></trkpt>
<trkpt lat="-27.381877" lon="152.898294"><ele>104.9</ele><time>2026-01-01T00:50:18Z</time></trkpt>
<trkpt lat="-27.381775" lon="152.898069"><ele>105.1</ele><time>2026-01-01T00:50:20Z</time></trkpt>
<trkpt lat="-27.381678" lon="152.897849"><ele>105.2</ele><time>2026-01-01T00:50:22Z</time></trkpt>
<trkpt lat="-27.381637" lon="152.897739"><ele>105.2</ele><time>2026-01-01T00:50:23Z</time></trkpt>
<trkpt lat="-27.381501" lon="152.897296"><ele>104.1</ele><time>2026-01-01T00:50:27Z</time></trkpt>
<trkpt lat="-27.381445" lon="152.897087"><ele>103.2</ele><time>2026-01-01T00:50:29Z</time></trkpt>
<trkpt lat="-27.381417" lon="152.89694"><ele>102.5</ele><time>2026-01-01T00:50:30Z</time></trkpt>
<trkpt lat="-27.381387" lon="152.896693"><ele>101.1</ele><time>2026-01-01T00:50:32Z</time></trkpt>
<trkpt lat="-27.381378" lon="152.896563"><ele>100.4</ele><time>2026-01-01T00:50:33Z</time></trkpt>
<trkpt lat="-27.381377" lon="152.896435"><ele>99.6</ele><time>2026-01-01T00:50:34Z</time></trkpt>
<trkpt lat="-27.381375" lon="152.896304"><ele>98.8</ele><time>2026-01-01T00:50:35Z</time></trkpt>
<trkpt lat="-27.381371" lon="152.896166"><ele>97.9</ele><time>2026-01-01T00:50:36Z</time></trkpt>
<trkpt lat="-27.381362" lon="152.895919"><ele>96.4</ele><time>2026-01-01T00:50:38Z</time></trkpt>
<trkpt lat="-27.381362" lon="152.895608"><ele>94.4</ele><time>2026-01-01T00:50:40Z</time></trkpt>
<trkpt lat="-27.381337" lon="152.895332"><ele>92.6</ele><time>2026-01-01T00:50:42Z</time></trkpt>
<trkpt lat="-27.381302" lon="152.89503"><ele>90.4</ele><time>2026-01-01T00:50:44Z</time></trkpt>
<trkpt lat="-27.381265" lon="152.894885"><ele>89.2</ele><time>2026-01-01T00:50:45Z</time></trkpt>
<trkpt lat="-27.381157" lon="152.894598"><ele>86.6</ele><time>2026-01-01T00:50:47Z</time></trkpt>
<trkpt lat="-27.38108" lon="152.894464"><ele>85.2</ele><time>2026-01-01T00:50:48Z</time></trkpt>
<trkpt lat="-27.381016" lon="152.894355"><ele>84.1</ele><time>2026-01-01T00:50:49Z</time></trkpt>
<trkpt lat="-27.380935" lon="152.89422"><ele>82.7</ele><time>2026-01-01T00:50:50Z</time></trkpt>
<trkpt lat="-27.380841" lon="152.894104"><ele>81.3</ele><time>2026-01-01T00:50:51Z</time></trkpt>
<trkpt lat="-27.380717" lon="152.893952"><ele>79.5</ele><time>2026-01-01T00:50:52Z</time></trkpt>
<trkpt lat="-27.380491" lon="152.893743"><ele>76.7</ele><time>2026-01-01T00:50:54Z</time></trkpt>
<trkpt lat="-27.380367" lon="152.893649"><ele>75.2</ele><time>2026-01-01T00:50:55Z</time></trkpt>
<trkpt lat="-27.380241" lon="152.893557"><ele>73.8</ele><time>2026-01-01T00:50:56Z</time></trkpt>
<trkpt lat="-27.380139" lon="152.893482"><ele>72.6</ele><time>2026-01-01T00:50:57Z</time></trkpt>
<trkpt lat="-27.379987" lon="152.893368"><ele>71</ele><time>2026-01-01T00:50:58Z</time></trkpt>
<trkpt lat="-27.379859" lon="152.89327"><ele>69.8</ele><time>2026-01-01T00:50:59Z</time></trkpt>
<trkpt lat="-27.379606" lon="152.893062"><ele>66.8</ele><time>2026-01-01T00:51:01Z</time></trkpt>
<trkpt lat="-27.379484" lon="152.892948"><ele>65.2</ele><time>2026-01-01T00:51:02Z</time></trkpt>
<trkpt lat="-27.379367" lon="152.892827"><ele>63.6</ele><time>2026-01-01T00:51:03Z</time></trkpt>
<trkpt lat="-27.379255" lon="152.8927"><ele>61.8</ele><time>2026-01-01T00:51:04Z</time></trkpt>
<trkpt lat="-27.379148" lon="152.892568"><ele>60.1</ele><time>2026-01-01T00:51:05Z</time></trkpt>
<trkpt lat="-27.379045" lon="152.892434"><ele>58.7</ele><time>2026-01-01T00:51:06Z</time></trkpt>
<trkpt lat="-27.378839" lon="152.892159"><ele>56.6</ele><time>2026-01-01T00:51:08Z</time></trkpt>
<trkpt lat="-27.378738" lon="152.892023"><ele>56.1</ele><time>2026-01-01T00:51:09Z</time></trkpt>
<trkpt lat="-27.378546" lon="152.891755"><ele>55.8</ele><time>2026-01-01T00:51:11Z</time></trkpt>
<trkpt lat="-27.378455" lon="152.891628"><ele>55.9</ele><time>2026-01-01T00:51:12Z</time></trkpt>
<trkpt lat="-27.378035" lon="152.891061"><ele>56.5</ele><time>2026-01-01T00:51:17Z</time></trkpt>
<trkpt lat="-27.377648" lon="152.890587"><ele>56.9</ele><time>2026-01-01T00:51:22Z</time></trkpt>
<trkpt lat="-27.37727" lon="152.890192"><ele>57.8</ele><time>2026-01-01T00:51:27Z</time></trkpt>
<trkpt lat="-27.376921" lon="152.889843"><ele>58</ele><time>2026-01-01T00:51:32Z</time></trkpt>
<trkpt lat="-27.376618" lon="152.889535"><ele>59.7</ele><time>2026-01-01T00:51:37Z</time></trkpt>
<trkpt lat="-27.376399" lon="152.889319"><ele>62</ele><time>2026-01-01T00:51:41Z</time></trkpt>
<trkpt lat="-27.376351" lon="152.889275"><ele>62.6</ele><time>2026-01-01T00:51:42Z</time></trkpt>
<trkpt lat="-27.376307" lon="152.889228"><ele>63.2</ele><time>2026-01-01T00:51:43Z</time></trkpt>
<trkpt lat="-27.376226" lon="152.889138"><ele>64.4</ele><time>2026-01-01T00:51:45Z</time></trkpt>
<trkpt lat="-27.376122" lon="152.889027"><ele>65.7</ele><time>2026-01-01T00:51:48Z</time></trkpt>
<trkpt lat="-27.376049" lon="152.888957"><ele>66.6</ele><time>2026-01-01T00:51:50Z</time></trkpt>
<trkpt lat="-27.37602" lon="152.888923"><ele>66.9</ele><time>2026-01-01T00:51:51Z</time></trkpt>
<trkpt lat="-27.375984" lon="152.88889"><ele>67.4</ele><time>2026-01-01T00:51:52Z</time></trkpt>
<trkpt lat="-27.375959" lon="152.888863"><ele>67.7</ele><time>2026-01-01T00:51:53Z</time></trkpt>
<trkpt lat="-27.375924" lon="152.888832"><ele>68</ele><time>2026-01-01T00:51:54Z</time></trkpt>
<trkpt lat="-27.375852" lon="152.888761"><ele>68.8</ele><time>2026-01-01T00:51:56Z</time></trkpt>
<trkpt lat="-27.375817" lon="152.888724"><ele>69.2</ele><time>2026-01-01T00:51:57Z</time></trkpt>
<trkpt lat="-27.375752" lon="152.888651"><ele>69.9</ele><time>2026-01-01T00:51:59Z</time></trkpt>
<trkpt lat="-27.375722" lon="152.888625"><ele>70.1</ele><time>2026-01-01T00:52:00Z</time></trkpt>
<trkpt lat="-27.375627" lon="152.88854"><ele>70.8</ele><time>2026-01-01T00:52:03Z</time></trkpt>
<trkpt lat="-27.375515" lon="152.888447"><ele>71.2</ele><time>2026-01-01T00:52:06Z</time></trkpt>
<trkpt lat="-27.375479" lon="152.888417"><ele>71.3</ele><time>2026-01-01T00:52:07Z</time></trkpt>
<trkpt lat="-27.375198" lon="152.888145"><ele>70.7</ele><time>2026-01-01T00:52:14Z</time></trkpt>
<trkpt lat="-27.374893" lon="152.887838"><ele>68.6</ele><time>2026-01-01T00:52:20Z</time></trkpt>
<trkpt lat="-27.374711" lon="152.887658"><ele>67</ele><time>2026-01-01T00:52:23Z</time></trkpt>
<trkpt lat="-27.374448" lon="152.887395"><ele>65</ele><time>2026-01-01T00:52:27Z</time></trkpt>
<trkpt lat="-27.374246" lon="152.887185"><ele>63.7</ele><time>2026-01-01T00:52:30Z</time></trkpt>
<trkpt lat="-27.374113" lon="152.887035"><ele>63.2</ele><time>2026-01-01T00:52:32Z</time></trkpt>
<trkpt lat="-27.374046" lon="152.886955"><ele>62.8</ele><time>2026-01-01T00:52:33Z</time></trkpt>
<trkpt lat="-27.373881" lon="152.886677"><ele>61.6</ele><time>2026-01-01T00:52:36Z</time></trkpt>
<trkpt lat="-27.37384" lon="152.886572"><ele>61.2</ele><time>2026-01-01T00:52:37Z</time></trkpt>
<trkpt lat="-27.373804" lon="152.886462"><ele>61.1</ele><time>2026-01-01T00:52:38Z</time></trkpt>
<trkpt lat="-27.373757" lon="152.886355"><ele>60.6</ele><time>2026-01-01T00:52:39Z</time></trkpt>
<trkpt lat="-27.373701" lon="152.886252"><ele>60.1</ele><time>2026-01-01T00:52:40Z</time></trkpt>
<trkpt lat="-27.373642" lon="152.886149"><ele>59</ele><time>2026-01-01T00:52:41Z</time></trkpt>
<trkpt lat="-27.37359" lon="152.886041"><ele>59.3</ele><time>2026-01-01T00:52:42Z</time></trkpt>
<trkpt lat="-27.373514" lon="152.885794"><ele>59.1</ele><time>2026-01-01T00:52:44Z</time></trkpt>
<trkpt lat="-27.373394" lon="152.885146"><ele>59.2</ele><time>2026-01-01T00:52:50Z</time></trkpt>
<trkpt lat="-27.373351" lon="152.884817"><ele>59.7</ele><time>2026-01-01T00:52:53Z</time></trkpt>
<trkpt lat="-27.373326" lon="152.88465"><ele>59.9</ele><time>2026-01-01T00:52:55Z</time></trkpt>
<trkpt lat="-27.37326" lon="152.884226"><ele>61.3</ele><time>2026-01-01T00:53:00Z</time></trkpt>
<trkpt lat="-27.373199" lon="152.88388"><ele>62</ele><time>2026-01-01T00:53:05Z</time></trkpt>
<trkpt lat="-27.373188" lon="152.883808"><ele>62.1</ele><time>2026-01-01T00:53:06Z</time></trkpt>
<trkpt lat="-27.373094" lon="152.883142"><ele>62.1</ele><time>2026-01-01T00:53:15Z</time></trkpt>
<trkpt lat="-27.373008" lon="152.882566"><ele>61.2</ele><time>2026-01-01T00:53:23Z</time></trkpt>
<trkpt lat="-27.372992" lon="152.882412"><ele>60.8</ele><time>2026-01-01T00:53:25Z</time></trkpt>
<trkpt lat="-27.372969" lon="152.882088"><ele>60.1</ele><time>2026-01-01T00:53:29Z</time></trkpt>
<trkpt lat="-27.372987" lon="152.88183"><ele>59.6</ele><time>2026-01-01T00:53:32Z</time></trkpt>
<trkpt lat="-27.372999" lon="152.88174"><ele>59.4</ele><time>2026-01-01T00:53:33Z</time></trkpt>
<trkpt lat="-27.373031" lon="152.881564"><ele>58.9</ele><time>2026-01-01T00:53:35Z</time></trkpt>
<trkpt lat="-27.373113" lon="152.881307"><ele>58.5</ele><time>2026-01-01T00:53:38Z</time></trkpt>
<trkpt lat="-27.373208" lon="152.881096"><ele>58.5</ele><time>2026-01-01T00:53:41Z</time></trkpt>
<trkpt lat="-27.373263" lon="152.880962"><ele>58.6</ele><time>2026-01-01T00:53:43Z</time></trkpt>
<trkpt lat="-27.373439" lon="152.880655"><ele>59.6</ele><time>2026-01-01T00:53:48Z</time></trkpt>
<trkpt lat="-27.373565" lon="152.88047"><ele>60.8</ele><time>2026-01-01T00:53:52Z</time></trkpt>
<trkpt lat="-27.373598" lon="152.880429"><ele>61.1</ele><time>2026-01-01T00:53:53Z</time></trkpt>
<trkpt lat="-27.373686" lon="152.880328"><ele>61.9</ele><time>2026-01-01T00:53:56Z</time></trkpt>
<trkpt lat="-27.373733" lon="152.880255"><ele>62.4</ele><time>2026-01-01T00:53:58Z</time></trkpt>
<trkpt lat="-27.373789" lon="152.880174"><ele>62.9</ele><time>2026-01-01T00:54:00Z</time></trkpt>
<trkpt lat="-27.37391" lon="152.880004"><ele>63.9</ele><time>2026-01-01T00:54:04Z</time></trkpt>
<trkpt lat="-27.373942" lon="152.87996"><ele>64.1</ele><time>2026-01-01T00:54:05Z</time></trkpt>
<trkpt lat="-27.374006" lon="152.879865"><ele>64.6</ele><time>2026-01-01T00:54:07Z</time></trkpt>
<trkpt lat="-27.374124" lon="152.879689"><ele>65.4</ele><time>2026-01-01T00:54:11Z</time></trkpt>
<trkpt lat="-27.374249" lon="152.879504"><ele>66.2</ele><time>2026-01-01T00:54:15Z</time></trkpt>
<trkpt lat="-27.374411" lon="152.879261"><ele>66.9</ele><time>2026-01-01T00:54:20Z</time></trkpt>
<trkpt lat="-27.374514" lon="152.879115"><ele>67.2</ele><time>2026-01-01T00:54:23Z</time></trkpt>
<trkpt lat="-27.374723" lon="152.878821"><ele>67.3</ele><time>2026-01-01T00:54:29Z</time></trkpt>
<trkpt lat="-27.374766" lon="152.878756"><ele>67.3</ele><time>2026-01-01T00:54:30Z</time></trkpt>
<trkpt lat="-27.375113" lon="152.878273"><ele>66.8</ele><time>2026-01-01T00:54:39Z</time></trkpt>
<trkpt lat="-27.375369" lon="152.877902"><ele>67.4</ele><time>2026-01-01T00:54:46Z</time></trkpt>
<trkpt lat="-27.375397" lon="152.877865"><ele>67.6</ele><time>2026-01-01T00:54:47Z</time></trkpt>
<trkpt lat="-27.375499" lon="152.87773"><ele>68.3</ele><time>2026-01-01T00:54:50Z</time></trkpt>
<trkpt lat="-27.375556" lon="152.87765"><ele>68.9</ele><time>2026-01-01T00:54:52Z</time></trkpt>
<trkpt lat="-27.375627" lon="152.877541"><ele>69.7</ele><time>2026-01-01T00:54:55Z</time></trkpt>
<trkpt lat="-27.375674" lon="152.877465"><ele>70.4</ele><time>2026-01-01T00:54:57Z</time></trkpt>
<trkpt lat="-27.375694" lon="152.877427"><ele>70.7</ele><time>2026-01-01T00:54:58Z</time></trkpt>
<trkpt lat="-27.375845" lon="152.877198"><ele>72.8</ele><time>2026-01-01T00:55:04Z</time></trkpt>
<trkpt lat="-27.375974" lon="152.877005"><ele>74.7</ele><time>2026-01-01T00:55:09Z</time></trkpt>
<trkpt lat="-27.376041" lon="152.8769"><ele>75.6</ele><time>2026-01-01T00:55:12Z</time></trkpt>
<trkpt lat="-27.376112" lon="152.876781"><ele>76.5</ele><time>2026-01-01T00:55:15Z</time></trkpt>
<trkpt lat="-27.376139" lon="152.876737"><ele>76.9</ele><time>2026-01-01T00:55:16Z</time></trkpt>
<trkpt lat="-27.376231" lon="152.876538"><ele>78.1</ele><time>2026-01-01T00:55:21Z</time></trkpt>
<trkpt lat="-27.37627" lon="152.876456"><ele>78.6</ele><time>2026-01-01T00:55:23Z</time></trkpt>
<trkpt lat="-27.376306" lon="152.876368"><ele>78.9</ele><time>2026-01-01T00:55:25Z</time></trkpt>
<trkpt lat="-27.376381" lon="152.876145"><ele>79.7</ele><time>2026-01-01T00:55:30Z</time></trkpt>
<trkpt lat="-27.376437" lon="152.875946"><ele>80</ele><time>2026-01-01T00:55:34Z</time></trkpt>
<trkpt lat="-27.376471" lon="152.875797"><ele>80.2</ele><time>2026-01-01T00:55:37Z</time></trkpt>
<trkpt lat="-27.376527" lon="152.875328"><ele>79.4</ele><time>2026-01-01T00:55:45Z</time></trkpt>
<trkpt lat="-27.376532" lon="152.875072"><ele>78.4</ele><time>2026-01-01T00:55:49Z</time></trkpt>
<trkpt lat="-27.376523" lon="152.874933"><ele>77.6</ele><time>2026-01-01T00:55:51Z</time></trkpt>
<trkpt lat="-27.376505" lon="152.874673"><ele>76.1</ele><time>2026-01-01T00:55:54Z</time></trkpt>
<trkpt lat="-27.376486" lon="152.874575"><ele>75.5</ele><time>2026-01-01T00:55:55Z</time></trkpt>
<trkpt lat="-27.376464" lon="152.874476"><ele>74.9</ele><time>2026-01-01T00:55:56Z</time></trkpt>
<trkpt lat="-27.376382" lon="152.874159"><ele>72.9</ele><time>2026-01-01T00:55:59Z</time></trkpt>
<trkpt lat="-27.376339" lon="152.874051"><ele>72.2</ele><time>2026-01-01T00:56:00Z</time></trkpt>
<trkpt lat="-27.37621" lon="152.873724"><ele>70.1</ele><time>2026-01-01T00:56:03Z</time></trkpt>
<trkpt lat="-27.376158" lon="152.873617"><ele>69.3</ele><time>2026-01-01T00:56:04Z</time></trkpt>
<trkpt lat="-27.3761" lon="152.873513"><ele>68.6</ele><time>2026-01-01T00:56:05Z</time></trkpt>
<trkpt lat="-27.376036" lon="152.873411"><ele>67.8</ele><time>2026-01-01T00:56:06Z</time></trkpt>
<trkpt lat="-27.375904" lon="152.873207"><ele>66.3</ele><time>2026-01-01T00:56:08Z</time></trkpt>
<trkpt lat="-27.375835" lon="152.873108"><ele>65.6</ele><time>2026-01-01T00:56:09Z</time></trkpt>
<trkpt lat="-27.37576" lon="152.873015"><ele>64.8</ele><time>2026-01-01T00:56:10Z</time></trkpt>
<trkpt lat="-27.375606" lon="152.872835"><ele>63.6</ele><time>2026-01-01T00:56:12Z</time></trkpt>
<trkpt lat="-27.375526" lon="152.872753"><ele>63.1</ele><time>2026-01-01T00:56:13Z</time></trkpt>
<trkpt lat="-27.375348" lon="152.872591"><ele>62.2</ele><time>2026-01-01T00:56:15Z</time></trkpt>
<trkpt lat="-27.375152" lon="152.87244"><ele>61.6</ele><time>2026-01-01T00:56:17Z</time></trkpt>
<trkpt lat="-27.374892" lon="152.872225"><ele>61.4</ele><time>2026-01-01T00:56:20Z</time></trkpt>
<trkpt lat="-27.374799" lon="152.872161"><ele>61.5</ele><time>2026-01-01T00:56:21Z</time></trkpt>
<trkpt lat="-27.374333" lon="152.871928"><ele>62.3</ele><time>2026-01-01T00:56:26Z</time></trkpt>
<trkpt lat="-27.373926" lon="152.871714"><ele>63.7</ele><time>2026-01-01T00:56:31Z</time></trkpt>
<trkpt lat="-27.373712" lon="152.871589"><ele>64.6</ele><time>2026-01-01T00:56:34Z</time></trkpt>
<trkpt lat="-27.373586" lon="152.871493"><ele>65</ele><time>2026-01-01T00:56:36Z</time></trkpt>
<trkpt lat="-27.373531" lon="152.87144"><ele>65.1</ele><time>2026-01-01T00:56:37Z</time></trkpt>
<trkpt lat="-27.373304" lon="152.871175"><ele>65.1</ele><time>2026-01-01T00:56:42Z</time></trkpt>
<trkpt lat="-27.373221" lon="152.87105"><ele>65</ele><time>2026-01-01T00:56:44Z</time></trkpt>
<trkpt lat="-27.373155" lon="152.87095"><ele>64.9</ele><time>2026-01-01T00:56:46Z</time></trkpt>
<trkpt lat="-27.373043" lon="152.870763"><ele>64.4</ele><time>2026-01-01T00:56:49Z</time></trkpt>
<trkpt lat="-27.372976" lon="152.870615"><ele>63.9</ele><time>2026-01-01T00:56:51Z</time></trkpt>
<trkpt lat="-27.372917" lon="152.870464"><ele>63.2</ele><time>2026-01-01T00:56:53Z</time></trkpt>
<trkpt lat="-27.372889" lon="152.870382"><ele>62.7</ele><time>2026-01-01T00:56:54Z</time></trkpt>
<trkpt lat="-27.372867" lon="152.870306"><ele>62.4</ele><time>2026-01-01T00:56:55Z</time></trkpt>
<trkpt lat="-27.372815" lon="152.870163"><ele>61.7</ele><time>2026-01-01T00:56:57Z</time></trkpt>
<trkpt lat="-27.372749" lon="152.869994"><ele>61</ele><time>2026-01-01T00:56:59Z</time></trkpt>
<trkpt lat="-27.372686" lon="152.869802"><ele>60.7</ele><time>2026-01-01T00:57:01Z</time></trkpt>
<trkpt lat="-27.372622" lon="152.869615"><ele>60.8</ele><time>2026-01-01T00:57:03Z</time></trkpt>
<trkpt lat="-27.372509" lon="152.869162"><ele>62.1</ele><time>2026-01-01T00:57:08Z</time></trkpt>
<trkpt lat="-27.372486" lon="152.869005"><ele>62.4</ele><time>2026-01-01T00:57:10Z</time></trkpt>
<trkpt lat="-27.372412" lon="152.868524"><ele>62.6</ele><time>2026-01-01T00:57:16Z</time></trkpt>
<trkpt lat="-27.372385" lon="152.868214"><ele>62.4</ele><time>2026-01-01T00:57:20Z</time></trkpt>
<trkpt lat="-27.372374" lon="152.868062"><ele>62.3</ele><time>2026-01-01T00:57:22Z</time></trkpt>
<trkpt lat="-27.372366" lon="152.867895"><ele>62.1</ele><time>2026-01-01T00:57:24Z</time></trkpt>
<trkpt lat="-27.372357" lon="152.867678"><ele>62</ele><time>2026-01-01T00:57:27Z</time></trkpt>
<trkpt lat="-27.372352" lon="152.867522"><ele>61.8</ele><time>2026-01-01T00:57:29Z</time></trkpt>
<trkpt lat="-27.372328" lon="152.867198"><ele>61.3</ele><time>2026-01-01T00:57:33Z</time></trkpt>
<trkpt lat="-27.372323" lon="152.867136"><ele>61.3</ele><time>2026-01-01T00:57:34Z</time></trkpt>
<trkpt lat="-27.372288" lon="152.866648"><ele>60.9</ele><time>2026-01-01T00:57:40Z</time></trkpt>
<trkpt lat="-27.372285" lon="152.866568"><ele>60.9</ele><time>2026-01-01T00:57:41Z</time></trkpt>
<trkpt lat="-27.372274" lon="152.866095"><ele>60.4</ele><time>2026-01-01T00:57:47Z</time></trkpt>
<trkpt lat="-27.37225" lon="152.865559"><ele>60.9</ele><time>2026-01-01T00:57:54Z</time></trkpt>
<trkpt lat="-27.372242" lon="152.865209"><ele>61.3</ele><time>2026-01-01T00:57:59Z</time></trkpt>
<trkpt lat="-27.372235" lon="152.865071"><ele>61.5</ele><time>2026-01-01T00:58:01Z</time></trkpt>
<trkpt lat="-27.372232" lon="152.864759"><ele>62.5</ele><time>2026-01-01T00:58:06Z</time></trkpt>
<trkpt lat="-27.372229" lon="152.86464"><ele>63</ele><time>2026-01-01T00:58:08Z</time></trkpt>
<trkpt lat="-27.372222" lon="152.864532"><ele>63.4</ele><time>2026-01-01T00:58:10Z</time></trkpt>
<trkpt lat="-27.372205" lon="152.864356"><ele>64.1</ele><time>2026-01-01T00:58:13Z</time></trkpt>
<trkpt lat="-27.372199" lon="152.864302"><ele>64.3</ele><time>2026-01-01T00:58:14Z</time></trkpt>
<trkpt lat="-27.372145" lon="152.863942"><ele>65.4</ele><time>2026-01-01T00:58:20Z</time></trkpt>
<trkpt lat="-27.372118" lon="152.863824"><ele>65.7</ele><time>2026-01-01T00:58:22Z</time></trkpt>
<trkpt lat="-27.372068" lon="152.863647"><ele>66.2</ele><time>2026-01-01T00:58:25Z</time></trkpt>
<trkpt lat="-27.372012" lon="152.863467"><ele>66.6</ele><time>2026-01-01T00:58:28Z</time></trkpt>
<trkpt lat="-27.371962" lon="152.863297"><ele>67</ele><time>2026-01-01T00:58:31Z</time></trkpt>
<trkpt lat="-27.371862" lon="152.863065"><ele>67.3</ele><time>2026-01-01T00:58:35Z</time></trkpt>
<trkpt lat="-27.371653" lon="152.862665"><ele>67.7</ele><time>2026-01-01T00:58:42Z</time></trkpt>
<trkpt lat="-27.371325" lon="152.862209"><ele>67.8</ele><time>2026-01-01T00:58:51Z</time></trkpt>
<trkpt lat="-27.371243" lon="152.862115"><ele>67.8</ele><time>2026-01-01T00:58:53Z</time></trkpt>
<trkpt lat="-27.371161" lon="152.862012"><ele>67.7</ele><time>2026-01-01T00:58:55Z</time></trkpt>
<trkpt lat="-27.37112" lon="152.861958"><ele>67.7</ele><time>2026-01-01T00:58:56Z</time></trkpt>
<trkpt lat="-27.37108" lon="152.861913"><ele>67.6</ele><time>2026-01-01T00:58:57Z</time></trkpt>
<trkpt lat="-27.370928" lon="152.86174"><ele>67.5</ele><time>2026-01-01T00:59:01Z</time></trkpt>
<trkpt lat="-27.370651" lon="152.861388"><ele>67.1</ele><time>2026-01-01T00:59:08Z</time></trkpt>
<trkpt lat="-27.370616" lon="152.86134"><ele>67.1</ele><time>2026-01-01T00:59:09Z</time></trkpt>
<trkpt lat="-27.370411" lon="152.861026"><ele>66.9</ele><time>2026-01-01T00:59:14Z</time></trkpt>
<trkpt lat="-27.370373" lon="152.860961"><ele>66.9</ele><time>2026-01-01T00:59:15Z</time></trkpt>
<trkpt lat="-27.370072" lon="152.86042"><ele>66.7</ele><time>2026-01-01T00:59:23Z</time></trkpt>
<trkpt lat="-27.369883" lon="152.860015"><ele>66.4</ele><time>2026-01-01T00:59:29Z</time></trkpt>
<trkpt lat="-27.369728" lon="152.859678"><ele>66.2</ele><time>2026-01-01T00:59:34Z</time></trkpt>
<trkpt lat="-27.369659" lon="152.85954"><ele>66.1</ele><time>2026-01-01T00:59:36Z</time></trkpt>
<trkpt lat="-27.369546" lon="152.859312"><ele>65.9</ele><time>2026-01-01T00:59:39Z</time></trkpt>
<trkpt lat="-27.369429" lon="152.859006"><ele>65.5</ele><time>2026-01-01T00:59:43Z</time></trkpt>
<trkpt lat="-27.369288" lon="152.858479"><ele>65.1</ele><time>2026-01-01T00:59:50Z</time></trkpt>
<trkpt lat="-27.369257" lon="152.858095"><ele>65.3</ele><time>2026-01-01T00:59:55Z</time></trkpt>
<trkpt lat="-27.369279" lon="152.857955"><ele>65.5</ele><time>2026-01-01T00:59:57Z</time></trkpt>
<trkpt lat="-27.36929" lon="152.857881"><ele>65.7</ele><time>2026-01-01T00:59:58Z</time></trkpt>
<trkpt lat="-27.369313" lon="152.857749"><ele>66</ele><time>2026-01-01T01:00:00Z</time></trkpt>
<trkpt lat="-27.369401" lon="152.857382"><ele>66.7</ele><time>2026-01-01T01:00:05Z</time></trkpt>
<trkpt lat="-27.369422" lon="152.857296"><ele>66.8</ele><time>2026-01-01T01:00:06Z</time></trkpt>
<trkpt lat="-27.369514" lon="152.856988"><ele>67</ele><time>2026-01-01T01:00:10Z</time></trkpt>
<trkpt lat="-27.369556" lon="152.856848"><ele>66.9</ele><time>2026-01-01T01:00:12Z</time></trkpt>
<trkpt lat="-27.369609" lon="152.856685"><ele>66.8</ele><time>2026-01-01T01:00:14Z</time></trkpt>
<trkpt lat="-27.369719" lon="152.856295"><ele>66.3</ele><time>2026-01-01T01:00:19Z</time></trkpt>
<trkpt lat="-27.369745" lon="152.856211"><ele>66.2</ele><time>2026-01-01T01:00:20Z</time></trkpt>
<trkpt lat="-27.369861" lon="152.855821"><ele>66</ele><time>2026-01-01T01:00:25Z</time></trkpt>
<trkpt lat="-27.370048" lon="152.855241"><ele>66.4</ele><time>2026-01-01T01:00:32Z</time></trkpt>
<trkpt lat="-27.370153" lon="152.854884"><ele>66.7</ele><time>2026-01-01T01:00:37Z</time></trkpt>
<trkpt lat="-27.370198" lon="152.854739"><ele>66.9</ele><time>2026-01-01T01:00:39Z</time></trkpt>
<trkpt lat="-27.370262" lon="152.854525"><ele>67.2</ele><time>2026-01-01T01:00:42Z</time></trkpt>
<trkpt lat="-27.370303" lon="152.854385"><ele>67.4</ele><time>2026-01-01T01:00:44Z</time></trkpt>
<trkpt lat="-27.370378" lon="152.854105"><ele>67.8</ele><time>2026-01-01T01:00:48Z</time></trkpt>
<trkpt lat="-27.370523" lon="152.853603"><ele>67.9</ele><time>2026-01-01T01:00:55Z</time></trkpt>
<trkpt lat="-27.37061" lon="152.853386"><ele>67.7</ele><time>2026-01-01T01:00:58Z</time></trkpt>
<trkpt lat="-27.370642" lon="152.853312"><ele>67.6</ele><time>2026-01-01T01:00:59Z</time></trkpt>
<trkpt lat="-27.370815" lon="152.852933"><ele>67.3</ele><time>2026-01-01T01:01:04Z</time></trkpt>
<trkpt lat="-27.371019" lon="152.852587"><ele>67</ele><time>2026-01-01T01:01:09Z</time></trkpt>
<trkpt lat="-27.37106" lon="152.852523"><ele>67</ele><time>2026-01-01T01:01:10Z</time></trkpt>
<trkpt lat="-27.371375" lon="152.852042"><ele>67</ele><time>2026-01-01T01:01:18Z</time></trkpt>
<trkpt lat="-27.371485" lon="152.85187"><ele>67.3</ele><time>2026-01-01T01:01:21Z</time></trkpt>
<trkpt lat="-27.371524" lon="152.851815"><ele>67.4</ele><time>2026-01-01T01:01:22Z</time></trkpt>
<trkpt lat="-27.371592" lon="152.851702"><ele>67.7</ele><time>2026-01-01T01:01:24Z</time></trkpt>
<trkpt lat="-27.371615" lon="152.851643"><ele>67.9</ele><time>2026-01-01T01:01:25Z</time></trkpt>
<trkpt lat="-27.371723" lon="152.851403"><ele>68.7</ele><time>2026-01-01T01:01:29Z</time></trkpt>
<trkpt lat="-27.371786" lon="152.851209"><ele>69.2</ele><time>2026-01-01T01:01:32Z</time></trkpt>
<trkpt lat="-27.371802" lon="152.851141"><ele>69.4</ele><time>2026-01-01T01:01:33Z</time></trkpt>
<trkpt lat="-27.37186" lon="152.850729"><ele>70.7</ele><time>2026-01-01T01:01:39Z</time></trkpt>
<trkpt lat="-27.371893" lon="152.850313"><ele>71.5</ele><time>2026-01-01T01:01:45Z</time></trkpt>
<trkpt lat="-27.371898" lon="152.850243"><ele>71.6</ele><time>2026-01-01T01:01:46Z</time></trkpt>
<trkpt lat="-27.371996" lon="152.849702"><ele>71.4</ele><time>2026-01-01T01:01:54Z</time></trkpt>
<trkpt lat="-27.372069" lon="152.849486"><ele>70.8</ele><time>2026-01-01T01:01:57Z</time></trkpt>
<trkpt lat="-27.37214" lon="152.849342"><ele>70.5</ele><time>2026-01-01T01:01:59Z</time></trkpt>
<trkpt lat="-27.372214" lon="152.849202"><ele>70.3</ele><time>2026-01-01T01:02:01Z</time></trkpt>
<trkpt lat="-27.372349" lon="152.849014"><ele>70.4</ele><time>2026-01-01T01:02:04Z</time></trkpt>
<trkpt lat="-27.372657" lon="152.848697"><ele>71.5</ele><time>2026-01-01T01:02:10Z</time></trkpt>
<trkpt lat="-27.372712" lon="152.848655"><ele>71.8</ele><time>2026-01-01T01:02:11Z</time></trkpt>
<trkpt lat="-27.372877" lon="152.848537"><ele>72.8</ele><time>2026-01-01T01:02:14Z</time></trkpt>
<trkpt lat="-27.37304" lon="152.848432"><ele>73.8</ele><time>2026-01-01T01:02:17Z</time></trkpt>
<trkpt lat="-27.373094" lon="152.848397"><ele>74.1</ele><time>2026-01-01T01:02:18Z</time></trkpt>
<trkpt lat="-27.373244" lon="152.848294"><ele>74.9</ele><time>2026-01-01T01:02:21Z</time></trkpt>
<trkpt lat="-27.373442" lon="152.848149"><ele>75.7</ele><time>2026-01-01T01:02:25Z</time></trkpt>
<trkpt lat="-27.373807" lon="152.847815"><ele>76</ele><time>2026-01-01T01:02:33Z</time></trkpt>
<trkpt lat="-27.373967" lon="152.847594"><ele>75.5</ele><time>2026-01-01T01:02:37Z</time></trkpt>
<trkpt lat="-27.374006" lon="152.847533"><ele>75.2</ele><time>2026-01-01T01:02:38Z</time></trkpt>
<trkpt lat="-27.374138" lon="152.847256"><ele>74.1</ele><time>2026-01-01T01:02:42Z</time></trkpt>
<trkpt lat="-27.374163" lon="152.847184"><ele>73.8</ele><time>2026-01-01T01:02:43Z</time></trkpt>
<trkpt lat="-27.37424" lon="152.846944"><ele>72.7</ele><time>2026-01-01T01:02:46Z</time></trkpt>
<trkpt lat="-27.374287" lon="152.846684"><ele>71.6</ele><time>2026-01-01T01:02:49Z</time></trkpt>
<trkpt lat="-27.37432" lon="152.846337"><ele>70.7</ele><time>2026-01-01T01:02:53Z</time></trkpt>
<trkpt lat="-27.374329" lon="152.84625"><ele>70.6</ele><time>2026-01-01T01:02:54Z</time></trkpt>
<trkpt lat="-27.374362" lon="152.846007"><ele>70.1</ele><time>2026-01-01T01:02:57Z</time></trkpt>
<trkpt lat="-27.37441" lon="152.845588"><ele>70.1</ele><time>2026-01-01T01:03:02Z</time></trkpt>
<trkpt lat="-27.374434" lon="152.845347"><ele>70.6</ele><time>2026-01-01T01:03:05Z</time></trkpt>
<trkpt lat="-27.374455" lon="152.845195"><ele>71</ele><time>2026-01-01T01:03:07Z</time></trkpt>
<trkpt lat="-27.374464" lon="152.845121"><ele>71.2</ele><time>2026-01-01T01:03:08Z</time></trkpt>
<trkpt lat="-27.374475" lon="152.845038"><ele>71.3</ele><time>2026-01-01T01:03:09Z</time></trkpt>
<trkpt lat="-27.374507" lon="152.844781"><ele>71.6</ele><time>2026-01-01T01:03:13Z</time></trkpt>
<trkpt lat="-27.374532" lon="152.844647"><ele>71.6</ele><time>2026-01-01T01:03:15Z</time></trkpt>
<trkpt lat="-27.374686" lon="152.844001"><ele>69.9</ele><time>2026-01-01T01:03:24Z</time></trkpt>
<trkpt lat="-27.3748" lon="152.843636"><ele>69.3</ele><time>2026-01-01T01:03:29Z</time></trkpt>
<trkpt lat="-27.374824" lon="152.843566"><ele>69.3</ele><time>2026-01-01T01:03:30Z</time></trkpt>
<trkpt lat="-27.374943" lon="152.843235"><ele>70.1</ele><time>2026-01-01T01:03:35Z</time></trkpt>
<trkpt lat="-27.374989" lon="152.843105"><ele>70.7</ele><time>2026-01-01T01:03:37Z</time></trkpt>
<trkpt lat="-27.375009" lon="152.843043"><ele>70.9</ele><time>2026-01-01T01:03:38Z</time></trkpt>
<trkpt lat="-27.37505" lon="152.842926"><ele>71.5</ele><time>2026-01-01T01:03:40Z</time></trkpt>
<trkpt lat="-27.37507" lon="152.842867"><ele>71.8</ele><time>2026-01-01T01:03:41Z</time></trkpt>
<trkpt lat="-27.375084" lon="152.84281"><ele>72</ele><time>2026-01-01T01:03:42Z</time></trkpt>
<trkpt lat="-27.375099" lon="152.842753"><ele>72.3</ele><time>2026-01-01T01:03:43Z</time></trkpt>
<trkpt lat="-27.37514" lon="152.842586"><ele>72.9</ele><time>2026-01-01T01:03:46Z</time></trkpt>
<trkpt lat="-27.375169" lon="152.842422"><ele>73.6</ele><time>2026-01-01T01:03:49Z</time></trkpt>
<trkpt lat="-27.375195" lon="152.842264"><ele>74.2</ele><time>2026-01-01T01:03:52Z</time></trkpt>
<trkpt lat="-27.375224" lon="152.841901"><ele>75.5</ele><time>2026-01-01T01:03:59Z</time></trkpt>
<trkpt lat="-27.375228" lon="152.84185"><ele>75.7</ele><time>2026-01-01T01:04:00Z</time></trkpt>
<trkpt lat="-27.375201" lon="152.841437"><ele>77.2</ele><time>2026-01-01T01:04:08Z</time></trkpt>
<trkpt lat="-27.375196" lon="152.841384"><ele>77.4</ele><time>2026-01-01T01:04:09Z</time></trkpt>
<trkpt lat="-27.375142" lon="152.841028"><ele>78.9</ele><time>2026-01-01T01:04:16Z</time></trkpt>
<trkpt lat="-27.375131" lon="152.840971"><ele>79.2</ele><time>2026-01-01T01:04:17Z</time></trkpt>
<trkpt lat="-27.375124" lon="152.840916"><ele>79.4</ele><time>2026-01-01T01:04:18Z</time></trkpt>
<trkpt lat="-27.375099" lon="152.840636"><ele>80.9</ele><time>2026-01-01T01:04:23Z</time></trkpt>
<trkpt lat="-27.375096" lon="152.840534"><ele>81.5</ele><time>2026-01-01T01:04:25Z</time></trkpt>
<trkpt lat="-27.375103" lon="152.840294"><ele>82.8</ele><time>2026-01-01T01:04:30Z</time></trkpt>
<trkpt lat="-27.375108" lon="152.840238"><ele>83.1</ele><time>2026-01-01T01:04:31Z</time></trkpt>
<trkpt lat="-27.375127" lon="152.840042"><ele>84.2</ele><time>2026-01-01T01:04:35Z</time></trkpt>
<trkpt lat="-27.375134" lon="152.84"><ele>84.4</ele><time>2026-01-01T01:04:36Z</time></trkpt>
<trkpt lat="-27.375155" lon="152.839903"><ele>84.9</ele><time>2026-01-01T01:04:38Z</time></trkpt>
<trkpt lat="-27.375219" lon="152.839665"><ele>86.3</ele><time>2026-01-01T01:04:43Z</time></trkpt>
<trkpt lat="-27.375235" lon="152.839622"><ele>86.5</ele><time>2026-01-01T01:04:44Z</time></trkpt>
<trkpt lat="-27.375285" lon="152.839501"><ele>87.3</ele><time>2026-01-01T01:04:47Z</time></trkpt>
<trkpt lat="-27.375318" lon="152.839419"><ele>87.8</ele><time>2026-01-01T01:04:49Z</time></trkpt>
<trkpt lat="-27.375331" lon="152.839376"><ele>88</ele><time>2026-01-01T01:04:50Z</time></trkpt>
<trkpt lat="-27.375408" lon="152.839212"><ele>89</ele><time>2026-01-01T01:04:54Z</time></trkpt>
<trkpt lat="-27.375475" lon="152.839089"><ele>89.7</ele><time>2026-01-01T01:04:57Z</time></trkpt>
<trkpt lat="-27.375539" lon="152.838921"><ele>90.4</ele><time>2026-01-01T01:05:01Z</time></trkpt>
<trkpt lat="-27.375564" lon="152.838877"><ele>90.5</ele><time>2026-01-01T01:05:02Z</time></trkpt>
<trkpt lat="-27.375669" lon="152.838698"><ele>91.2</ele><time>2026-01-01T01:05:06Z</time></trkpt>
<trkpt lat="-27.375714" lon="152.8386"><ele>91.5</ele><time>2026-01-01T01:05:08Z</time></trkpt>
<trkpt lat="-27.375858" lon="152.838303"><ele>92.4</ele><time>2026-01-01T01:05:14Z</time></trkpt>
<trkpt lat="-27.3759" lon="152.838204"><ele>92.5</ele><time>2026-01-01T01:05:16Z</time></trkpt>
<trkpt lat="-27.376011" lon="152.838003"><ele>92.7</ele><time>2026-01-01T01:05:20Z</time></trkpt>
<trkpt lat="-27.376096" lon="152.837854"><ele>92.7</ele><time>2026-01-01T01:05:23Z</time></trkpt>
<trkpt lat="-27.376253" lon="152.837567"><ele>92.7</ele><time>2026-01-01T01:05:28Z</time></trkpt>
<trkpt lat="-27.376313" lon="152.837456"><ele>92.5</ele><time>2026-01-01T01:05:30Z</time></trkpt>
<trkpt lat="-27.376461" lon="152.837171"><ele>92.1</ele><time>2026-01-01T01:05:35Z</time></trkpt>
<trkpt lat="-27.37653" lon="152.837042"><ele>91.8</ele><time>2026-01-01T01:05:37Z</time></trkpt>
<trkpt lat="-27.376649" lon="152.836844"><ele>91.2</ele><time>2026-01-01T01:05:40Z</time></trkpt>
<trkpt lat="-27.376711" lon="152.836718"><ele>90.9</ele><time>2026-01-01T01:05:42Z</time></trkpt>
<trkpt lat="-27.37679" lon="152.836486"><ele>90.3</ele><time>2026-01-01T01:05:45Z</time></trkpt>
<trkpt lat="-27.376873" lon="152.836166"><ele>89.5</ele><time>2026-01-01T01:05:49Z</time></trkpt>
<trkpt lat="-27.37689" lon="152.836083"><ele>89.2</ele><time>2026-01-01T01:05:50Z</time></trkpt>
<trkpt lat="-27.376919" lon="152.835912"><ele>88.6</ele><time>2026-01-01T01:05:52Z</time></trkpt>
<trkpt lat="-27.376935" lon="152.835805"><ele>88.2</ele><time>2026-01-01T01:05:53Z</time></trkpt>
<trkpt lat="-27.376965" lon="152.835442"><ele>86.6</ele><time>2026-01-01T01:05:57Z</time></trkpt>
<trkpt lat="-27.376953" lon="152.834936"><ele>83.7</ele><time>2026-01-01T01:06:02Z</time></trkpt>
<trkpt lat="-27.376965" lon="152.834712"><ele>82.7</ele><time>2026-01-01T01:06:04Z</time></trkpt>
<trkpt lat="-27.376972" lon="152.834477"><ele>82</ele><time>2026-01-01T01:06:06Z</time></trkpt>
<trkpt lat="-27.376978" lon="152.834359"><ele>81.8</ele><time>2026-01-01T01:06:07Z</time></trkpt>
<trkpt lat="-27.377009" lon="152.833784"><ele>81.5</ele><time>2026-01-01T01:06:12Z</time></trkpt>
<trkpt lat="-27.377013" lon="152.833655"><ele>81.5</ele><time>2026-01-01T01:06:13Z</time></trkpt>
<trkpt lat="-27.377072" lon="152.833159"><ele>81.4</ele><time>2026-01-01T01:06:18Z</time></trkpt>
<trkpt lat="-27.377097" lon="152.83306"><ele>81.3</ele><time>2026-01-01T01:06:19Z</time></trkpt>
<trkpt lat="-27.377215" lon="152.832762"><ele>81.1</ele><time>2026-01-01T01:06:22Z</time></trkpt>
<trkpt lat="-27.377392" lon="152.832442"><ele>81.1</ele><time>2026-01-01T01:06:26Z</time></trkpt>
<trkpt lat="-27.377508" lon="152.832294"><ele>81.2</ele><time>2026-01-01T01:06:28Z</time></trkpt>
<trkpt lat="-27.377789" lon="152.831965"><ele>81.8</ele><time>2026-01-01T01:06:33Z</time></trkpt>
<trkpt lat="-27.377931" lon="152.831804"><ele>82.1</ele><time>2026-01-01T01:06:36Z</time></trkpt>
<trkpt lat="-27.378076" lon="152.831641"><ele>82.4</ele><time>2026-01-01T01:06:39Z</time></trkpt>
<trkpt lat="-27.378366" lon="152.831324"><ele>82.9</ele><time>2026-01-01T01:06:45Z</time></trkpt>
<trkpt lat="-27.378553" lon="152.831105"><ele>83.1</ele><time>2026-01-01T01:06:49Z</time></trkpt>
<trkpt lat="-27.378602" lon="152.831037"><ele>83.1</ele><time>2026-01-01T01:06:50Z</time></trkpt>
<trkpt lat="-27.378839" lon="152.830677"><ele>82.9</ele><time>2026-01-01T01:06:56Z</time></trkpt>
<trkpt lat="-27.378882" lon="152.830617"><ele>82.9</ele><time>2026-01-01T01:06:57Z</time></trkpt>
<trkpt lat="-27.378989" lon="152.830416"><ele>82.8</ele><time>2026-01-01T01:07:00Z</time></trkpt>
<trkpt lat="-27.379095" lon="152.830146"><ele>82.9</ele><time>2026-01-01T01:07:04Z</time></trkpt>
<trkpt lat="-27.379246" lon="152.829702"><ele>83.3</ele><time>2026-01-01T01:07:10Z</time></trkpt>
<trkpt lat="-27.379254" lon="152.829622"><ele>83.3</ele><time>2026-01-01T01:07:11Z</time></trkpt>
<trkpt lat="-27.379285" lon="152.829407"><ele>83.5</ele><time>2026-01-01T01:07:14Z</time></trkpt>
<trkpt lat="-27.379307" lon="152.829333"><ele>83.5</ele><time>2026-01-01T01:07:15Z</time></trkpt>
<trkpt lat="-27.37934" lon="152.828896"><ele>84.1</ele><time>2026-01-01T01:07:21Z</time></trkpt>
<trkpt lat="-27.379316" lon="152.828725"><ele>84.3</ele><time>2026-01-01T01:07:24Z</time></trkpt>
<trkpt lat="-27.379305" lon="152.828649"><ele>84.5</ele><time>2026-01-01T01:07:25Z</time></trkpt>
<trkpt lat="-27.3793" lon="152.828583"><ele>84.6</ele><time>2026-01-01T01:07:26Z</time></trkpt>
<trkpt lat="-27.379287" lon="152.828454"><ele>84.9</ele><time>2026-01-01T01:07:28Z</time></trkpt>
<trkpt lat="-27.379234" lon="152.828205"><ele>85.2</ele><time>2026-01-01T01:07:32Z</time></trkpt>
<trkpt lat="-27.379168" lon="152.827757"><ele>86.2</ele><time>2026-01-01T01:07:39Z</time></trkpt>
<trkpt lat="-27.379055" lon="152.827132"><ele>87.9</ele><time>2026-01-01T01:07:49Z</time></trkpt>
<trkpt lat="-27.379046" lon="152.827071"><ele>88.1</ele><time>2026-01-01T01:07:50Z</time></trkpt>
<trkpt lat="-27.37901" lon="152.826831"><ele>89</ele><time>2026-01-01T01:07:54Z</time></trkpt>
<trkpt lat="-27.378965" lon="152.826544"><ele>89.9</ele><time>2026-01-01T01:07:59Z</time></trkpt>
<trkpt lat="-27.378958" lon="152.82649"><ele>90.1</ele><time>2026-01-01T01:08:00Z</time></trkpt>
<trkpt lat="-27.378915" lon="152.826214"><ele>90.9</ele><time>2026-01-01T01:08:05Z</time></trkpt>
<trkpt lat="-27.378881" lon="152.826045"><ele>91.3</ele><time>2026-01-01T01:08:08Z</time></trkpt>
<trkpt lat="-27.378836" lon="152.825871"><ele>91.7</ele><time>2026-01-01T01:08:11Z</time></trkpt>
<trkpt lat="-27.378715" lon="152.825523"><ele>92.2</ele><time>2026-01-01T01:08:17Z</time></trkpt>
<trkpt lat="-27.378496" lon="152.825082"><ele>92.2</ele><time>2026-01-01T01:08:25Z</time></trkpt>
<trkpt lat="-27.378263" lon="152.824693"><ele>91.6</ele><time>2026-01-01T01:08:32Z</time></trkpt>
<trkpt lat="-27.378182" lon="152.824561"><ele>91.4</ele><time>2026-01-01T01:08:34Z</time></trkpt>
<trkpt lat="-27.378107" lon="152.82444"><ele>91.1</ele><time>2026-01-01T01:08:36Z</time></trkpt>
<trkpt lat="-27.377916" lon="152.824153"><ele>90.8</ele><time>2026-01-01T01:08:41Z</time></trkpt>
<trkpt lat="-27.377835" lon="152.824032"><ele>90.6</ele><time>2026-01-01T01:08:43Z</time></trkpt>
<trkpt lat="-27.37764" lon="152.823704"><ele>90.1</ele><time>2026-01-01T01:08:48Z</time></trkpt>
<trkpt lat="-27.377612" lon="152.823639"><ele>90</ele><time>2026-01-01T01:08:49Z</time></trkpt>
<trkpt lat="-27.377582" lon="152.823558"><ele>89.8</ele><time>2026-01-01T01:08:50Z</time></trkpt>
<trkpt lat="-27.377551" lon="152.82349"><ele>89.7</ele><time>2026-01-01T01:08:51Z</time></trkpt>
<trkpt lat="-27.377398" lon="152.82305"><ele>89.5</ele><time>2026-01-01T01:08:57Z</time></trkpt>
<trkpt lat="-27.37736" lon="152.822901"><ele>89.5</ele><time>2026-01-01T01:08:59Z</time></trkpt>
<trkpt lat="-27.377335" lon="152.822738"><ele>89.5</ele><time>2026-01-01T01:09:01Z</time></trkpt>
<trkpt lat="-27.377318" lon="152.822581"><ele>89.6</ele><time>2026-01-01T01:09:03Z</time></trkpt>
<trkpt lat="-27.377292" lon="152.822219"><ele>91.1</ele><time>2026-01-01T01:09:08Z</time></trkpt>
<trkpt lat="-27.377297" lon="152.822023"><ele>91.8</ele><time>2026-01-01T01:09:11Z</time></trkpt>
<trkpt lat="-27.377297" lon="152.821957"><ele>92</ele><time>2026-01-01T01:09:12Z</time></trkpt>
<trkpt lat="-27.3773" lon="152.821888"><ele>92.3</ele><time>2026-01-01T01:09:13Z</time></trkpt>
<trkpt lat="-27.377347" lon="152.821483"><ele>93.4</ele><time>2026-01-01T01:09:19Z</time></trkpt>
<trkpt lat="-27.377368" lon="152.821352"><ele>93.7</ele><time>2026-01-01T01:09:21Z</time></trkpt>
<trkpt lat="-27.377505" lon="152.820901"><ele>94.2</ele><time>2026-01-01T01:09:28Z</time></trkpt>
<trkpt lat="-27.377704" lon="152.820392"><ele>94.3</ele><time>2026-01-01T01:09:36Z</time></trkpt>
<trkpt lat="-27.377797" lon="152.820137"><ele>94.3</ele><time>2026-01-01T01:09:40Z</time></trkpt>
<trkpt lat="-27.377951" lon="152.819549"><ele>94.2</ele><time>2026-01-01T01:09:49Z</time></trkpt>
<trkpt lat="-27.377987" lon="152.819303"><ele>94.4</ele><time>2026-01-01T01:09:53Z</time></trkpt>
<trkpt lat="-27.378011" lon="152.819034"><ele>94.8</ele><time>2026-01-01T01:09:57Z</time></trkpt>
<trkpt lat="-27.378015" lon="152.818974"><ele>94.9</ele><time>2026-01-01T01:09:58Z</time></trkpt>
<trkpt lat="-27.378049" lon="152.818683"><ele>95.6</ele><time>2026-01-01T01:10:03Z</time></trkpt>
<trkpt lat="-27.378057" lon="152.81861"><ele>95.7</ele><time>2026-01-01T01:10:04Z</time></trkpt>
<trkpt lat="-27.378082" lon="152.818371"><ele>96.4</ele><time>2026-01-01T01:10:08Z</time></trkpt>
<trkpt lat="-27.378097" lon="152.818197"><ele>96.9</ele><time>2026-01-01T01:10:11Z</time></trkpt>
<trkpt lat="-27.37813" lon="152.817818"><ele>97.9</ele><time>2026-01-01T01:10:17Z</time></trkpt>
<trkpt lat="-27.378162" lon="152.817513"><ele>98.7</ele><time>2026-01-01T01:10:22Z</time></trkpt>
<trkpt lat="-27.378195" lon="152.817195"><ele>99.3</ele><time>2026-01-01T01:10:27Z</time></trkpt>
<trkpt lat="-27.378203" lon="152.817129"><ele>99.4</ele><time>2026-01-01T01:10:28Z</time></trkpt>
<trkpt lat="-27.378219" lon="152.816998"><ele>99.6</ele><time>2026-01-01T01:10:30Z</time></trkpt>
<trkpt lat="-27.378273" lon="152.816401"><ele>100.3</ele><time>2026-01-01T01:10:39Z</time></trkpt>
<trkpt lat="-27.378347" lon="152.815739"><ele>101</ele><time>2026-01-01T01:10:49Z</time></trkpt>
<trkpt lat="-27.378367" lon="152.815541"><ele>101.3</ele><time>2026-01-01T01:10:52Z</time></trkpt>
<trkpt lat="-27.378407" lon="152.81523"><ele>101.6</ele><time>2026-01-01T01:10:57Z</time></trkpt>
<trkpt lat="-27.378419" lon="152.815177"><ele>101.7</ele><time>2026-01-01T01:10:58Z</time></trkpt>
<trkpt lat="-27.378428" lon="152.815129"><ele>101.8</ele><time>2026-01-01T01:10:59Z</time></trkpt>
<trkpt lat="-27.378445" lon="152.814957"><ele>101.8</ele><time>2026-01-01T01:11:03Z</time></trkpt>
<trkpt lat="-27.378462" lon="152.814683"><ele>102</ele><time>2026-01-01T01:11:09Z</time></trkpt>
<trkpt lat="-27.378479" lon="152.814403"><ele>102.2</ele><time>2026-01-01T01:11:15Z</time></trkpt>
<trkpt lat="-27.378483" lon="152.814364"><ele>102.2</ele><time>2026-01-01T01:11:16Z</time></trkpt>
<trkpt lat="-27.378499" lon="152.814199"><ele>102.2</ele><time>2026-01-01T01:11:19Z</time></trkpt>
<trkpt lat="-27.378519" lon="152.813997"><ele>102.3</ele><time>2026-01-01T01:11:23Z</time></trkpt>
<trkpt lat="-27.378582" lon="152.81345"><ele>102.8</ele><time>2026-01-01T01:11:33Z</time></trkpt>
<trkpt lat="-27.378632" lon="152.812885"><ele>104</ele><time>2026-01-01T01:11:43Z</time></trkpt>
<trkpt lat="-27.378644" lon="152.812779"><ele>104.3</ele><time>2026-01-01T01:11:45Z</time></trkpt>
<trkpt lat="-27.378682" lon="152.81242"><ele>105.3</ele><time>2026-01-01T01:11:52Z</time></trkpt>
<trkpt lat="-27.378686" lon="152.812372"><ele>105.5</ele><time>2026-01-01T01:11:53Z</time></trkpt>
<trkpt lat="-27.378708" lon="152.812186"><ele>106.1</ele><time>2026-01-01T01:11:57Z</time></trkpt>
<trkpt lat="-27.378733" lon="152.812064"><ele>106.6</ele><time>2026-01-01T01:12:00Z</time></trkpt>
<trkpt lat="-27.378757" lon="152.811928"><ele>107.1</ele><time>2026-01-01T01:12:03Z</time></trkpt>
<trkpt lat="-27.378785" lon="152.811688"><ele>108.2</ele><time>2026-01-01T01:12:08Z</time></trkpt>
<trkpt lat="-27.378791" lon="152.811637"><ele>108.5</ele><time>2026-01-01T01:12:09Z</time></trkpt>
<trkpt lat="-27.378821" lon="152.811399"><ele>109.4</ele><time>2026-01-01T01:12:14Z</time></trkpt>
<trkpt lat="-27.378836" lon="152.811287"><ele>109.9</ele><time>2026-01-01T01:12:16Z</time></trkpt>
<trkpt lat="-27.378848" lon="152.811236"><ele>110.1</ele><time>2026-01-01T01:12:17Z</time></trkpt>
<trkpt lat="-27.378877" lon="152.811041"><ele>110.9</ele><time>2026-01-01T01:12:21Z</time></trkpt>
<trkpt lat="-27.378896" lon="152.810906"><ele>111.5</ele><time>2026-01-01T01:12:24Z</time></trkpt>
<trkpt lat="-27.37893" lon="152.810733"><ele>112.3</ele><time>2026-01-01T01:12:28Z</time></trkpt>
<trkpt lat="-27.378972" lon="152.810567"><ele>113</ele><time>2026-01-01T01:12:32Z</time></trkpt>
<trkpt lat="-27.379001" lon="152.810435"><ele>113.6</ele><time>2026-01-01T01:12:35Z</time></trkpt>
<trkpt lat="-27.379018" lon="152.810356"><ele>114</ele><time>2026-01-01T01:12:37Z</time></trkpt>
<trkpt lat="-27.37907" lon="152.810116"><ele>115</ele><time>2026-01-01T01:12:43Z</time></trkpt>
<trkpt lat="-27.379075" lon="152.810074"><ele>115.2</ele><time>2026-01-01T01:12:44Z</time></trkpt>
<trkpt lat="-27.379103" lon="152.809903"><ele>115.9</ele><time>2026-01-01T01:12:48Z</time></trkpt>
<trkpt lat="-27.379138" lon="152.809659"><ele>116.8</ele><time>2026-01-01T01:12:54Z</time></trkpt>
<trkpt lat="-27.379161" lon="152.809396"><ele>117.9</ele><time>2026-01-01T01:13:00Z</time></trkpt>
<trkpt lat="-27.379167" lon="152.80935"><ele>118.1</ele><time>2026-01-01T01:13:01Z</time></trkpt>
<trkpt lat="-27.379171" lon="152.809166"><ele>118.8</ele><time>2026-01-01T01:13:05Z</time></trkpt>
<trkpt lat="-27.379178" lon="152.808986"><ele>119.6</ele><time>2026-01-01T01:13:09Z</time></trkpt>
<trkpt lat="-27.379179" lon="152.808778"><ele>120.7</ele><time>2026-01-01T01:13:14Z</time></trkpt>
<trkpt lat="-27.379159" lon="152.808488"><ele>122.2</ele><time>2026-01-01T01:13:21Z</time></trkpt>
<trkpt lat="-27.379141" lon="152.808334"><ele>123</ele><time>2026-01-01T01:13:25Z</time></trkpt>
<trkpt lat="-27.379134" lon="152.808296"><ele>123.2</ele><time>2026-01-01T01:13:26Z</time></trkpt>
<trkpt lat="-27.379122" lon="152.808219"><ele>123.6</ele><time>2026-01-01T01:13:28Z</time></trkpt>
<trkpt lat="-27.37909" lon="152.807982"><ele>124.9</ele><time>2026-01-01T01:13:33Z</time></trkpt>
<trkpt lat="-27.379062" lon="152.807859"><ele>125.6</ele><time>2026-01-01T01:13:36Z</time></trkpt>
<trkpt lat="-27.379049" lon="152.807771"><ele>126.1</ele><time>2026-01-01T01:13:38Z</time></trkpt>
<trkpt lat="-27.379025" lon="152.807641"><ele>126.9</ele><time>2026-01-01T01:13:41Z</time></trkpt>
<trkpt lat="-27.379001" lon="152.807526"><ele>127.5</ele><time>2026-01-01T01:13:44Z</time></trkpt>
<trkpt lat="-27.37896" lon="152.807404"><ele>128.2</ele><time>2026-01-01T01:13:47Z</time></trkpt>
<trkpt lat="-27.378941" lon="152.807322"><ele>128.7</ele><time>2026-01-01T01:13:49Z</time></trkpt>
<trkpt lat="-27.378896" lon="152.807116"><ele>129.7</ele><time>2026-01-01T01:13:54Z</time></trkpt>
<trkpt lat="-27.378884" lon="152.807088"><ele>129.8</ele><time>2026-01-01T01:13:55Z</time></trkpt>
<trkpt lat="-27.378832" lon="152.80689"><ele>130.6</ele><time>2026-01-01T01:14:00Z</time></trkpt>
<trkpt lat="-27.378753" lon="152.806625"><ele>131.6</ele><time>2026-01-01T01:14:06Z</time></trkpt>
<trkpt lat="-27.378721" lon="152.806534"><ele>131.9</ele><time>2026-01-01T01:14:08Z</time></trkpt>
<trkpt lat="-27.378608" lon="152.806194"><ele>133.1</ele><time>2026-01-01T01:14:16Z</time></trkpt>
<trkpt lat="-27.378506" lon="152.805853"><ele>133.8</ele><time>2026-01-01T01:14:24Z</time></trkpt>
<trkpt lat="-27.378481" lon="152.805762"><ele>134</ele><time>2026-01-01T01:14:26Z</time></trkpt>
<trkpt lat="-27.378414" lon="152.80553"><ele>134.5</ele><time>2026-01-01T01:14:31Z</time></trkpt>
<trkpt lat="-27.378406" lon="152.805483"><ele>134.6</ele><time>2026-01-01T01:14:32Z</time></trkpt>
<trkpt lat="-27.378395" lon="152.805435"><ele>134.8</ele><time>2026-01-01T01:14:33Z</time></trkpt>
<trkpt lat="-27.378336" lon="152.805245"><ele>135.4</ele><time>2026-01-01T01:14:37Z</time></trkpt>
<trkpt lat="-27.378322" lon="152.8052"><ele>135.6</ele><time>2026-01-01T01:14:38Z</time></trkpt>
<trkpt lat="-27.378311" lon="152.805158"><ele>135.8</ele><time>2026-01-01T01:14:39Z</time></trkpt>
<trkpt lat="-27.37827" lon="152.804989"><ele>136.5</ele><time>2026-01-01T01:14:43Z</time></trkpt>
<trkpt lat="-27.378255" lon="152.804941"><ele>136.7</ele><time>2026-01-01T01:14:44Z</time></trkpt>
<trkpt lat="-27.378185" lon="152.804713"><ele>137.7</ele><time>2026-01-01T01:14:49Z</time></trkpt>
<trkpt lat="-27.378177" lon="152.804665"><ele>137.9</ele><time>2026-01-01T01:14:50Z</time></trkpt>
<trkpt lat="-27.378097" lon="152.80445"><ele>138.9</ele><time>2026-01-01T01:14:55Z</time></trkpt>
<trkpt lat="-27.378086" lon="152.804404"><ele>139.1</ele><time>2026-01-01T01:14:56Z</time></trkpt>
<trkpt lat="-27.378004" lon="152.804099"><ele>140.5</ele><time>2026-01-01T01:15:03Z</time></trkpt>
<trkpt lat="-27.377991" lon="152.804054"><ele>140.7</ele><time>2026-01-01T01:15:04Z</time></trkpt>
<trkpt lat="-27.377929" lon="152.803861"><ele>141.7</ele><time>2026-01-01T01:15:09Z</time></trkpt>
<trkpt lat="-27.377918" lon="152.803818"><ele>141.9</ele><time>2026-01-01T01:15:10Z</time></trkpt>
<trkpt lat="-27.377852" lon="152.803607"><ele>142.9</ele><time>2026-01-01T01:15:15Z</time></trkpt>
<trkpt lat="-27.377842" lon="152.803566"><ele>143</ele><time>2026-01-01T01:15:16Z</time></trkpt>
<trkpt lat="-27.377776" lon="152.803333"><ele>144</ele><time>2026-01-01T01:15:21Z</time></trkpt>
<trkpt lat="-27.377767" lon="152.803284"><ele>144.2</ele><time>2026-01-01T01:15:22Z</time></trkpt>
<trkpt lat="-27.377673" lon="152.802946"><ele>145.5</ele><time>2026-01-01T01:15:30Z</time></trkpt>
<trkpt lat="-27.377611" lon="152.802824"><ele>146</ele><time>2026-01-01T01:15:33Z</time></trkpt>
<trkpt lat="-27.37753" lon="152.802674"><ele>146.5</ele><time>2026-01-01T01:15:37Z</time></trkpt>
<trkpt lat="-27.377468" lon="152.80253"><ele>147</ele><time>2026-01-01T01:15:41Z</time></trkpt>
<trkpt lat="-27.377473" lon="152.802492"><ele>147.5</ele><time>2026-01-01T01:15:42Z</time></trkpt>
<trkpt lat="-27.377481" lon="152.802458"><ele>147.9</ele><time>2026-01-01T01:15:43Z</time></trkpt>
<trkpt lat="-27.377535" lon="152.802375"><ele>149.2</ele><time>2026-01-01T01:15:46Z</time></trkpt>
<trkpt lat="-27.377592" lon="152.802335"><ele>150.3</ele><time>2026-01-01T01:15:49Z</time></trkpt>
<trkpt lat="-27.377626" lon="152.802305"><ele>151</ele><time>2026-01-01T01:15:51Z</time></trkpt>
<trkpt lat="-27.377644" lon="152.802287"><ele>151.4</ele><time>2026-01-01T01:15:52Z</time></trkpt>
<trkpt lat="-27.377682" lon="152.802242"><ele>152.1</ele><time>2026-01-01T01:15:54Z</time></trkpt>
<trkpt lat="-27.377758" lon="152.802107"><ele>153.6</ele><time>2026-01-01T01:15:59Z</time></trkpt>
<trkpt lat="-27.377764" lon="152.80208"><ele>153.7</ele><time>2026-01-01T01:16:00Z</time></trkpt>
<trkpt lat="-27.377849" lon="152.80193"><ele>154.4</ele><time>2026-01-01T01:16:05Z</time></trkpt>
<trkpt lat="-27.377872" lon="152.801897"><ele>154.4</ele><time>2026-01-01T01:16:06Z</time></trkpt>
<trkpt lat="-27.378039" lon="152.801748"><ele>154.5</ele><time>2026-01-01T01:16:11Z</time></trkpt>
<trkpt lat="-27.378078" lon="152.801732"><ele>154.6</ele><time>2026-01-01T01:16:12Z</time></trkpt>
<trkpt lat="-27.378199" lon="152.801696"><ele>154.6</ele><time>2026-01-01T01:16:15Z</time></trkpt>
<trkpt lat="-27.378306" lon="152.801648"><ele>154.7</ele><time>2026-01-01T01:16:18Z</time></trkpt>
<trkpt lat="-27.378491" lon="152.801616"><ele>155.2</ele><time>2026-01-01T01:16:23Z</time></trkpt>
<trkpt lat="-27.378607" lon="152.801649"><ele>155.8</ele><time>2026-01-01T01:16:26Z</time></trkpt>
<trkpt lat="-27.378744" lon="152.801668"><ele>156.5</ele><time>2026-01-01T01:16:30Z</time></trkpt>
<trkpt lat="-27.378887" lon="152.801633"><ele>157.3</ele><time>2026-01-01T01:16:34Z</time></trkpt>
<trkpt lat="-27.378987" lon="152.801582"><ele>157.9</ele><time>2026-01-01T01:16:37Z</time></trkpt>
<trkpt lat="-27.379102" lon="152.801493"><ele>158.8</ele><time>2026-01-01T01:16:41Z</time></trkpt>
<trkpt lat="-27.379179" lon="152.801414"><ele>159.4</ele><time>2026-01-01T01:16:44Z</time></trkpt>
<trkpt lat="-27.379226" lon="152.801354"><ele>159.9</ele><time>2026-01-01T01:16:46Z</time></trkpt>
<trkpt lat="-27.37934" lon="152.801157"><ele>161.3</ele><time>2026-01-01T01:16:52Z</time></trkpt>
<trkpt lat="-27.379434" lon="152.800995"><ele>162.5</ele><time>2026-01-01T01:16:57Z</time></trkpt>
<trkpt lat="-27.379531" lon="152.80084"><ele>163.8</ele><time>2026-01-01T01:17:02Z</time></trkpt>
<trkpt lat="-27.379573" lon="152.800779"><ele>164.4</ele><time>2026-01-01T01:17:04Z</time></trkpt>
<trkpt lat="-27.379594" lon="152.800749"><ele>164.7</ele><time>2026-01-01T01:17:05Z</time></trkpt>
<trkpt lat="-27.379672" lon="152.800621"><ele>166</ele><time>2026-01-01T01:17:09Z</time></trkpt>
<trkpt lat="-27.379729" lon="152.800534"><ele>166.8</ele><time>2026-01-01T01:17:12Z</time></trkpt>
<trkpt lat="-27.379747" lon="152.800508"><ele>167.1</ele><time>2026-01-01T01:17:13Z</time></trkpt>
<trkpt lat="-27.379819" lon="152.800386"><ele>168.2</ele><time>2026-01-01T01:17:17Z</time></trkpt>
<trkpt lat="-27.37989" lon="152.80026"><ele>169.3</ele><time>2026-01-01T01:17:21Z</time></trkpt>
<trkpt lat="-27.380019" lon="152.800134"><ele>170.8</ele><time>2026-01-01T01:17:26Z</time></trkpt>
<trkpt lat="-27.380052" lon="152.800116"><ele>171.1</ele><time>2026-01-01T01:17:27Z</time></trkpt>
<trkpt lat="-27.380149" lon="152.800071"><ele>172.1</ele><time>2026-01-01T01:17:30Z</time></trkpt>
<trkpt lat="-27.380213" lon="152.800054"><ele>172.8</ele><time>2026-01-01T01:17:32Z</time></trkpt>
<trkpt lat="-27.380242" lon="152.800041"><ele>173.1</ele><time>2026-01-01T01:17:33Z</time></trkpt>
<trkpt lat="-27.380334" lon="152.800011"><ele>174</ele><time>2026-01-01T01:17:36Z</time></trkpt>
<trkpt lat="-27.380413" lon="152.799975"><ele>174.7</ele><time>2026-01-01T01:17:39Z</time></trkpt>
<trkpt lat="-27.380495" lon="152.799921"><ele>175.3</ele><time>2026-01-01T01:17:43Z</time></trkpt>
<trkpt lat="-27.380519" lon="152.799919"><ele>175.3</ele><time>2026-01-01T01:17:44Z</time></trkpt>
<trkpt lat="-27.380791" lon="152.799855"><ele>175.8</ele><time>2026-01-01T01:17:53Z</time></trkpt>
<trkpt lat="-27.380908" lon="152.799904"><ele>176.5</ele><time>2026-01-01T01:17:57Z</time></trkpt>
<trkpt lat="-27.380967" lon="152.799929"><ele>176.9</ele><time>2026-01-01T01:17:59Z</time></trkpt>
<trkpt lat="-27.381026" lon="152.799948"><ele>177.3</ele><time>2026-01-01T01:18:01Z</time></trkpt>
<trkpt lat="-27.381131" lon="152.799971"><ele>178.1</ele><time>2026-01-01T01:18:05Z</time></trkpt>
<trkpt lat="-27.381156" lon="152.799969"><ele>178.3</ele><time>2026-01-01T01:18:06Z</time></trkpt>
<trkpt lat="-27.381321" lon="152.79995"><ele>179.5</ele><time>2026-01-01T01:18:12Z</time></trkpt>
<trkpt lat="-27.381478" lon="152.799952"><ele>180.7</ele><time>2026-01-01T01:18:17Z</time></trkpt>
<trkpt lat="-27.381561" lon="152.799946"><ele>181.3</ele><time>2026-01-01T01:18:19Z</time></trkpt>
<trkpt lat="-27.381674" lon="152.799963"><ele>182.2</ele><time>2026-01-01T01:18:23Z</time></trkpt>
<trkpt lat="-27.381737" lon="152.799988"><ele>182.7</ele><time>2026-01-01T01:18:25Z</time></trkpt>
<trkpt lat="-27.381847" lon="152.799991"><ele>183.5</ele><time>2026-01-01T01:18:29Z</time></trkpt>
<trkpt lat="-27.381871" lon="152.800005"><ele>183.7</ele><time>2026-01-01T01:18:30Z</time></trkpt>
<trkpt lat="-27.381959" lon="152.800057"><ele>184.6</ele><time>2026-01-01T01:18:34Z</time></trkpt>
<trkpt lat="-27.382037" lon="152.800085"><ele>185.3</ele><time>2026-01-01T01:18:37Z</time></trkpt>
<trkpt lat="-27.382056" lon="152.800091"><ele>185.5</ele><time>2026-01-01T01:18:38Z</time></trkpt>
<trkpt lat="-27.382142" lon="152.800135"><ele>186.4</ele><time>2026-01-01T01:18:42Z</time></trkpt>
<trkpt lat="-27.382162" lon="152.80014"><ele>186.6</ele><time>2026-01-01T01:18:43Z</time></trkpt>
<trkpt lat="-27.382227" lon="152.800164"><ele>187.2</ele><time>2026-01-01T01:18:46Z</time></trkpt>
<trkpt lat="-27.38227" lon="152.800183"><ele>187.6</ele><time>2026-01-01T01:18:48Z</time></trkpt>
<trkpt lat="-27.382291" lon="152.800192"><ele>187.9</ele><time>2026-01-01T01:18:49Z</time></trkpt>
<trkpt lat="-27.382356" lon="152.800219"><ele>188.5</ele><time>2026-01-01T01:18:52Z</time></trkpt>
<trkpt lat="-27.382434" lon="152.80026"><ele>189.3</ele><time>2026-01-01T01:18:56Z</time></trkpt>
<trkpt lat="-27.38248" lon="152.800278"><ele>189.8</ele><time>2026-01-01T01:18:58Z</time></trkpt>
<trkpt lat="-27.382596" lon="152.800319"><ele>190.9</ele><time>2026-01-01T01:19:03Z</time></trkpt>
<trkpt lat="-27.382614" lon="152.800327"><ele>191</ele><time>2026-01-01T01:19:04Z</time></trkpt>
<trkpt lat="-27.382683" lon="152.800324"><ele>191.7</ele><time>2026-01-01T01:19:07Z</time></trkpt>
<trkpt lat="-27.38274" lon="152.800313"><ele>192.2</ele><time>2026-01-01T01:19:09Z</time></trkpt>
<trkpt lat="-27.382767" lon="152.800308"><ele>192.4</ele><time>2026-01-01T01:19:10Z</time></trkpt>
<trkpt lat="-27.382843" lon="152.800298"><ele>193.1</ele><time>2026-01-01T01:19:13Z</time></trkpt>
<trkpt lat="-27.382871" lon="152.800286"><ele>193.3</ele><time>2026-01-01T01:19:14Z</time></trkpt>
<trkpt lat="-27.382966" lon="152.800261"><ele>194.1</ele><time>2026-01-01T01:19:18Z</time></trkpt>
<trkpt lat="-27.383022" lon="152.800251"><ele>194.6</ele><time>2026-01-01T01:19:20Z</time></trkpt>
<trkpt lat="-27.383149" lon="152.800207"><ele>195.7</ele><time>2026-01-01T01:19:25Z</time></trkpt>
<trkpt lat="-27.383171" lon="152.800187"><ele>195.9</ele><time>2026-01-01T01:19:26Z</time></trkpt>
<trkpt lat="-27.383207" lon="152.800136"><ele>196.4</ele><time>2026-01-01T01:19:28Z</time></trkpt>
<trkpt lat="-27.383205" lon="152.800111"><ele>196.6</ele><time>2026-01-01T01:19:29Z</time></trkpt>
<trkpt lat="-27.383184" lon="152.800036"><ele>197.1</ele><time>2026-01-01T01:19:32Z</time></trkpt>
<trkpt lat="-27.38316" lon="152.799997"><ele>197.5</ele><time>2026-01-01T01:19:34Z</time></trkpt>
<trkpt lat="-27.383112" lon="152.799867"><ele>198.4</ele><time>2026-01-01T01:19:39Z</time></trkpt>
<trkpt lat="-27.383104" lon="152.79984"><ele>198.6</ele><time>2026-01-01T01:19:40Z</time></trkpt>
<trkpt lat="-27.383078" lon="152.799784"><ele>199.1</ele><time>2026-01-01T01:19:42Z</time></trkpt>
<trkpt lat="-27.383038" lon="152.79971"><ele>199.7</ele><time>2026-01-01T01:19:45Z</time></trkpt>
<trkpt lat="-27.382994" lon="152.799594"><ele>200.8</ele><time>2026-01-01T01:19:49Z</time></trkpt>
<trkpt lat="-27.382954" lon="152.799528"><ele>201.4</ele><time>2026-01-01T01:19:52Z</time></trkpt>
<trkpt lat="-27.382921" lon="152.79946"><ele>202.1</ele><time>2026-01-01T01:19:54Z</time></trkpt>
<trkpt lat="-27.382896" lon="152.799349"><ele>203</ele><time>2026-01-01T01:19:58Z</time></trkpt>
<trkpt lat="-27.382808" lon="152.79922"><ele>204.3</ele><time>2026-01-01T01:20:03Z</time></trkpt>
<trkpt lat="-27.382793" lon="152.799179"><ele>204.6</ele><time>2026-01-01T01:20:05Z</time></trkpt>
<trkpt lat="-27.382768" lon="152.799129"><ele>205.1</ele><time>2026-01-01T01:20:07Z</time></trkpt>
<trkpt lat="-27.382775" lon="152.79901"><ele>206</ele><time>2026-01-01T01:20:10Z</time></trkpt>
<trkpt lat="-27.382773" lon="152.798976"><ele>206.3</ele><time>2026-01-01T01:20:11Z</time></trkpt>
<trkpt lat="-27.382768" lon="152.798941"><ele>206.6</ele><time>2026-01-01T01:20:12Z</time></trkpt>
<trkpt lat="-27.382764" lon="152.79891"><ele>206.9</ele><time>2026-01-01T01:20:13Z</time></trkpt>
<trkpt lat="-27.382772" lon="152.798812"><ele>207.7</ele><time>2026-01-01T01:20:16Z</time></trkpt>
<trkpt lat="-27.38279" lon="152.798707"><ele>208.6</ele><time>2026-01-01T01:20:20Z</time></trkpt>
<trkpt lat="-27.382803" lon="152.798678"><ele>208.9</ele><time>2026-01-01T01:20:21Z</time></trkpt>
<trkpt lat="-27.382821" lon="152.798625"><ele>209.3</ele><time>2026-01-01T01:20:23Z</time></trkpt>
<trkpt lat="-27.382824" lon="152.798616"><ele>209.4</ele><time>2026-01-01T01:20:24Z</time></trkpt>
<trkpt lat="-27.382834" lon="152.7986"><ele>209.5</ele><time>2026-01-01T01:20:25Z</time></trkpt>
<trkpt lat="-27.382858" lon="152.798618"><ele>209.7</ele><time>2026-01-01T01:20:26Z</time></trkpt>
<trkpt lat="-27.382939" lon="152.798636"><ele>210.3</ele><time>2026-01-01T01:20:29Z</time></trkpt>
<trkpt lat="-27.383083" lon="152.798652"><ele>211.3</ele><time>2026-01-01T01:20:34Z</time></trkpt>
<trkpt lat="-27.38311" lon="152.798659"><ele>211.5</ele><time>2026-01-01T01:20:35Z</time></trkpt>
<trkpt lat="-27.383201" lon="152.798649"><ele>212.1</ele><time>2026-01-01T01:20:38Z</time></trkpt>
<trkpt lat="-27.3833" lon="152.798653"><ele>212.8</ele><time>2026-01-01T01:20:41Z</time></trkpt>
<trkpt lat="-27.383385" lon="152.798641"><ele>213.3</ele><time>2026-01-01T01:20:44Z</time></trkpt>
<trkpt lat="-27.383474" lon="152.798662"><ele>214</ele><time>2026-01-01T01:20:48Z</time></trkpt>
<trkpt lat="-27.383498" lon="152.798674"><ele>214.2</ele><time>2026-01-01T01:20:49Z</time></trkpt>
<trkpt lat="-27.383604" lon="152.798754"><ele>215.2</ele><time>2026-01-01T01:20:54Z</time></trkpt>
<trkpt lat="-27.383687" lon="152.798823"><ele>216</ele><time>2026-01-01T01:20:58Z</time></trkpt>
<trkpt lat="-27.383706" lon="152.798836"><ele>216.2</ele><time>2026-01-01T01:20:59Z</time></trkpt>
<trkpt lat="-27.383766" lon="152.798887"><ele>216.8</ele><time>2026-01-01T01:21:03Z</time></trkpt>
<trkpt lat="-27.38378" lon="152.798899"><ele>217</ele><time>2026-01-01T01:21:04Z</time></trkpt>
<trkpt lat="-27.383817" lon="152.798945"><ele>217.4</ele><time>2026-01-01T01:21:06Z</time></trkpt>
<trkpt lat="-27.383839" lon="152.79896"><ele>217.6</ele><time>2026-01-01T01:21:07Z</time></trkpt>
<trkpt lat="-27.383879" lon="152.798985"><ele>218</ele><time>2026-01-01T01:21:09Z</time></trkpt>
<trkpt lat="-27.383943" lon="152.799041"><ele>218.7</ele><time>2026-01-01T01:21:12Z</time></trkpt>
<trkpt lat="-27.384007" lon="152.799111"><ele>219.4</ele><time>2026-01-01T01:21:15Z</time></trkpt>
<trkpt lat="-27.384112" lon="152.799202"><ele>220.4</ele><time>2026-01-01T01:21:20Z</time></trkpt>
<trkpt lat="-27.384156" lon="152.799237"><ele>220.9</ele><time>2026-01-01T01:21:22Z</time></trkpt>
<trkpt lat="-27.384223" lon="152.799282"><ele>221.5</ele><time>2026-01-01T01:21:25Z</time></trkpt>
<trkpt lat="-27.38426" lon="152.799304"><ele>221.9</ele><time>2026-01-01T01:21:27Z</time></trkpt>
<trkpt lat="-27.384334" lon="152.799341"><ele>222.6</ele><time>2026-01-01T01:21:30Z</time></trkpt>
<trkpt lat="-27.384413" lon="152.799356"><ele>223.3</ele><time>2026-01-01T01:21:33Z</time></trkpt>
<trkpt lat="-27.384464" lon="152.799335"><ele>223.8</ele><time>2026-01-01T01:21:35Z</time></trkpt>
<trkpt lat="-27.384513" lon="152.799262"><ele>224.6</ele><time>2026-01-01T01:21:38Z</time></trkpt>
<trkpt lat="-27.384517" lon="152.799232"><ele>224.8</ele><time>2026-01-01T01:21:39Z</time></trkpt>
<trkpt lat="-27.384513" lon="152.799175"><ele>225.3</ele><time>2026-01-01T01:21:41Z</time></trkpt>
<trkpt lat="-27.384507" lon="152.799151"><ele>225.5</ele><time>2026-01-01T01:21:42Z</time></trkpt>
<trkpt lat="-27.384448" lon="152.799056"><ele>226.4</ele><time>2026-01-01T01:21:47Z</time></trkpt>
<trkpt lat="-27.384437" lon="152.799035"><ele>226.6</ele><time>2026-01-01T01:21:48Z</time></trkpt>
<trkpt lat="-27.384404" lon="152.798931"><ele>227.5</ele><time>2026-01-01T01:21:52Z</time></trkpt>
<trkpt lat="-27.384396" lon="152.798904"><ele>227.7</ele><time>2026-01-01T01:21:53Z</time></trkpt>
<trkpt lat="-27.38433" lon="152.798772"><ele>228.9</ele><time>2026-01-01T01:21:58Z</time></trkpt>
<trkpt lat="-27.384302" lon="152.798717"><ele>229.4</ele><time>2026-01-01T01:22:00Z</time></trkpt>
<trkpt lat="-27.384263" lon="152.798672"><ele>229.9</ele><time>2026-01-01T01:22:02Z</time></trkpt>
<trkpt lat="-27.384156" lon="152.798566"><ele>231.1</ele><time>2026-01-01T01:22:07Z</time></trkpt>
<trkpt lat="-27.384136" lon="152.79855"><ele>231.3</ele><time>2026-01-01T01:22:08Z</time></trkpt>
<trkpt lat="-27.384098" lon="152.798523"><ele>231.7</ele><time>2026-01-01T01:22:10Z</time></trkpt>
<trkpt lat="-27.384025" lon="152.798425"><ele>232.6</ele><time>2026-01-01T01:22:14Z</time></trkpt>
<trkpt lat="-27.383916" lon="152.798279"><ele>233.9</ele><time>2026-01-01T01:22:20Z</time></trkpt>
<trkpt lat="-27.383898" lon="152.798258"><ele>234.1</ele><time>2026-01-01T01:22:21Z</time></trkpt>
<trkpt lat="-27.383819" lon="152.79814"><ele>235.2</ele><time>2026-01-01T01:22:26Z</time></trkpt>
<trkpt lat="-27.383821" lon="152.798113"><ele>235.4</ele><time>2026-01-01T01:22:27Z</time></trkpt>
<trkpt lat="-27.383774" lon="152.797974"><ele>236.6</ele><time>2026-01-01T01:22:32Z</time></trkpt>
<trkpt lat="-27.383758" lon="152.797956"><ele>236.8</ele><time>2026-01-01T01:22:33Z</time></trkpt>
<trkpt lat="-27.38364" lon="152.797871"><ele>238</ele><time>2026-01-01T01:22:39Z</time></trkpt>
<trkpt lat="-27.38355" lon="152.797841"><ele>238.8</ele><time>2026-01-01T01:22:44Z</time></trkpt>
<trkpt lat="-27.383435" lon="152.797773"><ele>240</ele><time>2026-01-01T01:22:49Z</time></trkpt>
<trkpt lat="-27.383362" lon="152.797686"><ele>240.9</ele><time>2026-01-01T01:22:53Z</time></trkpt>
<trkpt lat="-27.383345" lon="152.79764"><ele>241.3</ele><time>2026-01-01T01:22:55Z</time></trkpt>
<trkpt lat="-27.383333" lon="152.797582"><ele>241.8</ele><time>2026-01-01T01:22:57Z</time></trkpt>
<trkpt lat="-27.383318" lon="152.797462"><ele>242.7</ele><time>2026-01-01T01:23:01Z</time></trkpt>
<trkpt lat="-27.383308" lon="152.797436"><ele>242.9</ele><time>2026-01-01T01:23:02Z</time></trkpt>
<trkpt lat="-27.383297" lon="152.797411"><ele>243.1</ele><time>2026-01-01T01:23:03Z</time></trkpt>
<trkpt lat="-27.383272" lon="152.797287"><ele>244.1</ele><time>2026-01-01T01:23:07Z</time></trkpt>
<trkpt lat="-27.38327" lon="152.797222"><ele>244.6</ele><time>2026-01-01T01:23:09Z</time></trkpt>
<trkpt lat="-27.383266" lon="152.797174"><ele>245</ele><time>2026-01-01T01:23:11Z</time></trkpt>
<trkpt lat="-27.383237" lon="152.797085"><ele>245.6</ele><time>2026-01-01T01:23:15Z</time></trkpt>
<trkpt lat="-27.383244" lon="152.797059"><ele>245.8</ele><time>2026-01-01T01:23:16Z</time></trkpt>
<trkpt lat="-27.383228" lon="152.79701"><ele>246.2</ele><time>2026-01-01T01:23:18Z</time></trkpt>
<trkpt lat="-27.383222" lon="152.796985"><ele>246.3</ele><time>2026-01-01T01:23:19Z</time></trkpt>
<trkpt lat="-27.383148" lon="152.79687"><ele>247.1</ele><time>2026-01-01T01:23:24Z</time></trkpt>
<trkpt lat="-27.383135" lon="152.796841"><ele>247.2</ele><time>2026-01-01T01:23:25Z</time></trkpt>
<trkpt lat="-27.38309" lon="152.796691"><ele>247.8</ele><time>2026-01-01T01:23:30Z</time></trkpt>
<trkpt lat="-27.383096" lon="152.79666"><ele>247.9</ele><time>2026-01-01T01:23:31Z</time></trkpt>
<trkpt lat="-27.383173" lon="152.796571"><ele>248.4</ele><time>2026-01-01T01:23:35Z</time></trkpt>
<trkpt lat="-27.383196" lon="152.79656"><ele>248.5</ele><time>2026-01-01T01:23:36Z</time></trkpt>
<trkpt lat="-27.38335" lon="152.796522"><ele>249.3</ele><time>2026-01-01T01:23:42Z</time></trkpt>
<trkpt lat="-27.383372" lon="152.796511"><ele>249.5</ele><time>2026-01-01T01:23:43Z</time></trkpt>
<trkpt lat="-27.383466" lon="152.796417"><ele>250.3</ele><time>2026-01-01T01:23:48Z</time></trkpt>
<trkpt lat="-27.383481" lon="152.796394"><ele>250.5</ele><time>2026-01-01T01:23:49Z</time></trkpt>
<trkpt lat="-27.383529" lon="152.796296"><ele>251.3</ele><time>2026-01-01T01:23:53Z</time></trkpt>
<trkpt lat="-27.383595" lon="152.796182"><ele>252.3</ele><time>2026-01-01T01:23:58Z</time></trkpt>
<trkpt lat="-27.383631" lon="152.796118"><ele>252.8</ele><time>2026-01-01T01:24:01Z</time></trkpt>
<trkpt lat="-27.383679" lon="152.796044"><ele>253.5</ele><time>2026-01-01T01:24:05Z</time></trkpt>
<trkpt lat="-27.383701" lon="152.795999"><ele>253.9</ele><time>2026-01-01T01:24:07Z</time></trkpt>
<trkpt lat="-27.383732" lon="152.795832"><ele>255.1</ele><time>2026-01-01T01:24:13Z</time></trkpt>
<trkpt lat="-27.383721" lon="152.795696"><ele>256</ele><time>2026-01-01T01:24:18Z</time></trkpt>
<trkpt lat="-27.383721" lon="152.79564"><ele>256.4</ele><time>2026-01-01T01:24:20Z</time></trkpt>
<trkpt lat="-27.383736" lon="152.795502"><ele>257.3</ele><time>2026-01-01T01:24:25Z</time></trkpt>
<trkpt lat="-27.383746" lon="152.795453"><ele>257.6</ele><time>2026-01-01T01:24:27Z</time></trkpt>
<trkpt lat="-27.383832" lon="152.795314"><ele>258.7</ele><time>2026-01-01T01:24:34Z</time></trkpt>
<trkpt lat="-27.383848" lon="152.795298"><ele>258.9</ele><time>2026-01-01T01:24:35Z</time></trkpt>
<trkpt lat="-27.383948" lon="152.795217"><ele>259.8</ele><time>2026-01-01T01:24:40Z</time></trkpt>
<trkpt lat="-27.383987" lon="152.795182"><ele>260.2</ele><time>2026-01-01T01:24:42Z</time></trkpt>
<trkpt lat="-27.384041" lon="152.795099"><ele>260.9</ele><time>2026-01-01T01:24:46Z</time></trkpt>
<trkpt lat="-27.384084" lon="152.795005"><ele>261.7</ele><time>2026-01-01T01:24:50Z</time></trkpt>
<trkpt lat="-27.384105" lon="152.794953"><ele>262.1</ele><time>2026-01-01T01:24:52Z</time></trkpt>
<trkpt lat="-27.384149" lon="152.794808"><ele>263.2</ele><time>2026-01-01T01:24:58Z</time></trkpt>
<trkpt lat="-27.384163" lon="152.794736"><ele>263.7</ele><time>2026-01-01T01:25:01Z</time></trkpt>
<trkpt lat="-27.384171" lon="152.79471"><ele>263.9</ele><time>2026-01-01T01:25:02Z</time></trkpt>
<trkpt lat="-27.384203" lon="152.794613"><ele>264.8</ele><time>2026-01-01T01:25:06Z</time></trkpt>
<trkpt lat="-27.384206" lon="152.794558"><ele>265.3</ele><time>2026-01-01T01:25:08Z</time></trkpt>
<trkpt lat="-27.384205" lon="152.79453"><ele>265.5</ele><time>2026-01-01T01:25:09Z</time></trkpt>
<trkpt lat="-27.384165" lon="152.794399"><ele>266.7</ele><time>2026-01-01T01:25:14Z</time></trkpt>
<trkpt lat="-27.384152" lon="152.794374"><ele>267</ele><time>2026-01-01T01:25:15Z</time></trkpt>
<trkpt lat="-27.384094" lon="152.794286"><ele>268</ele><time>2026-01-01T01:25:19Z</time></trkpt>
<trkpt lat="-27.384053" lon="152.794213"><ele>268.8</ele><time>2026-01-01T01:25:22Z</time></trkpt>
<trkpt lat="-27.384044" lon="152.794188"><ele>269.1</ele><time>2026-01-01T01:25:23Z</time></trkpt>
<trkpt lat="-27.384022" lon="152.794118"><ele>269.7</ele><time>2026-01-01T01:25:26Z</time></trkpt>
<trkpt lat="-27.383999" lon="152.794051"><ele>270.4</ele><time>2026-01-01T01:25:29Z</time></trkpt>
<trkpt lat="-27.383983" lon="152.794006"><ele>270.8</ele><time>2026-01-01T01:25:31Z</time></trkpt>
<trkpt lat="-27.383946" lon="152.793892"><ele>271.9</ele><time>2026-01-01T01:25:36Z</time></trkpt>
<trkpt lat="-27.383939" lon="152.79387"><ele>272.2</ele><time>2026-01-01T01:25:37Z</time></trkpt>
<trkpt lat="-27.383918" lon="152.793809"><ele>272.8</ele><time>2026-01-01T01:25:40Z</time></trkpt>
<trkpt lat="-27.383903" lon="152.793766"><ele>273.2</ele><time>2026-01-01T01:25:42Z</time></trkpt>
<trkpt lat="-27.38389" lon="152.793671"><ele>274.1</ele><time>2026-01-01T01:25:46Z</time></trkpt>
<trkpt lat="-27.383892" lon="152.793649"><ele>274.2</ele><time>2026-01-01T01:25:47Z</time></trkpt>
<trkpt lat="-27.383907" lon="152.793608"><ele>274.5</ele><time>2026-01-01T01:25:49Z</time></trkpt>
<trkpt lat="-27.38393" lon="152.793565"><ele>274.8</ele><time>2026-01-01T01:25:52Z</time></trkpt>
<trkpt lat="-27.383937" lon="152.793554"><ele>274.9</ele><time>2026-01-01T01:25:53Z</time></trkpt>
<trkpt lat="-27.384042" lon="152.793467"><ele>275.7</ele><time>2026-01-01T01:26:00Z</time></trkpt>
<trkpt lat="-27.384061" lon="152.793456"><ele>275.8</ele><time>2026-01-01T01:26:01Z</time></trkpt>
<trkpt lat="-27.384119" lon="152.793417"><ele>276.2</ele><time>2026-01-01T01:26:04Z</time></trkpt>
<trkpt lat="-27.384247" lon="152.793341"><ele>277.1</ele><time>2026-01-01T01:26:10Z</time></trkpt>
<trkpt lat="-27.384271" lon="152.793328"><ele>277.3</ele><time>2026-01-01T01:26:11Z</time></trkpt>
<trkpt lat="-27.384362" lon="152.793295"><ele>278</ele><time>2026-01-01T01:26:15Z</time></trkpt>
<trkpt lat="-27.384454" lon="152.793265"><ele>278.8</ele><time>2026-01-01T01:26:19Z</time></trkpt>
<trkpt lat="-27.384499" lon="152.793251"><ele>279.1</ele><time>2026-01-01T01:26:21Z</time></trkpt>
<trkpt lat="-27.38464" lon="152.793217"><ele>280.3</ele><time>2026-01-01T01:26:27Z</time></trkpt>
<trkpt lat="-27.384677" lon="152.793204"><ele>280.6</ele><time>2026-01-01T01:26:29Z</time></trkpt>
<trkpt lat="-27.384772" lon="152.793158"><ele>281.4</ele><time>2026-01-01T01:26:33Z</time></trkpt>
<trkpt lat="-27.384815" lon="152.793124"><ele>281.8</ele><time>2026-01-01T01:26:35Z</time></trkpt>
<trkpt lat="-27.384923" lon="152.793073"><ele>282.8</ele><time>2026-01-01T01:26:40Z</time></trkpt>
<trkpt lat="-27.384987" lon="152.793033"><ele>283.4</ele><time>2026-01-01T01:26:43Z</time></trkpt>
<trkpt lat="-27.385106" lon="152.793005"><ele>284.5</ele><time>2026-01-01T01:26:48Z</time></trkpt>
<trkpt lat="-27.38518" lon="152.793006"><ele>285.2</ele><time>2026-01-01T01:26:51Z</time></trkpt>
<trkpt lat="-27.385222" lon="152.793006"><ele>285.6</ele><time>2026-01-01T01:26:53Z</time></trkpt>
<trkpt lat="-27.385311" lon="152.79298"><ele>286.5</ele><time>2026-01-01T01:26:57Z</time></trkpt>
<trkpt lat="-27.385339" lon="152.792969"><ele>286.7</ele><time>2026-01-01T01:26:58Z</time></trkpt>
<trkpt lat="-27.385429" lon="152.792888"><ele>287.8</ele><time>2026-01-01T01:27:03Z</time></trkpt>
<trkpt lat="-27.385443" lon="152.792865"><ele>288</ele><time>2026-01-01T01:27:04Z</time></trkpt>
<trkpt lat="-27.385468" lon="152.792815"><ele>288.5</ele><time>2026-01-01T01:27:06Z</time></trkpt>
<trkpt lat="-27.385484" lon="152.79279"><ele>288.8</ele><time>2026-01-01T01:27:07Z</time></trkpt>
<trkpt lat="-27.385512" lon="152.792742"><ele>289.3</ele><time>2026-01-01T01:27:09Z</time></trkpt>
<trkpt lat="-27.385572" lon="152.792643"><ele>290.4</ele><time>2026-01-01T01:27:13Z</time></trkpt>
<trkpt lat="-27.385589" lon="152.792621"><ele>290.7</ele><time>2026-01-01T01:27:14Z</time></trkpt>
<trkpt lat="-27.385622" lon="152.792578"><ele>291.2</ele><time>2026-01-01T01:27:16Z</time></trkpt>
<trkpt lat="-27.38564" lon="152.792554"><ele>291.4</ele><time>2026-01-01T01:27:17Z</time></trkpt>
<trkpt lat="-27.385722" lon="152.792459"><ele>292.5</ele><time>2026-01-01T01:27:22Z</time></trkpt>
<trkpt lat="-27.385767" lon="152.792427"><ele>293</ele><time>2026-01-01T01:27:24Z</time></trkpt>
<trkpt lat="-27.385784" lon="152.792418"><ele>293.1</ele><time>2026-01-01T01:27:25Z</time></trkpt>
<trkpt lat="-27.385854" lon="152.792387"><ele>293.8</ele><time>2026-01-01T01:27:28Z</time></trkpt>
<trkpt lat="-27.38596" lon="152.792382"><ele>294.7</ele><time>2026-01-01T01:27:33Z</time></trkpt>
<trkpt lat="-27.385978" lon="152.792383"><ele>294.9</ele><time>2026-01-01T01:27:34Z</time></trkpt>
<trkpt lat="-27.386085" lon="152.79238"><ele>295.9</ele><time>2026-01-01T01:27:38Z</time></trkpt>
<trkpt lat="-27.386158" lon="152.792345"><ele>296.6</ele><time>2026-01-01T01:27:41Z</time></trkpt>
<trkpt lat="-27.386182" lon="152.792337"><ele>296.9</ele><time>2026-01-01T01:27:42Z</time></trkpt>
<trkpt lat="-27.386287" lon="152.792263"><ele>298.1</ele><time>2026-01-01T01:27:47Z</time></trkpt>
<trkpt lat="-27.386322" lon="152.792222"><ele>298.6</ele><time>2026-01-01T01:27:49Z</time></trkpt>
<trkpt lat="-27.386376" lon="152.792133"><ele>299.6</ele><time>2026-01-01T01:27:53Z</time></trkpt>
<trkpt lat="-27.386429" lon="152.792058"><ele>300.6</ele><time>2026-01-01T01:27:57Z</time></trkpt>
<trkpt lat="-27.386485" lon="152.791985"><ele>301.5</ele><time>2026-01-01T01:28:01Z</time></trkpt>
<trkpt lat="-27.386513" lon="152.791955"><ele>301.9</ele><time>2026-01-01T01:28:03Z</time></trkpt>
<trkpt lat="-27.386548" lon="152.791922"><ele>302.4</ele><time>2026-01-01T01:28:05Z</time></trkpt>
<trkpt lat="-27.386572" lon="152.791899"><ele>302.8</ele><time>2026-01-01T01:28:08Z</time></trkpt>
<trkpt lat="-27.386592" lon="152.79189"><ele>303</ele><time>2026-01-01T01:28:09Z</time></trkpt>
<trkpt lat="-27.386629" lon="152.79186"><ele>303.5</ele><time>2026-01-01T01:28:11Z</time></trkpt>
<trkpt lat="-27.386667" lon="152.791831"><ele>304</ele><time>2026-01-01T01:28:13Z</time></trkpt>
<trkpt lat="-27.386692" lon="152.791799"><ele>304.4</ele><time>2026-01-01T01:28:15Z</time></trkpt>
<trkpt lat="-27.386746" lon="152.79173"><ele>305.2</ele><time>2026-01-01T01:28:19Z</time></trkpt>
<trkpt lat="-27.386804" lon="152.791676"><ele>306.1</ele><time>2026-01-01T01:28:23Z</time></trkpt>
<trkpt lat="-27.386818" lon="152.791665"><ele>306.3</ele><time>2026-01-01T01:28:24Z</time></trkpt>
<trkpt lat="-27.386881" lon="152.791644"><ele>307</ele><time>2026-01-01T01:28:27Z</time></trkpt>
<trkpt lat="-27.386929" lon="152.791625"><ele>307.6</ele><time>2026-01-01T01:28:29Z</time></trkpt>
<trkpt lat="-27.386952" lon="152.791616"><ele>307.8</ele><time>2026-01-01T01:28:30Z</time></trkpt>
<trkpt lat="-27.386993" lon="152.791585"><ele>308.4</ele><time>2026-01-01T01:28:32Z</time></trkpt>
<trkpt lat="-27.387036" lon="152.791558"><ele>308.9</ele><time>2026-01-01T01:28:34Z</time></trkpt>
<trkpt lat="-27.38708" lon="152.79152"><ele>309.5</ele><time>2026-01-01T01:28:36Z</time></trkpt>
<trkpt lat="-27.387128" lon="152.791448"><ele>310.4</ele><time>2026-01-01T01:28:38Z</time></trkpt>
<trkpt lat="-27.387138" lon="152.791426"><ele>310.7</ele><time>2026-01-01T01:28:39Z</time></trkpt>
<trkpt lat="-27.38715" lon="152.791363"><ele>311.3</ele><time>2026-01-01T01:28:42Z</time></trkpt>
<trkpt lat="-27.387157" lon="152.791342"><ele>311.6</ele><time>2026-01-01T01:28:43Z</time></trkpt>
<trkpt lat="-27.38717" lon="152.791314"><ele>311.9</ele><time>2026-01-01T01:28:44Z</time></trkpt>
<trkpt lat="-27.387182" lon="152.791252"><ele>312.5</ele><time>2026-01-01T01:28:46Z</time></trkpt>
<trkpt lat="-27.387169" lon="152.791187"><ele>313.1</ele><time>2026-01-01T01:28:48Z</time></trkpt>
<trkpt lat="-27.38716" lon="152.791111"><ele>313.9</ele><time>2026-01-01T01:28:51Z</time></trkpt>
<trkpt lat="-27.387165" lon="152.791084"><ele>314.2</ele><time>2026-01-01T01:28:52Z</time></trkpt>
<trkpt lat="-27.387159" lon="152.791062"><ele>314.4</ele><time>2026-01-01T01:28:53Z</time></trkpt>
<trkpt lat="-27.387129" lon="152.790987"><ele>315.2</ele><time>2026-01-01T01:28:56Z</time></trkpt>
<trkpt lat="-27.387129" lon="152.790939"><ele>315.7</ele><time>2026-01-01T01:28:58Z</time></trkpt>
<trkpt lat="-27.38714" lon="152.790922"><ele>315.9</ele><time>2026-01-01T01:28:59Z</time></trkpt>
<trkpt lat="-27.387158" lon="152.790902"><ele>316.2</ele><time>2026-01-01T01:29:00Z</time></trkpt>
<trkpt lat="-27.38719" lon="152.790841"><ele>316.9</ele><time>2026-01-01T01:29:02Z</time></trkpt>
<trkpt lat="-27.387206" lon="152.790811"><ele>317.3</ele><time>2026-01-01T01:29:03Z</time></trkpt>
<trkpt lat="-27.3872" lon="152.790776"><ele>317.6</ele><time>2026-01-01T01:29:04Z</time></trkpt>
<trkpt lat="-27.387194" lon="152.790765"><ele>317.7</ele><time>2026-01-01T01:29:05Z</time></trkpt>
<trkpt lat="-27.387187" lon="152.790709"><ele>318.3</ele><time>2026-01-01T01:29:07Z</time></trkpt>
<trkpt lat="-27.387198" lon="152.790681"><ele>318.6</ele><time>2026-01-01T01:29:08Z</time></trkpt>
<trkpt lat="-27.387249" lon="152.790604"><ele>319.5</ele><time>2026-01-01T01:29:12Z</time></trkpt>
<trkpt lat="-27.387263" lon="152.790585"><ele>319.8</ele><time>2026-01-01T01:29:13Z</time></trkpt>
<trkpt lat="-27.387285" lon="152.790545"><ele>320.2</ele><time>2026-01-01T01:29:16Z</time></trkpt>
<trkpt lat="-27.387328" lon="152.790458"><ele>321.2</ele><time>2026-01-01T01:29:20Z</time></trkpt>
<trkpt lat="-27.387398" lon="152.790409"><ele>322.1</ele><time>2026-01-01T01:29:24Z</time></trkpt>
<trkpt lat="-27.387451" lon="152.790364"><ele>322.8</ele><time>2026-01-01T01:29:27Z</time></trkpt>
<trkpt lat="-27.387484" lon="152.790341"><ele>323.2</ele><time>2026-01-01T01:29:29Z</time></trkpt>
<trkpt lat="-27.387516" lon="152.790283"><ele>323.7</ele><time>2026-01-01T01:29:32Z</time></trkpt>
<trkpt lat="-27.387572" lon="152.790269"><ele>324.3</ele><time>2026-01-01T01:29:35Z</time></trkpt>
<trkpt lat="-27.387604" lon="152.790272"><ele>324.5</ele><time>2026-01-01T01:29:37Z</time></trkpt>
<trkpt lat="-27.38767" lon="152.790319"><ele>325.2</ele><time>2026-01-01T01:29:41Z</time></trkpt>
<trkpt lat="-27.387693" lon="152.790354"><ele>325.4</ele><time>2026-01-01T01:29:43Z</time></trkpt>
<trkpt lat="-27.387774" lon="152.790408"><ele>326.1</ele><time>2026-01-01T01:29:48Z</time></trkpt>
<trkpt lat="-27.387795" lon="152.790414"><ele>326.3</ele><time>2026-01-01T01:29:49Z</time></trkpt>
<trkpt lat="-27.387814" lon="152.790419"><ele>326.4</ele><time>2026-01-01T01:29:50Z</time></trkpt>
<trkpt lat="-27.387921" lon="152.790427"><ele>327.3</ele><time>2026-01-01T01:29:55Z</time></trkpt>
<trkpt lat="-27.387944" lon="152.790433"><ele>327.6</ele><time>2026-01-01T01:29:56Z</time></trkpt>
<trkpt lat="-27.388048" lon="152.790432"><ele>328.5</ele><time>2026-01-01T01:30:01Z</time></trkpt>
<trkpt lat="-27.388111" lon="152.79042"><ele>329.2</ele><time>2026-01-01T01:30:04Z</time></trkpt>
<trkpt lat="-27.388173" lon="152.790409"><ele>329.8</ele><time>2026-01-01T01:30:07Z</time></trkpt>
<trkpt lat="-27.38827" lon="152.790367"><ele>330.8</ele><time>2026-01-01T01:30:12Z</time></trkpt>
<trkpt lat="-27.388388" lon="152.790314"><ele>332.1</ele><time>2026-01-01T01:30:18Z</time></trkpt>
<trkpt lat="-27.388423" lon="152.790301"><ele>332.5</ele><time>2026-01-01T01:30:20Z</time></trkpt>
<trkpt lat="-27.388487" lon="152.790279"><ele>333.2</ele><time>2026-01-01T01:30:23Z</time></trkpt>
<trkpt lat="-27.388574" lon="152.790244"><ele>334.2</ele><time>2026-01-01T01:30:28Z</time></trkpt>
<trkpt lat="-27.388603" lon="152.790218"><ele>334.6</ele><time>2026-01-01T01:30:30Z</time></trkpt>
<trkpt lat="-27.388667" lon="152.79017"><ele>335.4</ele><time>2026-01-01T01:30:34Z</time></trkpt>
<trkpt lat="-27.38868" lon="152.790157"><ele>335.6</ele><time>2026-01-01T01:30:35Z</time></trkpt>
<trkpt lat="-27.388696" lon="152.790141"><ele>335.9</ele><time>2026-01-01T01:30:36Z</time></trkpt>
<trkpt lat="-27.388774" lon="152.790066"><ele>337</ele><time>2026-01-01T01:30:41Z</time></trkpt>
<trkpt lat="-27.388823" lon="152.789996"><ele>337.9</ele><time>2026-01-01T01:30:45Z</time></trkpt>
<trkpt lat="-27.388839" lon="152.78995"><ele>338.4</ele><time>2026-01-01T01:30:47Z</time></trkpt>
<trkpt lat="-27.388841" lon="152.789853"><ele>339.3</ele><time>2026-01-01T01:30:51Z</time></trkpt>
<trkpt lat="-27.388813" lon="152.789737"><ele>340.5</ele><time>2026-01-01T01:30:56Z</time></trkpt>
<trkpt lat="-27.388797" lon="152.789692"><ele>341</ele><time>2026-01-01T01:30:58Z</time></trkpt>
<trkpt lat="-27.388781" lon="152.789641"><ele>341.5</ele><time>2026-01-01T01:31:00Z</time></trkpt>
<trkpt lat="-27.388778" lon="152.789542"><ele>342.5</ele><time>2026-01-01T01:31:04Z</time></trkpt>
<trkpt lat="-27.388791" lon="152.789484"><ele>343.2</ele><time>2026-01-01T01:31:06Z</time></trkpt>
<trkpt lat="-27.38879" lon="152.789437"><ele>343.7</ele><time>2026-01-01T01:31:08Z</time></trkpt>
<trkpt lat="-27.388788" lon="152.789325"><ele>344.9</ele><time>2026-01-01T01:31:13Z</time></trkpt>
<trkpt lat="-27.388771" lon="152.789238"><ele>345.8</ele><time>2026-01-01T01:31:17Z</time></trkpt>
<trkpt lat="-27.388758" lon="152.789196"><ele>346.3</ele><time>2026-01-01T01:31:19Z</time></trkpt>
<trkpt lat="-27.388707" lon="152.789105"><ele>347.4</ele><time>2026-01-01T01:31:24Z</time></trkpt>
<trkpt lat="-27.388671" lon="152.789078"><ele>347.8</ele><time>2026-01-01T01:31:26Z</time></trkpt>
<trkpt lat="-27.388609" lon="152.789018"><ele>348.7</ele><time>2026-01-01T01:31:30Z</time></trkpt>
<trkpt lat="-27.388546" lon="152.788954"><ele>349.6</ele><time>2026-01-01T01:31:34Z</time></trkpt>
<trkpt lat="-27.388526" lon="152.788921"><ele>350</ele><time>2026-01-01T01:31:36Z</time></trkpt>
<trkpt lat="-27.388474" lon="152.788837"><ele>351</ele><time>2026-01-01T01:31:40Z</time></trkpt>
<trkpt lat="-27.388465" lon="152.788823"><ele>351.2</ele><time>2026-01-01T01:31:41Z</time></trkpt>
<trkpt lat="-27.38842" lon="152.788776"><ele>351.9</ele><time>2026-01-01T01:31:44Z</time></trkpt>
<trkpt lat="-27.388381" lon="152.788703"><ele>352.7</ele><time>2026-01-01T01:31:48Z</time></trkpt>
<trkpt lat="-27.388358" lon="152.788657"><ele>353.2</ele><time>2026-01-01T01:31:50Z</time></trkpt>
<trkpt lat="-27.388319" lon="152.78857"><ele>354.2</ele><time>2026-01-01T01:31:54Z</time></trkpt>
<trkpt lat="-27.388304" lon="152.788498"><ele>354.9</ele><time>2026-01-01T01:31:57Z</time></trkpt>
<trkpt lat="-27.388294" lon="152.78847"><ele>355.2</ele><time>2026-01-01T01:31:58Z</time></trkpt>
<trkpt lat="-27.388269" lon="152.7884"><ele>356</ele><time>2026-01-01T01:32:01Z</time></trkpt>
<trkpt lat="-27.388259" lon="152.788377"><ele>356.2</ele><time>2026-01-01T01:32:02Z</time></trkpt>
<trkpt lat="-27.38821" lon="152.788294"><ele>357.2</ele><time>2026-01-01T01:32:06Z</time></trkpt>
<trkpt lat="-27.388196" lon="152.788273"><ele>357.5</ele><time>2026-01-01T01:32:07Z</time></trkpt>
<trkpt lat="-27.388123" lon="152.788176"><ele>358.8</ele><time>2026-01-01T01:32:12Z</time></trkpt>
<trkpt lat="-27.388108" lon="152.788158"><ele>359</ele><time>2026-01-01T01:32:13Z</time></trkpt>
<trkpt lat="-27.388084" lon="152.788128"><ele>359.4</ele><time>2026-01-01T01:32:15Z</time></trkpt>
<trkpt lat="-27.38806" lon="152.788091"><ele>359.8</ele><time>2026-01-01T01:32:17Z</time></trkpt>
<trkpt lat="-27.388009" lon="152.788028"><ele>360.4</ele><time>2026-01-01T01:32:20Z</time></trkpt>
<trkpt lat="-27.387999" lon="152.788006"><ele>360.6</ele><time>2026-01-01T01:32:21Z</time></trkpt>
<trkpt lat="-27.387984" lon="152.787861"><ele>361.6</ele><time>2026-01-01T01:32:26Z</time></trkpt>
<trkpt lat="-27.387985" lon="152.787819"><ele>361.9</ele><time>2026-01-01T01:32:28Z</time></trkpt>
<trkpt lat="-27.387997" lon="152.78775"><ele>362.4</ele><time>2026-01-01T01:32:31Z</time></trkpt>
<trkpt lat="-27.388029" lon="152.787639"><ele>363.3</ele><time>2026-01-01T01:32:36Z</time></trkpt>
<trkpt lat="-27.388038" lon="152.787463"><ele>364.7</ele><time>2026-01-01T01:32:43Z</time></trkpt>
<trkpt lat="-27.388026" lon="152.787418"><ele>365.1</ele><time>2026-01-01T01:32:45Z</time></trkpt>
<trkpt lat="-27.38801" lon="152.787373"><ele>365.6</ele><time>2026-01-01T01:32:47Z</time></trkpt>
<trkpt lat="-27.387977" lon="152.787286"><ele>366.4</ele><time>2026-01-01T01:32:51Z</time></trkpt>
<trkpt lat="-27.387948" lon="152.787212"><ele>367.2</ele><time>2026-01-01T01:32:54Z</time></trkpt>
<trkpt lat="-27.387906" lon="152.787131"><ele>368</ele><time>2026-01-01T01:32:58Z</time></trkpt>
<trkpt lat="-27.387873" lon="152.787098"><ele>368.5</ele><time>2026-01-01T01:33:00Z</time></trkpt>
<trkpt lat="-27.3878" lon="152.787037"><ele>369.4</ele><time>2026-01-01T01:33:04Z</time></trkpt>
<trkpt lat="-27.387743" lon="152.787008"><ele>370.1</ele><time>2026-01-01T01:33:07Z</time></trkpt>
<trkpt lat="-27.387722" lon="152.787002"><ele>370.3</ele><time>2026-01-01T01:33:08Z</time></trkpt>
<trkpt lat="-27.387647" lon="152.78697"><ele>371.2</ele><time>2026-01-01T01:33:12Z</time></trkpt>
<trkpt lat="-27.387628" lon="152.786963"><ele>371.4</ele><time>2026-01-01T01:33:13Z</time></trkpt>
<trkpt lat="-27.387591" lon="152.786945"><ele>371.8</ele><time>2026-01-01T01:33:15Z</time></trkpt>
<trkpt lat="-27.38755" lon="152.786926"><ele>372.3</ele><time>2026-01-01T01:33:17Z</time></trkpt>
<trkpt lat="-27.387529" lon="152.786918"><ele>372.5</ele><time>2026-01-01T01:33:18Z</time></trkpt>
<trkpt lat="-27.387442" lon="152.786853"><ele>373.5</ele><time>2026-01-01T01:33:23Z</time></trkpt>
<trkpt lat="-27.38741" lon="152.786816"><ele>374</ele><time>2026-01-01T01:33:25Z</time></trkpt>
<trkpt lat="-27.387392" lon="152.786769"><ele>374.4</ele><time>2026-01-01T01:33:27Z</time></trkpt>
<trkpt lat="-27.387368" lon="152.786632"><ele>375.5</ele><time>2026-01-01T01:33:32Z</time></trkpt>
<trkpt lat="-27.387387" lon="152.786577"><ele>376</ele><time>2026-01-01T01:33:34Z</time></trkpt>
<trkpt lat="-27.387424" lon="152.786477"><ele>376.9</ele><time>2026-01-01T01:33:38Z</time></trkpt>
<trkpt lat="-27.387442" lon="152.786364"><ele>377.8</ele><time>2026-01-01T01:33:43Z</time></trkpt>
<trkpt lat="-27.387438" lon="152.786335"><ele>378</ele><time>2026-01-01T01:33:44Z</time></trkpt>
<trkpt lat="-27.38741" lon="152.786255"><ele>378.7</ele><time>2026-01-01T01:33:48Z</time></trkpt>
<trkpt lat="-27.387385" lon="152.786225"><ele>379</ele><time>2026-01-01T01:33:50Z</time></trkpt>
<trkpt lat="-27.387365" lon="152.786214"><ele>379.1</ele><time>2026-01-01T01:33:51Z</time></trkpt>
<trkpt lat="-27.387283" lon="152.786179"><ele>379.9</ele><time>2026-01-01T01:33:55Z</time></trkpt>
<trkpt lat="-27.387257" lon="152.786171"><ele>380.1</ele><time>2026-01-01T01:33:56Z</time></trkpt>
<trkpt lat="-27.387168" lon="152.786108"><ele>381.1</ele><time>2026-01-01T01:34:01Z</time></trkpt>
<trkpt lat="-27.387153" lon="152.786098"><ele>381.3</ele><time>2026-01-01T01:34:02Z</time></trkpt>
<trkpt lat="-27.387078" lon="152.786039"><ele>382.3</ele><time>2026-01-01T01:34:06Z</time></trkpt>
<trkpt lat="-27.387028" lon="152.786003"><ele>383</ele><time>2026-01-01T01:34:09Z</time></trkpt>
<trkpt lat="-27.386994" lon="152.785982"><ele>383.4</ele><time>2026-01-01T01:34:11Z</time></trkpt>
<trkpt lat="-27.386953" lon="152.785963"><ele>383.9</ele><time>2026-01-01T01:34:13Z</time></trkpt>
<trkpt lat="-27.386935" lon="152.785952"><ele>384.1</ele><time>2026-01-01T01:34:14Z</time></trkpt>
<trkpt lat="-27.386901" lon="152.785928"><ele>384.6</ele><time>2026-01-01T01:34:16Z</time></trkpt>
<trkpt lat="-27.386796" lon="152.785896"><ele>385.6</ele><time>2026-01-01T01:34:21Z</time></trkpt>
<trkpt lat="-27.386741" lon="152.785894"><ele>386.2</ele><time>2026-01-01T01:34:24Z</time></trkpt>
<trkpt lat="-27.386711" lon="152.785882"><ele>386.5</ele><time>2026-01-01T01:34:26Z</time></trkpt>
<trkpt lat="-27.386624" lon="152.785875"><ele>387.2</ele><time>2026-01-01T01:34:30Z</time></trkpt>
<trkpt lat="-27.38661" lon="152.785861"><ele>387.4</ele><time>2026-01-01T01:34:31Z</time></trkpt>
<trkpt lat="-27.386595" lon="152.785815"><ele>387.8</ele><time>2026-01-01T01:34:33Z</time></trkpt>
<trkpt lat="-27.386569" lon="152.785788"><ele>388.1</ele><time>2026-01-01T01:34:35Z</time></trkpt>
<trkpt lat="-27.386476" lon="152.785739"><ele>389.2</ele><time>2026-01-01T01:34:40Z</time></trkpt>
<trkpt lat="-27.386456" lon="152.785725"><ele>389.4</ele><time>2026-01-01T01:34:41Z</time></trkpt>
<trkpt lat="-27.38644" lon="152.785715"><ele>389.6</ele><time>2026-01-01T01:34:43Z</time></trkpt>
<trkpt lat="-27.386424" lon="152.785701"><ele>389.8</ele><time>2026-01-01T01:34:44Z</time></trkpt>
<trkpt lat="-27.386409" lon="152.78568"><ele>390</ele><time>2026-01-01T01:34:45Z</time></trkpt>
<trkpt lat="-27.386352" lon="152.785636"><ele>390.7</ele><time>2026-01-01T01:34:48Z</time></trkpt>
<trkpt lat="-27.386347" lon="152.785617"><ele>390.9</ele><time>2026-01-01T01:34:49Z</time></trkpt>
<trkpt lat="-27.386347" lon="152.78561"><ele>391</ele><time>2026-01-01T01:34:50Z</time></trkpt>
<trkpt lat="-27.386337" lon="152.785591"><ele>391.2</ele><time>2026-01-01T01:34:51Z</time></trkpt>
<trkpt lat="-27.386326" lon="152.785571"><ele>391.4</ele><time>2026-01-01T01:34:52Z</time></trkpt>
<trkpt lat="-27.386327" lon="152.785547"><ele>391.6</ele><time>2026-01-01T01:34:53Z</time></trkpt>
<trkpt lat="-27.386344" lon="152.785447"><ele>392.4</ele><time>2026-01-01T01:34:56Z</time></trkpt>
<trkpt lat="-27.386341" lon="152.785368"><ele>393</ele><time>2026-01-01T01:34:58Z</time></trkpt>
<trkpt lat="-27.386331" lon="152.785318"><ele>393.3</ele><time>2026-01-01T01:34:59Z</time></trkpt>
<trkpt lat="-27.386249" lon="152.785259"><ele>394.1</ele><time>2026-01-01T01:35:02Z</time></trkpt>
<trkpt lat="-27.38612" lon="152.78523"><ele>395.4</ele><time>2026-01-01T01:35:06Z</time></trkpt>
<trkpt lat="-27.38605" lon="152.785201"><ele>396.2</ele><time>2026-01-01T01:35:08Z</time></trkpt>
<trkpt lat="-27.386019" lon="152.785164"><ele>396.7</ele><time>2026-01-01T01:35:10Z</time></trkpt>
<trkpt lat="-27.385993" lon="152.785118"><ele>397.3</ele><time>2026-01-01T01:35:12Z</time></trkpt>
<trkpt lat="-27.385967" lon="152.785054"><ele>398.1</ele><time>2026-01-01T01:35:14Z</time></trkpt>
<trkpt lat="-27.385941" lon="152.784993"><ele>398.9</ele><time>2026-01-01T01:35:16Z</time></trkpt>
<trkpt lat="-27.385933" lon="152.784963"><ele>399.3</ele><time>2026-01-01T01:35:17Z</time></trkpt>
<trkpt lat="-27.385907" lon="152.784853"><ele>400.6</ele><time>2026-01-01T01:35:21Z</time></trkpt>
<trkpt lat="-27.385901" lon="152.784826"><ele>400.9</ele><time>2026-01-01T01:35:22Z</time></trkpt>
<trkpt lat="-27.385888" lon="152.784741"><ele>401.9</ele><time>2026-01-01T01:35:25Z</time></trkpt>
<trkpt lat="-27.385872" lon="152.784623"><ele>403.2</ele><time>2026-01-01T01:35:29Z</time></trkpt>
<trkpt lat="-27.385863" lon="152.784565"><ele>403.8</ele><time>2026-01-01T01:35:31Z</time></trkpt>
<trkpt lat="-27.385841" lon="152.784522"><ele>404.4</ele><time>2026-01-01T01:35:33Z</time></trkpt>
<trkpt lat="-27.385821" lon="152.784447"><ele>405.2</ele><time>2026-01-01T01:35:36Z</time></trkpt>
<trkpt lat="-27.385817" lon="152.784423"><ele>405.4</ele><time>2026-01-01T01:35:37Z</time></trkpt>
<trkpt lat="-27.385811" lon="152.784329"><ele>406.4</ele><time>2026-01-01T01:35:40Z</time></trkpt>
<trkpt lat="-27.385806" lon="152.784301"><ele>406.7</ele><time>2026-01-01T01:35:41Z</time></trkpt>
<trkpt lat="-27.385775" lon="152.784183"><ele>408</ele><time>2026-01-01T01:35:46Z</time></trkpt>
<trkpt lat="-27.385771" lon="152.784158"><ele>408.2</ele><time>2026-01-01T01:35:47Z</time></trkpt>
<trkpt lat="-27.385753" lon="152.784076"><ele>409.1</ele><time>2026-01-01T01:35:50Z</time></trkpt>
<trkpt lat="-27.38575" lon="152.784058"><ele>409.3</ele><time>2026-01-01T01:35:51Z</time></trkpt>
<trkpt lat="-27.385742" lon="152.78404"><ele>409.5</ele><time>2026-01-01T01:35:52Z</time></trkpt>
<trkpt lat="-27.385713" lon="152.783965"><ele>410.3</ele><time>2026-01-01T01:35:55Z</time></trkpt>
<trkpt lat="-27.385702" lon="152.783913"><ele>410.8</ele><time>2026-01-01T01:35:57Z</time></trkpt>
<trkpt lat="-27.385764" lon="152.783819"><ele>411.9</ele><time>2026-01-01T01:36:00Z</time></trkpt>
<trkpt lat="-27.385798" lon="152.783754"><ele>412.6</ele><time>2026-01-01T01:36:02Z</time></trkpt>
<trkpt lat="-27.38582" lon="152.783698"><ele>413.2</ele><time>2026-01-01T01:36:04Z</time></trkpt>
<trkpt lat="-27.385875" lon="152.783593"><ele>414.4</ele><time>2026-01-01T01:36:08Z</time></trkpt>
<trkpt lat="-27.385949" lon="152.783484"><ele>415.7</ele><time>2026-01-01T01:36:11Z</time></trkpt>
<trkpt lat="-27.385947" lon="152.783441"><ele>416.1</ele><time>2026-01-01T01:36:13Z</time></trkpt>
<trkpt lat="-27.385944" lon="152.78342"><ele>416.3</ele><time>2026-01-01T01:36:14Z</time></trkpt>
<trkpt lat="-27.385947" lon="152.783393"><ele>416.6</ele><time>2026-01-01T01:36:15Z</time></trkpt>
<trkpt lat="-27.385972" lon="152.783319"><ele>417.4</ele><time>2026-01-01T01:36:18Z</time></trkpt>
<trkpt lat="-27.385983" lon="152.783222"><ele>418.3</ele><time>2026-01-01T01:36:22Z</time></trkpt>
<trkpt lat="-27.385971" lon="152.783126"><ele>419.3</ele><time>2026-01-01T01:36:26Z</time></trkpt>
<trkpt lat="-27.385965" lon="152.783078"><ele>419.8</ele><time>2026-01-01T01:36:28Z</time></trkpt>
<trkpt lat="-27.385949" lon="152.783035"><ele>420.3</ele><time>2026-01-01T01:36:30Z</time></trkpt>
<trkpt lat="-27.38591" lon="152.782954"><ele>421.2</ele><time>2026-01-01T01:36:34Z</time></trkpt>
<trkpt lat="-27.385908" lon="152.782822"><ele>422.5</ele><time>2026-01-01T01:36:39Z</time></trkpt>
<trkpt lat="-27.385904" lon="152.782767"><ele>423.1</ele><time>2026-01-01T01:36:41Z</time></trkpt>
<trkpt lat="-27.385905" lon="152.782724"><ele>423.5</ele><time>2026-01-01T01:36:43Z</time></trkpt>
<trkpt lat="-27.385937" lon="152.782591"><ele>424.8</ele><time>2026-01-01T01:36:47Z</time></trkpt>
<trkpt lat="-27.385953" lon="152.782462"><ele>426.1</ele><time>2026-01-01T01:36:51Z</time></trkpt>
<trkpt lat="-27.385977" lon="152.782404"><ele>426.8</ele><time>2026-01-01T01:36:53Z</time></trkpt>
<trkpt lat="-27.38597" lon="152.782358"><ele>427.2</ele><time>2026-01-01T01:36:54Z</time></trkpt>
<trkpt lat="-27.385969" lon="152.782335"><ele>427.5</ele><time>2026-01-01T01:36:55Z</time></trkpt>
<trkpt lat="-27.385969" lon="152.782251"><ele>428.3</ele><time>2026-01-01T01:36:58Z</time></trkpt>
<trkpt lat="-27.385955" lon="152.782234"><ele>428.6</ele><time>2026-01-01T01:36:59Z</time></trkpt>
<trkpt lat="-27.385881" lon="152.78214"><ele>429.9</ele><time>2026-01-01T01:37:03Z</time></trkpt>
<trkpt lat="-27.38584" lon="152.782074"><ele>430.7</ele><time>2026-01-01T01:37:07Z</time></trkpt>
<trkpt lat="-27.385802" lon="152.782035"><ele>431.3</ele><time>2026-01-01T01:37:10Z</time></trkpt>
<trkpt lat="-27.385785" lon="152.782016"><ele>431.5</ele><time>2026-01-01T01:37:11Z</time></trkpt>
<trkpt lat="-27.385708" lon="152.781956"><ele>432.5</ele><time>2026-01-01T01:37:16Z</time></trkpt>
<trkpt lat="-27.385647" lon="152.78191"><ele>433.3</ele><time>2026-01-01T01:37:20Z</time></trkpt>
<trkpt lat="-27.385626" lon="152.781892"><ele>433.6</ele><time>2026-01-01T01:37:21Z</time></trkpt>
<trkpt lat="-27.38558" lon="152.781845"><ele>434.3</ele><time>2026-01-01T01:37:24Z</time></trkpt>
<trkpt lat="-27.38555" lon="152.781777"><ele>435.1</ele><time>2026-01-01T01:37:26Z</time></trkpt>
<trkpt lat="-27.385527" lon="152.781722"><ele>435.7</ele><time>2026-01-01T01:37:28Z</time></trkpt>
<trkpt lat="-27.385499" lon="152.781613"><ele>436.8</ele><time>2026-01-01T01:37:31Z</time></trkpt>
<trkpt lat="-27.385494" lon="152.781584"><ele>437.1</ele><time>2026-01-01T01:37:32Z</time></trkpt>
<trkpt lat="-27.385485" lon="152.781546"><ele>437.5</ele><time>2026-01-01T01:37:33Z</time></trkpt>
<trkpt lat="-27.38545" lon="152.781434"><ele>438.7</ele><time>2026-01-01T01:37:36Z</time></trkpt>
<trkpt lat="-27.385431" lon="152.781393"><ele>439.2</ele><time>2026-01-01T01:37:38Z</time></trkpt>
<trkpt lat="-27.385408" lon="152.781331"><ele>439.9</ele><time>2026-01-01T01:37:40Z</time></trkpt>
<trkpt lat="-27.385375" lon="152.78128"><ele>440.5</ele><time>2026-01-01T01:37:42Z</time></trkpt>
<trkpt lat="-27.385365" lon="152.781207"><ele>441.2</ele><time>2026-01-01T01:37:44Z</time></trkpt>
<trkpt lat="-27.385345" lon="152.781183"><ele>441.5</ele><time>2026-01-01T01:37:45Z</time></trkpt>
<trkpt lat="-27.385315" lon="152.781085"><ele>442.6</ele><time>2026-01-01T01:37:48Z</time></trkpt>
<trkpt lat="-27.385311" lon="152.781076"><ele>442.7</ele><time>2026-01-01T01:37:49Z</time></trkpt>
<trkpt lat="-27.385309" lon="152.781068"><ele>442.7</ele><time>2026-01-01T01:37:50Z</time></trkpt>
<trkpt lat="-27.385303" lon="152.781046"><ele>443</ele><time>2026-01-01T01:37:51Z</time></trkpt>
<trkpt lat="-27.385297" lon="152.78102"><ele>443.2</ele><time>2026-01-01T01:37:52Z</time></trkpt>
<trkpt lat="-27.385274" lon="152.780938"><ele>444.1</ele><time>2026-01-01T01:37:55Z</time></trkpt>
<trkpt lat="-27.385268" lon="152.780881"><ele>444.6</ele><time>2026-01-01T01:37:58Z</time></trkpt>
<trkpt lat="-27.385259" lon="152.780858"><ele>444.9</ele><time>2026-01-01T01:37:59Z</time></trkpt>
<trkpt lat="-27.385231" lon="152.780802"><ele>445.5</ele><time>2026-01-01T01:38:01Z</time></trkpt>
<trkpt lat="-27.385219" lon="152.780779"><ele>445.7</ele><time>2026-01-01T01:38:02Z</time></trkpt>
<trkpt lat="-27.385214" lon="152.780753"><ele>446</ele><time>2026-01-01T01:38:03Z</time></trkpt>
<trkpt lat="-27.385211" lon="152.780716"><ele>446.4</ele><time>2026-01-01T01:38:04Z</time></trkpt>
<trkpt lat="-27.385217" lon="152.780647"><ele>447</ele><time>2026-01-01T01:38:06Z</time></trkpt>
<trkpt lat="-27.385219" lon="152.780595"><ele>447.5</ele><time>2026-01-01T01:38:09Z</time></trkpt>
<trkpt lat="-27.385224" lon="152.780581"><ele>447.7</ele><time>2026-01-01T01:38:10Z</time></trkpt>
<trkpt lat="-27.385229" lon="152.780554"><ele>447.9</ele><time>2026-01-01T01:38:14Z</time></trkpt>
<trkpt lat="-27.38524" lon="152.780486"><ele>448.6</ele><time>2026-01-01T01:38:27Z</time></trkpt>
<trkpt lat="-27.38522" lon="152.780414"><ele>449.2</ele><time>2026-01-01T01:38:32Z</time></trkpt>
<trkpt lat="-27.385226" lon="152.780407"><ele>449.3</ele><time>2026-01-01T01:38:33Z</time></trkpt>
<trkpt lat="-27.38523" lon="152.780404"><ele>449.3</ele><time>2026-01-01T01:38:34Z</time></trkpt>
<trkpt lat="-27.385233" lon="152.780395"><ele>449.4</ele><time>2026-01-01T01:38:36Z</time></trkpt>
<trkpt lat="-27.385246" lon="152.780315"><ele>450.1</ele><time>2026-01-01T01:38:39Z</time></trkpt>
<trkpt lat="-27.385255" lon="152.780287"><ele>450.3</ele><time>2026-01-01T01:38:40Z</time></trkpt>
<trkpt lat="-27.385268" lon="152.780261"><ele>450.5</ele><time>2026-01-01T01:38:41Z</time></trkpt>
<trkpt lat="-27.385327" lon="152.780109"><ele>451.6</ele><time>2026-01-01T01:38:46Z</time></trkpt>
<trkpt lat="-27.385337" lon="152.780077"><ele>451.8</ele><time>2026-01-01T01:38:47Z</time></trkpt>
<trkpt lat="-27.385344" lon="152.780044"><ele>451.9</ele><time>2026-01-01T01:38:48Z</time></trkpt>
<trkpt lat="-27.385365" lon="152.779984"><ele>452.2</ele><time>2026-01-01T01:38:50Z</time></trkpt>
<trkpt lat="-27.385396" lon="152.779928"><ele>452.5</ele><time>2026-01-01T01:38:52Z</time></trkpt>
<trkpt lat="-27.385438" lon="152.779833"><ele>452.9</ele><time>2026-01-01T01:38:55Z</time></trkpt>
<trkpt lat="-27.385485" lon="152.779759"><ele>453.2</ele><time>2026-01-01T01:38:57Z</time></trkpt>
<trkpt lat="-27.385496" lon="152.779721"><ele>453.3</ele><time>2026-01-01T01:38:58Z</time></trkpt>
<trkpt lat="-27.385517" lon="152.779668"><ele>453.5</ele><time>2026-01-01T01:39:00Z</time></trkpt>
<trkpt lat="-27.385565" lon="152.779564"><ele>453.8</ele><time>2026-01-01T01:39:03Z</time></trkpt>
<trkpt lat="-27.385609" lon="152.779443"><ele>454.2</ele><time>2026-01-01T01:39:06Z</time></trkpt>
<trkpt lat="-27.385663" lon="152.779309"><ele>454.6</ele><time>2026-01-01T01:39:10Z</time></trkpt>
<trkpt lat="-27.385703" lon="152.779239"><ele>454.8</ele><time>2026-01-01T01:39:13Z</time></trkpt>
<trkpt lat="-27.385716" lon="152.779214"><ele>454.9</ele><time>2026-01-01T01:39:14Z</time></trkpt>
<trkpt lat="-27.385778" lon="152.779055"><ele>455.7</ele><time>2026-01-01T01:39:19Z</time></trkpt>
<trkpt lat="-27.385788" lon="152.779017"><ele>455.9</ele><time>2026-01-01T01:39:20Z</time></trkpt>
<trkpt lat="-27.385823" lon="152.778922"><ele>456.6</ele><time>2026-01-01T01:39:23Z</time></trkpt>
<trkpt lat="-27.385835" lon="152.778807"><ele>457.6</ele><time>2026-01-01T01:39:26Z</time></trkpt>
<trkpt lat="-27.385842" lon="152.778747"><ele>458.1</ele><time>2026-01-01T01:39:28Z</time></trkpt>
<trkpt lat="-27.385841" lon="152.77872"><ele>458.3</ele><time>2026-01-01T01:39:29Z</time></trkpt>
<trkpt lat="-27.385847" lon="152.778688"><ele>458.6</ele><time>2026-01-01T01:39:30Z</time></trkpt>
<trkpt lat="-27.385851" lon="152.778649"><ele>459</ele><time>2026-01-01T01:39:31Z</time></trkpt>
<trkpt lat="-27.385862" lon="152.778546"><ele>459.9</ele><time>2026-01-01T01:39:34Z</time></trkpt>
<trkpt lat="-27.385864" lon="152.778439"><ele>460.8</ele><time>2026-01-01T01:39:37Z</time></trkpt>
<trkpt lat="-27.385864" lon="152.778413"><ele>461</ele><time>2026-01-01T01:39:38Z</time></trkpt>
<trkpt lat="-27.385866" lon="152.778382"><ele>461.2</ele><time>2026-01-01T01:39:39Z</time></trkpt>
<trkpt lat="-27.385857" lon="152.778338"><ele>461.6</ele><time>2026-01-01T01:39:41Z</time></trkpt>
<trkpt lat="-27.385861" lon="152.778326"><ele>461.7</ele><time>2026-01-01T01:39:42Z</time></trkpt>
<trkpt lat="-27.385833" lon="152.77828"><ele>462</ele><time>2026-01-01T01:39:44Z</time></trkpt>
<trkpt lat="-27.385785" lon="152.778201"><ele>462.4</ele><time>2026-01-01T01:39:47Z</time></trkpt>
<trkpt lat="-27.385696" lon="152.778116"><ele>462.8</ele><time>2026-01-01T01:39:51Z</time></trkpt>
<trkpt lat="-27.385556" lon="152.778045"><ele>463</ele><time>2026-01-01T01:39:57Z</time></trkpt>
<trkpt lat="-27.385456" lon="152.778011"><ele>463</ele><time>2026-01-01T01:40:00Z</time></trkpt>
<trkpt lat="-27.385382" lon="152.77797"><ele>462.9</ele><time>2026-01-01T01:40:02Z</time></trkpt>
<trkpt lat="-27.385229" lon="152.777907"><ele>461.9</ele><time>2026-01-01T01:40:06Z</time></trkpt>
<trkpt lat="-27.385181" lon="152.777913"><ele>461.6</ele><time>2026-01-01T01:40:07Z</time></trkpt>
<trkpt lat="-27.385069" lon="152.777942"><ele>460.5</ele><time>2026-01-01T01:40:09Z</time></trkpt>
<trkpt lat="-27.384982" lon="152.777955"><ele>459.7</ele><time>2026-01-01T01:40:10Z</time></trkpt>
<trkpt lat="-27.3849" lon="152.777977"><ele>458.8</ele><time>2026-01-01T01:40:11Z</time></trkpt>
<trkpt lat="-27.384744" lon="152.77804"><ele>457.4</ele><time>2026-01-01T01:40:13Z</time></trkpt>
<trkpt lat="-27.38468" lon="152.778079"><ele>457</ele><time>2026-01-01T01:40:14Z</time></trkpt>
<trkpt lat="-27.384592" lon="152.778183"><ele>456.6</ele><time>2026-01-01T01:40:16Z</time></trkpt>
<trkpt lat="-27.384546" lon="152.778285"><ele>456.6</ele><time>2026-01-01T01:40:18Z</time></trkpt>
<trkpt lat="-27.3845" lon="152.77836"><ele>456.7</ele><time>2026-01-01T01:40:20Z</time></trkpt>
<trkpt lat="-27.384377" lon="152.778438"><ele>457.3</ele><time>2026-01-01T01:40:22Z</time></trkpt>
<trkpt lat="-27.384245" lon="152.7785"><ele>458.2</ele><time>2026-01-01T01:40:24Z</time></trkpt>
<trkpt lat="-27.384077" lon="152.778579"><ele>459.6</ele><time>2026-01-01T01:40:27Z</time></trkpt>
<trkpt lat="-27.384008" lon="152.778649"><ele>460.4</ele><time>2026-01-01T01:40:29Z</time></trkpt>
<trkpt lat="-27.383963" lon="152.778714"><ele>460.9</ele><time>2026-01-01T01:40:31Z</time></trkpt>
<trkpt lat="-27.383914" lon="152.778759"><ele>461.5</ele><time>2026-01-01T01:40:33Z</time></trkpt>
<trkpt lat="-27.383833" lon="152.77878"><ele>462.1</ele><time>2026-01-01T01:40:35Z</time></trkpt>
<trkpt lat="-27.383673" lon="152.77885"><ele>463.5</ele><time>2026-01-01T01:40:39Z</time></trkpt>
<trkpt lat="-27.383543" lon="152.77882"><ele>464.5</ele><time>2026-01-01T01:40:43Z</time></trkpt>
<trkpt lat="-27.383514" lon="152.778805"><ele>464.7</ele><time>2026-01-01T01:40:44Z</time></trkpt>
<trkpt lat="-27.383347" lon="152.778684"><ele>465.4</ele><time>2026-01-01T01:40:49Z</time></trkpt>
<trkpt lat="-27.383183" lon="152.778561"><ele>465.7</ele><time>2026-01-01T01:40:54Z</time></trkpt>
<trkpt lat="-27.38309" lon="152.778494"><ele>466</ele><time>2026-01-01T01:40:56Z</time></trkpt>
<trkpt lat="-27.382992" lon="152.778403"><ele>466.6</ele><time>2026-01-01T01:40:59Z</time></trkpt>
<trkpt lat="-27.382861" lon="152.778334"><ele>467.5</ele><time>2026-01-01T01:41:02Z</time></trkpt>
<trkpt lat="-27.382797" lon="152.778302"><ele>468</ele><time>2026-01-01T01:41:04Z</time></trkpt>
<trkpt lat="-27.382688" lon="152.778216"><ele>468.8</ele><time>2026-01-01T01:41:07Z</time></trkpt>
<trkpt lat="-27.382653" lon="152.778195"><ele>469</ele><time>2026-01-01T01:41:08Z</time></trkpt>
<trkpt lat="-27.382567" lon="152.778124"><ele>469.4</ele><time>2026-01-01T01:41:11Z</time></trkpt>
<trkpt lat="-27.382518" lon="152.77806"><ele>469.7</ele><time>2026-01-01T01:41:13Z</time></trkpt>
<trkpt lat="-27.382397" lon="152.7779"><ele>469.8</ele><time>2026-01-01T01:41:18Z</time></trkpt>
<trkpt lat="-27.382345" lon="152.777817"><ele>469.7</ele><time>2026-01-01T01:41:20Z</time></trkpt>
<trkpt lat="-27.382191" lon="152.777605"><ele>469.7</ele><time>2026-01-01T01:41:26Z</time></trkpt>
<trkpt lat="-27.382085" lon="152.777455"><ele>470</ele><time>2026-01-01T01:41:30Z</time></trkpt>
<trkpt lat="-27.382066" lon="152.777419"><ele>470.2</ele><time>2026-01-01T01:41:31Z</time></trkpt>
<trkpt lat="-27.382022" lon="152.777291"><ele>470.7</ele><time>2026-01-01T01:41:34Z</time></trkpt>
<trkpt lat="-27.381949" lon="152.777121"><ele>472.1</ele><time>2026-01-01T01:41:38Z</time></trkpt>
<trkpt lat="-27.381932" lon="152.77708"><ele>472.5</ele><time>2026-01-01T01:41:39Z</time></trkpt>
<trkpt lat="-27.381909" lon="152.776976"><ele>473.5</ele><time>2026-01-01T01:41:42Z</time></trkpt>
<trkpt lat="-27.3819" lon="152.776947"><ele>473.8</ele><time>2026-01-01T01:41:43Z</time></trkpt>
<trkpt lat="-27.381879" lon="152.776885"><ele>474.5</ele><time>2026-01-01T01:41:45Z</time></trkpt>
<trkpt lat="-27.38185" lon="152.776808"><ele>475.3</ele><time>2026-01-01T01:41:48Z</time></trkpt>
<trkpt lat="-27.381835" lon="152.776764"><ele>475.8</ele><time>2026-01-01T01:41:49Z</time></trkpt>
<trkpt lat="-27.381782" lon="152.776684"><ele>476.8</ele><time>2026-01-01T01:41:52Z</time></trkpt>
<trkpt lat="-27.381734" lon="152.776636"><ele>477.6</ele><time>2026-01-01T01:41:55Z</time></trkpt>
<trkpt lat="-27.381697" lon="152.776584"><ele>478.2</ele><time>2026-01-01T01:41:57Z</time></trkpt>
<trkpt lat="-27.381677" lon="152.776552"><ele>478.6</ele><time>2026-01-01T01:41:58Z</time></trkpt>
<trkpt lat="-27.381661" lon="152.776523"><ele>478.9</ele><time>2026-01-01T01:41:59Z</time></trkpt>
<trkpt lat="-27.381598" lon="152.77641"><ele>480.2</ele><time>2026-01-01T01:42:02Z</time></trkpt>
<trkpt lat="-27.381589" lon="152.776381"><ele>480.5</ele><time>2026-01-01T01:42:03Z</time></trkpt>
<trkpt lat="-27.381574" lon="152.776358"><ele>480.8</ele><time>2026-01-01T01:42:04Z</time></trkpt>
<trkpt lat="-27.381548" lon="152.776334"><ele>481.2</ele><time>2026-01-01T01:42:06Z</time></trkpt>
<trkpt lat="-27.381454" lon="152.776279"><ele>482.3</ele><time>2026-01-01T01:42:10Z</time></trkpt>
<trkpt lat="-27.381438" lon="152.776253"><ele>482.6</ele><time>2026-01-01T01:42:11Z</time></trkpt>
<trkpt lat="-27.381393" lon="152.776209"><ele>483.3</ele><time>2026-01-01T01:42:13Z</time></trkpt>
<trkpt lat="-27.381371" lon="152.776148"><ele>483.9</ele><time>2026-01-01T01:42:16Z</time></trkpt>
<trkpt lat="-27.381345" lon="152.776142"><ele>484.1</ele><time>2026-01-01T01:42:17Z</time></trkpt>
<trkpt lat="-27.381254" lon="152.776079"><ele>485.3</ele><time>2026-01-01T01:42:20Z</time></trkpt>
<trkpt lat="-27.381201" lon="152.776024"><ele>486</ele><time>2026-01-01T01:42:22Z</time></trkpt>
<trkpt lat="-27.381157" lon="152.776005"><ele>486.5</ele><time>2026-01-01T01:42:24Z</time></trkpt>
<trkpt lat="-27.381113" lon="152.775984"><ele>486.9</ele><time>2026-01-01T01:42:26Z</time></trkpt>
<trkpt lat="-27.38109" lon="152.775972"><ele>487.2</ele><time>2026-01-01T01:42:27Z</time></trkpt>
<trkpt lat="-27.381072" lon="152.775955"><ele>487.4</ele><time>2026-01-01T01:42:28Z</time></trkpt>
<trkpt lat="-27.381019" lon="152.77589"><ele>488.1</ele><time>2026-01-01T01:42:31Z</time></trkpt>
<trkpt lat="-27.380989" lon="152.775872"><ele>488.4</ele><time>2026-01-01T01:42:32Z</time></trkpt>
<trkpt lat="-27.380892" lon="152.775863"><ele>489.2</ele><time>2026-01-01T01:42:35Z</time></trkpt>
<trkpt lat="-27.380864" lon="152.775859"><ele>489.4</ele><time>2026-01-01T01:42:36Z</time></trkpt>
<trkpt lat="-27.380782" lon="152.775841"><ele>490.1</ele><time>2026-01-01T01:42:39Z</time></trkpt>
<trkpt lat="-27.380713" lon="152.775837"><ele>490.5</ele><time>2026-01-01T01:42:42Z</time></trkpt>
<trkpt lat="-27.380635" lon="152.775826"><ele>490.9</ele><time>2026-01-01T01:42:45Z</time></trkpt>
<trkpt lat="-27.380532" lon="152.775811"><ele>491.4</ele><time>2026-01-01T01:42:49Z</time></trkpt>
<trkpt lat="-27.380423" lon="152.775799"><ele>492</ele><time>2026-01-01T01:42:53Z</time></trkpt>
<trkpt lat="-27.380362" lon="152.775789"><ele>492.3</ele><time>2026-01-01T01:42:55Z</time></trkpt>
<trkpt lat="-27.380211" lon="152.775759"><ele>493</ele><time>2026-01-01T01:43:00Z</time></trkpt>
<trkpt lat="-27.380175" lon="152.775753"><ele>493.1</ele><time>2026-01-01T01:43:01Z</time></trkpt>
<trkpt lat="-27.380148" lon="152.775748"><ele>493.2</ele><time>2026-01-01T01:43:02Z</time></trkpt>
<trkpt lat="-27.379969" lon="152.775688"><ele>493.9</ele><time>2026-01-01T01:43:08Z</time></trkpt>
<trkpt lat="-27.379797" lon="152.775635"><ele>494.5</ele><time>2026-01-01T01:43:14Z</time></trkpt>
<trkpt lat="-27.379735" lon="152.775625"><ele>494.6</ele><time>2026-01-01T01:43:16Z</time></trkpt>
<trkpt lat="-27.379608" lon="152.775609"><ele>495</ele><time>2026-01-01T01:43:20Z</time></trkpt>
<trkpt lat="-27.379576" lon="152.775584"><ele>495.1</ele><time>2026-01-01T01:43:21Z</time></trkpt>
<trkpt lat="-27.379521" lon="152.775553"><ele>495.3</ele><time>2026-01-01T01:43:23Z</time></trkpt>
<trkpt lat="-27.379478" lon="152.775543"><ele>495.4</ele><time>2026-01-01T01:43:24Z</time></trkpt>
<trkpt lat="-27.379342" lon="152.775508"><ele>495.8</ele><time>2026-01-01T01:43:28Z</time></trkpt>
<trkpt lat="-27.379254" lon="152.775446"><ele>496.3</ele><time>2026-01-01T01:43:31Z</time></trkpt>
<trkpt lat="-27.379161" lon="152.775382"><ele>497</ele><time>2026-01-01T01:43:34Z</time></trkpt>
<trkpt lat="-27.379068" lon="152.775326"><ele>497.9</ele><time>2026-01-01T01:43:37Z</time></trkpt>
<trkpt lat="-27.379012" lon="152.775285"><ele>498.6</ele><time>2026-01-01T01:43:39Z</time></trkpt>
<trkpt lat="-27.378962" lon="152.775242"><ele>499.3</ele><time>2026-01-01T01:43:41Z</time></trkpt>
<trkpt lat="-27.378888" lon="152.775157"><ele>500.5</ele><time>2026-01-01T01:43:45Z</time></trkpt>
<trkpt lat="-27.378861" lon="152.775115"><ele>501</ele><time>2026-01-01T01:43:47Z</time></trkpt>
<trkpt lat="-27.378811" lon="152.775045"><ele>502</ele><time>2026-01-01T01:43:50Z</time></trkpt>
<trkpt lat="-27.378755" lon="152.774956"><ele>503.2</ele><time>2026-01-01T01:43:54Z</time></trkpt>
<trkpt lat="-27.378749" lon="152.774938"><ele>503.4</ele><time>2026-01-01T01:43:55Z</time></trkpt>
<trkpt lat="-27.378731" lon="152.774859"><ele>504.2</ele><time>2026-01-01T01:43:58Z</time></trkpt>
<trkpt lat="-27.378724" lon="152.774802"><ele>504.8</ele><time>2026-01-01T01:44:00Z</time></trkpt>
<trkpt lat="-27.378706" lon="152.774748"><ele>505.4</ele><time>2026-01-01T01:44:02Z</time></trkpt>
<trkpt lat="-27.378697" lon="152.774719"><ele>505.7</ele><time>2026-01-01T01:44:03Z</time></trkpt>
<trkpt lat="-27.378679" lon="152.774654"><ele>506.4</ele><time>2026-01-01T01:44:05Z</time></trkpt>
<trkpt lat="-27.378671" lon="152.774621"><ele>506.7</ele><time>2026-01-01T01:44:06Z</time></trkpt>
<trkpt lat="-27.37865" lon="152.774562"><ele>507.4</ele><time>2026-01-01T01:44:08Z</time></trkpt>
<trkpt lat="-27.378649" lon="152.774541"><ele>507.6</ele><time>2026-01-01T01:44:09Z</time></trkpt>
<trkpt lat="-27.378631" lon="152.774402"><ele>509</ele><time>2026-01-01T01:44:13Z</time></trkpt>
<trkpt lat="-27.378608" lon="152.774353"><ele>509.5</ele><time>2026-01-01T01:44:15Z</time></trkpt>
<trkpt lat="-27.378604" lon="152.774323"><ele>509.8</ele><time>2026-01-01T01:44:16Z</time></trkpt>
<trkpt lat="-27.3786" lon="152.774294"><ele>510.1</ele><time>2026-01-01T01:44:17Z</time></trkpt>
<trkpt lat="-27.378613" lon="152.774167"><ele>511.3</ele><time>2026-01-01T01:44:21Z</time></trkpt>
<trkpt lat="-27.378618" lon="152.774091"><ele>512</ele><time>2026-01-01T01:44:23Z</time></trkpt>
<trkpt lat="-27.378614" lon="152.77405"><ele>512.4</ele><time>2026-01-01T01:44:24Z</time></trkpt>
<trkpt lat="-27.378591" lon="152.773934"><ele>513.6</ele><time>2026-01-01T01:44:29Z</time></trkpt>
<trkpt lat="-27.378589" lon="152.773912"><ele>513.8</ele><time>2026-01-01T01:44:30Z</time></trkpt>
<trkpt lat="-27.378552" lon="152.773844"><ele>514.6</ele><time>2026-01-01T01:44:34Z</time></trkpt>
<trkpt lat="-27.378564" lon="152.773743"><ele>515.7</ele><time>2026-01-01T01:44:39Z</time></trkpt>
<trkpt lat="-27.378581" lon="152.773701"><ele>516.2</ele><time>2026-01-01T01:44:41Z</time></trkpt>
<trkpt lat="-27.378607" lon="152.77364"><ele>516.9</ele><time>2026-01-01T01:44:44Z</time></trkpt>
<trkpt lat="-27.37869" lon="152.773558"><ele>518.2</ele><time>2026-01-01T01:44:49Z</time></trkpt>
<trkpt lat="-27.378751" lon="152.773485"><ele>519.3</ele><time>2026-01-01T01:44:53Z</time></trkpt>
<trkpt lat="-27.378764" lon="152.773469"><ele>519.6</ele><time>2026-01-01T01:44:54Z</time></trkpt>
<trkpt lat="-27.378777" lon="152.773453"><ele>519.8</ele><time>2026-01-01T01:44:55Z</time></trkpt>
<trkpt lat="-27.378818" lon="152.773408"><ele>520.6</ele><time>2026-01-01T01:44:58Z</time></trkpt>
<trkpt lat="-27.37888" lon="152.773338"><ele>521.7</ele><time>2026-01-01T01:45:02Z</time></trkpt>
<trkpt lat="-27.378981" lon="152.773221"><ele>523.6</ele><time>2026-01-01T01:45:05Z</time></trkpt>
<trkpt lat="-27.379002" lon="152.773187"><ele>524</ele><time>2026-01-01T01:45:06Z</time></trkpt>
<trkpt lat="-27.379014" lon="152.773155"><ele>524.4</ele><time>2026-01-01T01:45:08Z</time></trkpt>
<trkpt lat="-27.379014" lon="152.773116"><ele>524.7</ele><time>2026-01-01T01:45:10Z</time></trkpt>
<trkpt lat="-27.379024" lon="152.773085"><ele>525</ele><time>2026-01-01T01:45:11Z</time></trkpt>
<trkpt lat="-27.37903" lon="152.772985"><ele>525.8</ele><time>2026-01-01T01:45:15Z</time></trkpt>
<trkpt lat="-27.379028" lon="152.772962"><ele>525.9</ele><time>2026-01-01T01:45:16Z</time></trkpt>
<trkpt lat="-27.379028" lon="152.772938"><ele>526.1</ele><time>2026-01-01T01:45:17Z</time></trkpt>
<trkpt lat="-27.379004" lon="152.772775"><ele>526.9</ele><time>2026-01-01T01:45:23Z</time></trkpt>
<trkpt lat="-27.378985" lon="152.772604"><ele>527.3</ele><time>2026-01-01T01:45:29Z</time></trkpt>
<trkpt lat="-27.378981" lon="152.772544"><ele>527.3</ele><time>2026-01-01T01:45:31Z</time></trkpt>
<trkpt lat="-27.378968" lon="152.772454"><ele>527.1</ele><time>2026-01-01T01:45:34Z</time></trkpt>
<trkpt lat="-27.378931" lon="152.772185"><ele>525.6</ele><time>2026-01-01T01:45:40Z</time></trkpt>
<trkpt lat="-27.378937" lon="152.771976"><ele>523.9</ele><time>2026-01-01T01:45:43Z</time></trkpt>
<trkpt lat="-27.378951" lon="152.771779"><ele>522.2</ele><time>2026-01-01T01:45:45Z</time></trkpt>
<trkpt lat="-27.378974" lon="152.771579"><ele>520.5</ele><time>2026-01-01T01:45:47Z</time></trkpt>
<trkpt lat="-27.379002" lon="152.77147"><ele>519.6</ele><time>2026-01-01T01:45:48Z</time></trkpt>
<trkpt lat="-27.379019" lon="152.771377"><ele>519</ele><time>2026-01-01T01:45:49Z</time></trkpt>
<trkpt lat="-27.379042" lon="152.771273"><ele>518.2</ele><time>2026-01-01T01:45:50Z</time></trkpt>
<trkpt lat="-27.379075" lon="152.771157"><ele>517.4</ele><time>2026-01-01T01:45:51Z</time></trkpt>
<trkpt lat="-27.379122" lon="152.770915"><ele>515.8</ele><time>2026-01-01T01:45:53Z</time></trkpt>
<trkpt lat="-27.379157" lon="152.770782"><ele>515.1</ele><time>2026-01-01T01:45:54Z</time></trkpt>
<trkpt lat="-27.379196" lon="152.770647"><ele>514.7</ele><time>2026-01-01T01:45:55Z</time></trkpt>
<trkpt lat="-27.379193" lon="152.770452"><ele>514.4</ele><time>2026-01-01T01:45:56Z</time></trkpt>
<trkpt lat="-27.379167" lon="152.770295"><ele>514.3</ele><time>2026-01-01T01:45:57Z</time></trkpt>
<trkpt lat="-27.37911" lon="152.77006"><ele>514.3</ele><time>2026-01-01T01:45:59Z</time></trkpt>
<trkpt lat="-27.379063" lon="152.769956"><ele>514.5</ele><time>2026-01-01T01:46:00Z</time></trkpt>
<trkpt lat="-27.378964" lon="152.769761"><ele>515</ele><time>2026-01-01T01:46:02Z</time></trkpt>
<trkpt lat="-27.378849" lon="152.769585"><ele>516</ele><time>2026-01-01T01:46:04Z</time></trkpt>
<trkpt lat="-27.378786" lon="152.769528"><ele>516.6</ele><time>2026-01-01T01:46:05Z</time></trkpt>
<trkpt lat="-27.378723" lon="152.769498"><ele>517.1</ele><time>2026-01-01T01:46:06Z</time></trkpt>
<trkpt lat="-27.378606" lon="152.769412"><ele>518.3</ele><time>2026-01-01T01:46:08Z</time></trkpt>
<trkpt lat="-27.378548" lon="152.769374"><ele>518.8</ele><time>2026-01-01T01:46:09Z</time></trkpt>
<trkpt lat="-27.378487" lon="152.769324"><ele>519.5</ele><time>2026-01-01T01:46:10Z</time></trkpt>
<trkpt lat="-27.378392" lon="152.769279"><ele>520.3</ele><time>2026-01-01T01:46:12Z</time></trkpt>
<trkpt lat="-27.378348" lon="152.769257"><ele>520.6</ele><time>2026-01-01T01:46:13Z</time></trkpt>
<trkpt lat="-27.378209" lon="152.769188"><ele>521.8</ele><time>2026-01-01T01:46:16Z</time></trkpt>
<trkpt lat="-27.378168" lon="152.769161"><ele>522.1</ele><time>2026-01-01T01:46:17Z</time></trkpt>
<trkpt lat="-27.378048" lon="152.769036"><ele>523.2</ele><time>2026-01-01T01:46:21Z</time></trkpt>
<trkpt lat="-27.377972" lon="152.768936"><ele>524</ele><time>2026-01-01T01:46:24Z</time></trkpt>
<trkpt lat="-27.377936" lon="152.768891"><ele>524.3</ele><time>2026-01-01T01:46:25Z</time></trkpt>
<trkpt lat="-27.377873" lon="152.768808"><ele>524.9</ele><time>2026-01-01T01:46:27Z</time></trkpt>
<trkpt lat="-27.377836" lon="152.76876"><ele>525.2</ele><time>2026-01-01T01:46:28Z</time></trkpt>
<trkpt lat="-27.377745" lon="152.768653"><ele>526</ele><time>2026-01-01T01:46:31Z</time></trkpt>
<trkpt lat="-27.377644" lon="152.768574"><ele>526.7</ele><time>2026-01-01T01:46:34Z</time></trkpt>
<trkpt lat="-27.377602" lon="152.768535"><ele>527</ele><time>2026-01-01T01:46:36Z</time></trkpt>
<trkpt lat="-27.377496" lon="152.768385"><ele>527.8</ele><time>2026-01-01T01:46:40Z</time></trkpt>
<trkpt lat="-27.377407" lon="152.768289"><ele>528.1</ele><time>2026-01-01T01:46:43Z</time></trkpt>
<trkpt lat="-27.37724" lon="152.76802"><ele>529.3</ele><time>2026-01-01T01:46:49Z</time></trkpt>
<trkpt lat="-27.377117" lon="152.767901"><ele>530.3</ele><time>2026-01-01T01:46:53Z</time></trkpt>
<trkpt lat="-27.37709" lon="152.767863"><ele>530.5</ele><time>2026-01-01T01:46:54Z</time></trkpt>
<trkpt lat="-27.377039" lon="152.767797"><ele>531</ele><time>2026-01-01T01:46:56Z</time></trkpt>
<trkpt lat="-27.376966" lon="152.767676"><ele>531.8</ele><time>2026-01-01T01:47:00Z</time></trkpt>
<trkpt lat="-27.376924" lon="152.767616"><ele>532.1</ele><time>2026-01-01T01:47:02Z</time></trkpt>
<trkpt lat="-27.376903" lon="152.767589"><ele>532.2</ele><time>2026-01-01T01:47:03Z</time></trkpt>
<trkpt lat="-27.376815" lon="152.767473"><ele>532.6</ele><time>2026-01-01T01:47:06Z</time></trkpt>
<trkpt lat="-27.37679" lon="152.767445"><ele>532.6</ele><time>2026-01-01T01:47:07Z</time></trkpt>
<trkpt lat="-27.376685" lon="152.76733"><ele>532.7</ele><time>2026-01-01T01:47:10Z</time></trkpt>
<trkpt lat="-27.376628" lon="152.767259"><ele>532.6</ele><time>2026-01-01T01:47:12Z</time></trkpt>
<trkpt lat="-27.376449" lon="152.766994"><ele>531.5</ele><time>2026-01-01T01:47:17Z</time></trkpt>
<trkpt lat="-27.376342" lon="152.766812"><ele>530.1</ele><time>2026-01-01T01:47:20Z</time></trkpt>
<trkpt lat="-27.376254" lon="152.76667"><ele>528.8</ele><time>2026-01-01T01:47:22Z</time></trkpt>
<trkpt lat="-27.376196" lon="152.766591"><ele>527.9</ele><time>2026-01-01T01:47:23Z</time></trkpt>
<trkpt lat="-27.376138" lon="152.766515"><ele>526.9</ele><time>2026-01-01T01:47:24Z</time></trkpt>
<trkpt lat="-27.376063" lon="152.766427"><ele>525.6</ele><time>2026-01-01T01:47:25Z</time></trkpt>
<trkpt lat="-27.375984" lon="152.766336"><ele>524.1</ele><time>2026-01-01T01:47:26Z</time></trkpt>
<trkpt lat="-27.375825" lon="152.766162"><ele>521.2</ele><time>2026-01-01T01:47:28Z</time></trkpt>
<trkpt lat="-27.375743" lon="152.766065"><ele>519.6</ele><time>2026-01-01T01:47:29Z</time></trkpt>
<trkpt lat="-27.375661" lon="152.765972"><ele>518</ele><time>2026-01-01T01:47:30Z</time></trkpt>
<trkpt lat="-27.375488" lon="152.765792"><ele>514.6</ele><time>2026-01-01T01:47:32Z</time></trkpt>
<trkpt lat="-27.375405" lon="152.765694"><ele>512.7</ele><time>2026-01-01T01:47:33Z</time></trkpt>
<trkpt lat="-27.375251" lon="152.765521"><ele>508.5</ele><time>2026-01-01T01:47:35Z</time></trkpt>
<trkpt lat="-27.375146" lon="152.765393"><ele>505.6</ele><time>2026-01-01T01:47:36Z</time></trkpt>
<trkpt lat="-27.374952" lon="152.76517"><ele>501.2</ele><time>2026-01-01T01:47:38Z</time></trkpt>
<trkpt lat="-27.374852" lon="152.765057"><ele>499.4</ele><time>2026-01-01T01:47:39Z</time></trkpt>
<trkpt lat="-27.374755" lon="152.764947"><ele>498</ele><time>2026-01-01T01:47:40Z</time></trkpt>
<trkpt lat="-27.374366" lon="152.764542"><ele>496</ele><time>2026-01-01T01:47:44Z</time></trkpt>
<trkpt lat="-27.374275" lon="152.764461"><ele>496.1</ele><time>2026-01-01T01:47:45Z</time></trkpt>
<trkpt lat="-27.373931" lon="152.764189"><ele>498.7</ele><time>2026-01-01T01:47:49Z</time></trkpt>
<trkpt lat="-27.373846" lon="152.764135"><ele>499.7</ele><time>2026-01-01T01:47:50Z</time></trkpt>
<trkpt lat="-27.373612" lon="152.764005"><ele>502.6</ele><time>2026-01-01T01:47:53Z</time></trkpt>
<trkpt lat="-27.373278" lon="152.7638"><ele>508.2</ele><time>2026-01-01T01:47:58Z</time></trkpt>
<trkpt lat="-27.373232" lon="152.763776"><ele>509.1</ele><time>2026-01-01T01:47:59Z</time></trkpt>
<trkpt lat="-27.373122" lon="152.7637"><ele>511.1</ele><time>2026-01-01T01:48:01Z</time></trkpt>
<trkpt lat="-27.373042" lon="152.763639"><ele>512.6</ele><time>2026-01-01T01:48:03Z</time></trkpt>
<trkpt lat="-27.373012" lon="152.763615"><ele>513.2</ele><time>2026-01-01T01:48:04Z</time></trkpt>
<trkpt lat="-27.372938" lon="152.763566"><ele>514.4</ele><time>2026-01-01T01:48:06Z</time></trkpt>
<trkpt lat="-27.372901" lon="152.763532"><ele>515.1</ele><time>2026-01-01T01:48:07Z</time></trkpt>
<trkpt lat="-27.372837" lon="152.763469"><ele>516.3</ele><time>2026-01-01T01:48:09Z</time></trkpt>
<trkpt lat="-27.372771" lon="152.763411"><ele>517.4</ele><time>2026-01-01T01:48:11Z</time></trkpt>
<trkpt lat="-27.372649" lon="152.763308"><ele>519.2</ele><time>2026-01-01T01:48:15Z</time></trkpt>
<trkpt lat="-27.37262" lon="152.763285"><ele>519.7</ele><time>2026-01-01T01:48:16Z</time></trkpt>
<trkpt lat="-27.372452" lon="152.763177"><ele>522</ele><time>2026-01-01T01:48:21Z</time></trkpt>
<trkpt lat="-27.372407" lon="152.763137"><ele>522.6</ele><time>2026-01-01T01:48:23Z</time></trkpt>
<trkpt lat="-27.372379" lon="152.763101"><ele>523.2</ele><time>2026-01-01T01:48:24Z</time></trkpt>
<trkpt lat="-27.37231" lon="152.763009"><ele>524.4</ele><time>2026-01-01T01:48:28Z</time></trkpt>
<trkpt lat="-27.372298" lon="152.762988"><ele>524.6</ele><time>2026-01-01T01:48:29Z</time></trkpt>
<trkpt lat="-27.372208" lon="152.762873"><ele>526</ele><time>2026-01-01T01:48:33Z</time></trkpt>
<trkpt lat="-27.372091" lon="152.762753"><ele>527.4</ele><time>2026-01-01T01:48:37Z</time></trkpt>
<trkpt lat="-27.372023" lon="152.762674"><ele>528.1</ele><time>2026-01-01T01:48:40Z</time></trkpt>
<trkpt lat="-27.371993" lon="152.76265"><ele>528.3</ele><time>2026-01-01T01:48:41Z</time></trkpt>
<trkpt lat="-27.371755" lon="152.762462"><ele>529.2</ele><time>2026-01-01T01:48:49Z</time></trkpt>
<trkpt lat="-27.371596" lon="152.762363"><ele>529.2</ele><time>2026-01-01T01:48:53Z</time></trkpt>
<trkpt lat="-27.371479" lon="152.762275"><ele>528.8</ele><time>2026-01-01T01:48:56Z</time></trkpt>
<trkpt lat="-27.371195" lon="152.762019"><ele>526.8</ele><time>2026-01-01T01:49:02Z</time></trkpt>
<trkpt lat="-27.371103" lon="152.761968"><ele>526</ele><time>2026-01-01T01:49:04Z</time></trkpt>
<trkpt lat="-27.371039" lon="152.761959"><ele>525.4</ele><time>2026-01-01T01:49:05Z</time></trkpt>
<trkpt lat="-27.370926" lon="152.761941"><ele>524.2</ele><time>2026-01-01T01:49:07Z</time></trkpt>
<trkpt lat="-27.370846" lon="152.761896"><ele>523.2</ele><time>2026-01-01T01:49:08Z</time></trkpt>
<trkpt lat="-27.370606" lon="152.761808"><ele>520</ele><time>2026-01-01T01:49:11Z</time></trkpt>
<trkpt lat="-27.370516" lon="152.761805"><ele>518.9</ele><time>2026-01-01T01:49:12Z</time></trkpt>
<trkpt lat="-27.370417" lon="152.761807"><ele>517.6</ele><time>2026-01-01T01:49:13Z</time></trkpt>
<trkpt lat="-27.370306" lon="152.761828"><ele>516.1</ele><time>2026-01-01T01:49:14Z</time></trkpt>
<trkpt lat="-27.370199" lon="152.761864"><ele>514.6</ele><time>2026-01-01T01:49:15Z</time></trkpt>
<trkpt lat="-27.369983" lon="152.761972"><ele>511.5</ele><time>2026-01-01T01:49:17Z</time></trkpt>
<trkpt lat="-27.369852" lon="152.762003"><ele>509.8</ele><time>2026-01-01T01:49:18Z</time></trkpt>
<trkpt lat="-27.369764" lon="152.762018"><ele>508.7</ele><time>2026-01-01T01:49:19Z</time></trkpt>
<trkpt lat="-27.369642" lon="152.762048"><ele>507.1</ele><time>2026-01-01T01:49:20Z</time></trkpt>
<trkpt lat="-27.369522" lon="152.762088"><ele>505.5</ele><time>2026-01-01T01:49:21Z</time></trkpt>
<trkpt lat="-27.369399" lon="152.762137"><ele>504</ele><time>2026-01-01T01:49:22Z</time></trkpt>
<trkpt lat="-27.369262" lon="152.762204"><ele>502.4</ele><time>2026-01-01T01:49:23Z</time></trkpt>
<trkpt lat="-27.369145" lon="152.762271"><ele>501.3</ele><time>2026-01-01T01:49:24Z</time></trkpt>
<trkpt lat="-27.368877" lon="152.762405"><ele>499.6</ele><time>2026-01-01T01:49:26Z</time></trkpt>
<trkpt lat="-27.36863" lon="152.762523"><ele>499</ele><time>2026-01-01T01:49:28Z</time></trkpt>
<trkpt lat="-27.368388" lon="152.762623"><ele>498.5</ele><time>2026-01-01T01:49:30Z</time></trkpt>
<trkpt lat="-27.36815" lon="152.762711"><ele>498.1</ele><time>2026-01-01T01:49:32Z</time></trkpt>
<trkpt lat="-27.367915" lon="152.762795"><ele>497.7</ele><time>2026-01-01T01:49:34Z</time></trkpt>
<trkpt lat="-27.367689" lon="152.762864"><ele>497.4</ele><time>2026-01-01T01:49:36Z</time></trkpt>
<trkpt lat="-27.367588" lon="152.762885"><ele>497.2</ele><time>2026-01-01T01:49:37Z</time></trkpt>
<trkpt lat="-27.367481" lon="152.762889"><ele>497.1</ele><time>2026-01-01T01:49:38Z</time></trkpt>
<trkpt lat="-27.367384" lon="152.762879"><ele>497</ele><time>2026-01-01T01:49:39Z</time></trkpt>
<trkpt lat="-27.367294" lon="152.762862"><ele>496.8</ele><time>2026-01-01T01:49:40Z</time></trkpt>
<trkpt lat="-27.367105" lon="152.762804"><ele>496.6</ele><time>2026-01-01T01:49:42Z</time></trkpt>
<trkpt lat="-27.367006" lon="152.762763"><ele>496.6</ele><time>2026-01-01T01:49:43Z</time></trkpt>
<trkpt lat="-27.366806" lon="152.762643"><ele>497.1</ele><time>2026-01-01T01:49:45Z</time></trkpt>
<trkpt lat="-27.366728" lon="152.762573"><ele>497.4</ele><time>2026-01-01T01:49:46Z</time></trkpt>
<trkpt lat="-27.366658" lon="152.762491"><ele>498</ele><time>2026-01-01T01:49:47Z</time></trkpt>
<trkpt lat="-27.366535" lon="152.762339"><ele>499.3</ele><time>2026-01-01T01:49:49Z</time></trkpt>
<trkpt lat="-27.3665" lon="152.762281"><ele>499.8</ele><time>2026-01-01T01:49:50Z</time></trkpt>
<trkpt lat="-27.36637" lon="152.762038"><ele>502.1</ele><time>2026-01-01T01:49:53Z</time></trkpt>
<trkpt lat="-27.366319" lon="152.761951"><ele>503</ele><time>2026-01-01T01:49:54Z</time></trkpt>
<trkpt lat="-27.366284" lon="152.761883"><ele>503.6</ele><time>2026-01-01T01:49:55Z</time></trkpt>
<trkpt lat="-27.366258" lon="152.761836"><ele>504.1</ele><time>2026-01-01T01:49:56Z</time></trkpt>
<trkpt lat="-27.366191" lon="152.761712"><ele>505.3</ele><time>2026-01-01T01:49:58Z</time></trkpt>
<trkpt lat="-27.366161" lon="152.761654"><ele>505.9</ele><time>2026-01-01T01:49:59Z</time></trkpt>
<trkpt lat="-27.365994" lon="152.761307"><ele>508.9</ele><time>2026-01-01T01:50:05Z</time></trkpt>
<trkpt lat="-27.365897" lon="152.761168"><ele>509.8</ele><time>2026-01-01T01:50:08Z</time></trkpt>
<trkpt lat="-27.365854" lon="152.761117"><ele>510.2</ele><time>2026-01-01T01:50:09Z</time></trkpt>
<trkpt lat="-27.36577" lon="152.761011"><ele>510.7</ele><time>2026-01-01T01:50:11Z</time></trkpt>
<trkpt lat="-27.365631" lon="152.760855"><ele>511.1</ele><time>2026-01-01T01:50:14Z</time></trkpt>
<trkpt lat="-27.365494" lon="152.760736"><ele>511.2</ele><time>2026-01-01T01:50:16Z</time></trkpt>
<trkpt lat="-27.36544" lon="152.760699"><ele>511.1</ele><time>2026-01-01T01:50:17Z</time></trkpt>
<trkpt lat="-27.365318" lon="152.760619"><ele>511.1</ele><time>2026-01-01T01:50:19Z</time></trkpt>
<trkpt lat="-27.365107" lon="152.760522"><ele>511.1</ele><time>2026-01-01T01:50:22Z</time></trkpt>
<trkpt lat="-27.364697" lon="152.760354"><ele>511.2</ele><time>2026-01-01T01:50:28Z</time></trkpt>
<trkpt lat="-27.36451" lon="152.760286"><ele>511.1</ele><time>2026-01-01T01:50:31Z</time></trkpt>
<trkpt lat="-27.364307" lon="152.760215"><ele>510.6</ele><time>2026-01-01T01:50:34Z</time></trkpt>
<trkpt lat="-27.364161" lon="152.760198"><ele>510</ele><time>2026-01-01T01:50:36Z</time></trkpt>
<trkpt lat="-27.364012" lon="152.760185"><ele>509.2</ele><time>2026-01-01T01:50:38Z</time></trkpt>
<trkpt lat="-27.363953" lon="152.760181"><ele>508.8</ele><time>2026-01-01T01:50:39Z</time></trkpt>
<trkpt lat="-27.363695" lon="152.760174"><ele>506.8</ele><time>2026-01-01T01:50:42Z</time></trkpt>
<trkpt lat="-27.363529" lon="152.760183"><ele>505.4</ele><time>2026-01-01T01:50:44Z</time></trkpt>
<trkpt lat="-27.363436" lon="152.760203"><ele>504.6</ele><time>2026-01-01T01:50:45Z</time></trkpt>
<trkpt lat="-27.363228" lon="152.760258"><ele>502.7</ele><time>2026-01-01T01:50:47Z</time></trkpt>
<trkpt lat="-27.363119" lon="152.760278"><ele>501.7</ele><time>2026-01-01T01:50:48Z</time></trkpt>
<trkpt lat="-27.362989" lon="152.760321"><ele>500.4</ele><time>2026-01-01T01:50:49Z</time></trkpt>
<trkpt lat="-27.362808" lon="152.760427"><ele>498.5</ele><time>2026-01-01T01:50:51Z</time></trkpt>
<trkpt lat="-27.362701" lon="152.76052"><ele>497.3</ele><time>2026-01-01T01:50:52Z</time></trkpt>
<trkpt lat="-27.362512" lon="152.760714"><ele>496</ele><time>2026-01-01T01:50:54Z</time></trkpt>
<trkpt lat="-27.362334" lon="152.760909"><ele>495.9</ele><time>2026-01-01T01:50:56Z</time></trkpt>
<trkpt lat="-27.362263" lon="152.760996"><ele>496.1</ele><time>2026-01-01T01:50:57Z</time></trkpt>
<trkpt lat="-27.362197" lon="152.761086"><ele>496.3</ele><time>2026-01-01T01:50:58Z</time></trkpt>
<trkpt lat="-27.362134" lon="152.761165"><ele>496.5</ele><time>2026-01-01T01:50:59Z</time></trkpt>
<trkpt lat="-27.362" lon="152.761292"><ele>496.9</ele><time>2026-01-01T01:51:01Z</time></trkpt>
<trkpt lat="-27.361842" lon="152.761414"><ele>497.2</ele><time>2026-01-01T01:51:03Z</time></trkpt>
<trkpt lat="-27.361757" lon="152.761461"><ele>497.2</ele><time>2026-01-01T01:51:04Z</time></trkpt>
<trkpt lat="-27.361469" lon="152.761664"><ele>497.4</ele><time>2026-01-01T01:51:08Z</time></trkpt>
<trkpt lat="-27.361415" lon="152.761686"><ele>497.6</ele><time>2026-01-01T01:51:09Z</time></trkpt>
<trkpt lat="-27.361342" lon="152.761727"><ele>497.8</ele><time>2026-01-01T01:51:10Z</time></trkpt>
<trkpt lat="-27.361205" lon="152.76175"><ele>498.4</ele><time>2026-01-01T01:51:12Z</time></trkpt>
<trkpt lat="-27.36079" lon="152.761796"><ele>500</ele><time>2026-01-01T01:51:18Z</time></trkpt>
<trkpt lat="-27.360654" lon="152.761832"><ele>500</ele><time>2026-01-01T01:51:20Z</time></trkpt>
<trkpt lat="-27.36048" lon="152.761946"><ele>499.7</ele><time>2026-01-01T01:51:23Z</time></trkpt>
<trkpt lat="-27.36027" lon="152.762151"><ele>498.8</ele><time>2026-01-01T01:51:27Z</time></trkpt>
<trkpt lat="-27.360156" lon="152.762244"><ele>498.2</ele><time>2026-01-01T01:51:29Z</time></trkpt>
<trkpt lat="-27.360072" lon="152.762305"><ele>497.6</ele><time>2026-01-01T01:51:30Z</time></trkpt>
<trkpt lat="-27.35993" lon="152.762396"><ele>496.7</ele><time>2026-01-01T01:51:32Z</time></trkpt>
<trkpt lat="-27.359765" lon="152.762444"><ele>495.5</ele><time>2026-01-01T01:51:34Z</time></trkpt>
<trkpt lat="-27.359481" lon="152.762482"><ele>493.2</ele><time>2026-01-01T01:51:37Z</time></trkpt>
<trkpt lat="-27.359379" lon="152.762496"><ele>492.3</ele><time>2026-01-01T01:51:38Z</time></trkpt>
<trkpt lat="-27.359273" lon="152.762509"><ele>491.4</ele><time>2026-01-01T01:51:39Z</time></trkpt>
<trkpt lat="-27.359057" lon="152.762544"><ele>489.6</ele><time>2026-01-01T01:51:41Z</time></trkpt>
<trkpt lat="-27.358839" lon="152.762589"><ele>488</ele><time>2026-01-01T01:51:43Z</time></trkpt>
<trkpt lat="-27.358751" lon="152.762612"><ele>487.5</ele><time>2026-01-01T01:51:44Z</time></trkpt>
<trkpt lat="-27.358621" lon="152.762648"><ele>486.7</ele><time>2026-01-01T01:51:45Z</time></trkpt>
<trkpt lat="-27.358505" lon="152.762675"><ele>485.8</ele><time>2026-01-01T01:51:46Z</time></trkpt>
<trkpt lat="-27.358384" lon="152.762691"><ele>484.9</ele><time>2026-01-01T01:51:47Z</time></trkpt>
<trkpt lat="-27.358144" lon="152.762707"><ele>482.6</ele><time>2026-01-01T01:51:49Z</time></trkpt>
<trkpt lat="-27.357888" lon="152.762687"><ele>480</ele><time>2026-01-01T01:51:51Z</time></trkpt>
<trkpt lat="-27.357762" lon="152.762656"><ele>478.8</ele><time>2026-01-01T01:51:52Z</time></trkpt>
<trkpt lat="-27.357634" lon="152.762617"><ele>477.8</ele><time>2026-01-01T01:51:53Z</time></trkpt>
<trkpt lat="-27.357505" lon="152.762557"><ele>476.8</ele><time>2026-01-01T01:51:54Z</time></trkpt>
<trkpt lat="-27.357286" lon="152.762432"><ele>475.3</ele><time>2026-01-01T01:51:56Z</time></trkpt>
<trkpt lat="-27.357047" lon="152.762282"><ele>474.3</ele><time>2026-01-01T01:51:58Z</time></trkpt>
<trkpt lat="-27.356835" lon="152.76215"><ele>473.9</ele><time>2026-01-01T01:52:00Z</time></trkpt>
<trkpt lat="-27.35663" lon="152.762051"><ele>473.5</ele><time>2026-01-01T01:52:02Z</time></trkpt>
<trkpt lat="-27.356533" lon="152.762022"><ele>473.3</ele><time>2026-01-01T01:52:03Z</time></trkpt>
<trkpt lat="-27.35646" lon="152.762009"><ele>473.2</ele><time>2026-01-01T01:52:04Z</time></trkpt>
<trkpt lat="-27.356271" lon="152.762005"><ele>472.7</ele><time>2026-01-01T01:52:06Z</time></trkpt>
<trkpt lat="-27.356178" lon="152.762018"><ele>472.5</ele><time>2026-01-01T01:52:07Z</time></trkpt>
<trkpt lat="-27.355989" lon="152.762088"><ele>471.9</ele><time>2026-01-01T01:52:09Z</time></trkpt>
<trkpt lat="-27.355843" lon="152.762225"><ele>471.3</ele><time>2026-01-01T01:52:11Z</time></trkpt>
<trkpt lat="-27.355771" lon="152.762298"><ele>470.9</ele><time>2026-01-01T01:52:12Z</time></trkpt>
<trkpt lat="-27.35553" lon="152.762563"><ele>468.9</ele><time>2026-01-01T01:52:15Z</time></trkpt>
<trkpt lat="-27.355435" lon="152.762617"><ele>468.1</ele><time>2026-01-01T01:52:16Z</time></trkpt>
<trkpt lat="-27.355348" lon="152.762651"><ele>467.4</ele><time>2026-01-01T01:52:17Z</time></trkpt>
<trkpt lat="-27.355219" lon="152.76269"><ele>466.3</ele><time>2026-01-01T01:52:18Z</time></trkpt>
<trkpt lat="-27.354889" lon="152.762782"><ele>463.2</ele><time>2026-01-01T01:52:21Z</time></trkpt>
<trkpt lat="-27.354667" lon="152.762868"><ele>461.1</ele><time>2026-01-01T01:52:23Z</time></trkpt>
<trkpt lat="-27.354585" lon="152.762915"><ele>460.3</ele><time>2026-01-01T01:52:24Z</time></trkpt>
<trkpt lat="-27.354463" lon="152.762999"><ele>459.1</ele><time>2026-01-01T01:52:25Z</time></trkpt>
<trkpt lat="-27.354233" lon="152.763171"><ele>457.1</ele><time>2026-01-01T01:52:27Z</time></trkpt>
<trkpt lat="-27.354167" lon="152.763254"><ele>456.5</ele><time>2026-01-01T01:52:28Z</time></trkpt>
<trkpt lat="-27.354078" lon="152.763375"><ele>455.7</ele><time>2026-01-01T01:52:29Z</time></trkpt>
<trkpt lat="-27.354034" lon="152.763493"><ele>455.2</ele><time>2026-01-01T01:52:30Z</time></trkpt>
<trkpt lat="-27.353963" lon="152.763712"><ele>454.8</ele><time>2026-01-01T01:52:32Z</time></trkpt>
<trkpt lat="-27.353862" lon="152.764095"><ele>456.4</ele><time>2026-01-01T01:52:35Z</time></trkpt>
<trkpt lat="-27.353834" lon="152.764183"><ele>457.2</ele><time>2026-01-01T01:52:36Z</time></trkpt>
<trkpt lat="-27.353677" lon="152.764556"><ele>460.2</ele><time>2026-01-01T01:52:40Z</time></trkpt>
<trkpt lat="-27.353507" lon="152.76485"><ele>461.2</ele><time>2026-01-01T01:52:45Z</time></trkpt>
<trkpt lat="-27.353445" lon="152.764964"><ele>461</ele><time>2026-01-01T01:52:47Z</time></trkpt>
<trkpt lat="-27.353371" lon="152.765109"><ele>460.2</ele><time>2026-01-01T01:52:49Z</time></trkpt>
<trkpt lat="-27.353296" lon="152.76523"><ele>459.3</ele><time>2026-01-01T01:52:51Z</time></trkpt>
<trkpt lat="-27.353155" lon="152.76542"><ele>458</ele><time>2026-01-01T01:52:54Z</time></trkpt>
<trkpt lat="-27.353093" lon="152.765486"><ele>457.7</ele><time>2026-01-01T01:52:55Z</time></trkpt>
<trkpt lat="-27.352795" lon="152.765813"><ele>460.1</ele><time>2026-01-01T01:53:00Z</time></trkpt>
<trkpt lat="-27.352713" lon="152.765882"><ele>461.6</ele><time>2026-01-01T01:53:02Z</time></trkpt>
<trkpt lat="-27.352672" lon="152.765908"><ele>462.3</ele><time>2026-01-01T01:53:03Z</time></trkpt>
<trkpt lat="-27.352599" lon="152.765958"><ele>463.7</ele><time>2026-01-01T01:53:05Z</time></trkpt>
<trkpt lat="-27.352548" lon="152.765991"><ele>464.7</ele><time>2026-01-01T01:53:07Z</time></trkpt>
<trkpt lat="-27.352455" lon="152.76606"><ele>466.6</ele><time>2026-01-01T01:53:10Z</time></trkpt>
<trkpt lat="-27.352361" lon="152.766111"><ele>468.3</ele><time>2026-01-01T01:53:13Z</time></trkpt>
<trkpt lat="-27.352332" lon="152.76613"><ele>468.8</ele><time>2026-01-01T01:53:14Z</time></trkpt>
<trkpt lat="-27.352213" lon="152.766175"><ele>470.6</ele><time>2026-01-01T01:53:18Z</time></trkpt>
<trkpt lat="-27.352179" lon="152.766186"><ele>471.1</ele><time>2026-01-01T01:53:19Z</time></trkpt>
<trkpt lat="-27.352112" lon="152.766201"><ele>472</ele><time>2026-01-01T01:53:21Z</time></trkpt>
<trkpt lat="-27.352025" lon="152.766243"><ele>473.1</ele><time>2026-01-01T01:53:24Z</time></trkpt>
<trkpt lat="-27.351981" lon="152.766259"><ele>473.6</ele><time>2026-01-01T01:53:25Z</time></trkpt>
<trkpt lat="-27.351917" lon="152.766276"><ele>474.3</ele><time>2026-01-01T01:53:27Z</time></trkpt>
<trkpt lat="-27.351874" lon="152.766306"><ele>474.9</ele><time>2026-01-01T01:53:28Z</time></trkpt>
<trkpt lat="-27.351849" lon="152.766317"><ele>475.2</ele><time>2026-01-01T01:53:29Z</time></trkpt>
<trkpt lat="-27.351758" lon="152.766333"><ele>476.2</ele><time>2026-01-01T01:53:32Z</time></trkpt>
<trkpt lat="-27.351689" lon="152.766384"><ele>477.1</ele><time>2026-01-01T01:53:35Z</time></trkpt>
<trkpt lat="-27.351687" lon="152.766398"><ele>477.2</ele><time>2026-01-01T01:53:36Z</time></trkpt>
<trkpt lat="-27.351675" lon="152.766416"><ele>477.4</ele><time>2026-01-01T01:53:37Z</time></trkpt>
<trkpt lat="-27.351618" lon="152.76648"><ele>478.3</ele><time>2026-01-01T01:53:41Z</time></trkpt>
<trkpt lat="-27.351606" lon="152.766494"><ele>478.5</ele><time>2026-01-01T01:53:42Z</time></trkpt>
<trkpt lat="-27.351528" lon="152.766545"><ele>479.5</ele><time>2026-01-01T01:53:46Z</time></trkpt>
<trkpt lat="-27.351512" lon="152.766559"><ele>479.7</ele><time>2026-01-01T01:53:47Z</time></trkpt>
<trkpt lat="-27.351499" lon="152.766573"><ele>479.9</ele><time>2026-01-01T01:53:48Z</time></trkpt>
<trkpt lat="-27.351482" lon="152.76659"><ele>480.2</ele><time>2026-01-01T01:53:49Z</time></trkpt>
<trkpt lat="-27.351466" lon="152.766609"><ele>480.5</ele><time>2026-01-01T01:53:50Z</time></trkpt>
<trkpt lat="-27.351451" lon="152.76662"><ele>480.7</ele><time>2026-01-01T01:53:51Z</time></trkpt>
<trkpt lat="-27.351421" lon="152.766659"><ele>481.2</ele><time>2026-01-01T01:53:54Z</time></trkpt>
<trkpt lat="-27.351409" lon="152.766671"><ele>481.4</ele><time>2026-01-01T01:53:55Z</time></trkpt>
<trkpt lat="-27.35133" lon="152.766758"><ele>482.6</ele><time>2026-01-01T01:54:00Z</time></trkpt>
<trkpt lat="-27.351305" lon="152.766791"><ele>483</ele><time>2026-01-01T01:54:02Z</time></trkpt>
<trkpt lat="-27.351288" lon="152.766817"><ele>483.3</ele><time>2026-01-01T01:54:04Z</time></trkpt>
<trkpt lat="-27.351226" lon="152.766893"><ele>484.3</ele><time>2026-01-01T01:54:08Z</time></trkpt>
<trkpt lat="-27.351184" lon="152.766993"><ele>485.4</ele><time>2026-01-01T01:54:12Z</time></trkpt>
<trkpt lat="-27.351153" lon="152.767035"><ele>485.9</ele><time>2026-01-01T01:54:14Z</time></trkpt>
<trkpt lat="-27.35114" lon="152.767097"><ele>486.5</ele><time>2026-01-01T01:54:16Z</time></trkpt>
<trkpt lat="-27.351142" lon="152.767137"><ele>486.8</ele><time>2026-01-01T01:54:18Z</time></trkpt>
<trkpt lat="-27.351148" lon="152.767151"><ele>487</ele><time>2026-01-01T01:54:19Z</time></trkpt>
<trkpt lat="-27.351152" lon="152.767168"><ele>487.1</ele><time>2026-01-01T01:54:20Z</time></trkpt>
<trkpt lat="-27.351133" lon="152.767246"><ele>487.9</ele><time>2026-01-01T01:54:23Z</time></trkpt>
<trkpt lat="-27.351141" lon="152.767343"><ele>488.7</ele><time>2026-01-01T01:54:26Z</time></trkpt>
<trkpt lat="-27.351117" lon="152.767445"><ele>489.6</ele><time>2026-01-01T01:54:29Z</time></trkpt>
<trkpt lat="-27.351106" lon="152.767478"><ele>489.9</ele><time>2026-01-01T01:54:30Z</time></trkpt>
<trkpt lat="-27.351038" lon="152.767622"><ele>491.3</ele><time>2026-01-01T01:54:35Z</time></trkpt>
<trkpt lat="-27.351022" lon="152.767648"><ele>491.5</ele><time>2026-01-01T01:54:37Z</time></trkpt>
<trkpt lat="-27.350997" lon="152.767698"><ele>492</ele><time>2026-01-01T01:54:39Z</time></trkpt>
<trkpt lat="-27.350941" lon="152.767797"><ele>493</ele><time>2026-01-01T01:54:43Z</time></trkpt>
<trkpt lat="-27.350927" lon="152.767841"><ele>493.4</ele><time>2026-01-01T01:54:45Z</time></trkpt>
<trkpt lat="-27.350911" lon="152.767924"><ele>494</ele><time>2026-01-01T01:54:48Z</time></trkpt>
<trkpt lat="-27.350899" lon="152.767971"><ele>494.4</ele><time>2026-01-01T01:54:50Z</time></trkpt>
<trkpt lat="-27.350886" lon="152.768093"><ele>495.3</ele><time>2026-01-01T01:54:54Z</time></trkpt>
<trkpt lat="-27.350887" lon="152.768118"><ele>495.5</ele><time>2026-01-01T01:54:55Z</time></trkpt>
<trkpt lat="-27.350885" lon="152.768149"><ele>495.7</ele><time>2026-01-01T01:54:56Z</time></trkpt>
<trkpt lat="-27.350876" lon="152.768239"><ele>496.3</ele><time>2026-01-01T01:54:59Z</time></trkpt>
<trkpt lat="-27.350879" lon="152.768276"><ele>496.6</ele><time>2026-01-01T01:55:00Z</time></trkpt>
<trkpt lat="-27.350881" lon="152.768308"><ele>496.9</ele><time>2026-01-01T01:55:01Z</time></trkpt>
<trkpt lat="-27.35089" lon="152.768398"><ele>497.6</ele><time>2026-01-01T01:55:04Z</time></trkpt>
<trkpt lat="-27.350904" lon="152.768488"><ele>498.5</ele><time>2026-01-01T01:55:07Z</time></trkpt>
<trkpt lat="-27.350923" lon="152.768551"><ele>499.1</ele><time>2026-01-01T01:55:09Z</time></trkpt>
<trkpt lat="-27.350952" lon="152.768605"><ele>499.7</ele><time>2026-01-01T01:55:11Z</time></trkpt>
<trkpt lat="-27.351008" lon="152.768719"><ele>501</ele><time>2026-01-01T01:55:15Z</time></trkpt>
<trkpt lat="-27.351021" lon="152.768754"><ele>501.4</ele><time>2026-01-01T01:55:16Z</time></trkpt>
<trkpt lat="-27.351053" lon="152.76882"><ele>502.1</ele><time>2026-01-01T01:55:19Z</time></trkpt>
<trkpt lat="-27.351073" lon="152.768886"><ele>502.9</ele><time>2026-01-01T01:55:22Z</time></trkpt>
<trkpt lat="-27.351082" lon="152.768911"><ele>503.2</ele><time>2026-01-01T01:55:23Z</time></trkpt>
<trkpt lat="-27.351094" lon="152.768929"><ele>503.4</ele><time>2026-01-01T01:55:24Z</time></trkpt>
<trkpt lat="-27.351132" lon="152.768982"><ele>504.2</ele><time>2026-01-01T01:55:27Z</time></trkpt>
<trkpt lat="-27.351146" lon="152.769027"><ele>504.7</ele><time>2026-01-01T01:55:29Z</time></trkpt>
<trkpt lat="-27.351147" lon="152.769076"><ele>505.2</ele><time>2026-01-01T01:55:31Z</time></trkpt>
<trkpt lat="-27.351147" lon="152.769131"><ele>505.9</ele><time>2026-01-01T01:55:33Z</time></trkpt>
<trkpt lat="-27.351145" lon="152.769159"><ele>506.2</ele><time>2026-01-01T01:55:34Z</time></trkpt>
<trkpt lat="-27.351156" lon="152.769204"><ele>506.7</ele><time>2026-01-01T01:55:36Z</time></trkpt>
<trkpt lat="-27.351154" lon="152.769249"><ele>507.3</ele><time>2026-01-01T01:55:38Z</time></trkpt>
<trkpt lat="-27.351153" lon="152.769342"><ele>508.3</ele><time>2026-01-01T01:55:42Z</time></trkpt>
<trkpt lat="-27.351119" lon="152.769454"><ele>509.7</ele><time>2026-01-01T01:55:46Z</time></trkpt>
<trkpt lat="-27.351099" lon="152.769487"><ele>510.2</ele><time>2026-01-01T01:55:47Z</time></trkpt>
<trkpt lat="-27.351044" lon="152.769587"><ele>511.5</ele><time>2026-01-01T01:55:50Z</time></trkpt>
<trkpt lat="-27.351029" lon="152.76961"><ele>511.9</ele><time>2026-01-01T01:55:51Z</time></trkpt>
<trkpt lat="-27.351011" lon="152.769639"><ele>512.2</ele><time>2026-01-01T01:55:52Z</time></trkpt>
<trkpt lat="-27.35094" lon="152.769786"><ele>514.1</ele><time>2026-01-01T01:55:57Z</time></trkpt>
<trkpt lat="-27.350919" lon="152.769818"><ele>514.5</ele><time>2026-01-01T01:55:58Z</time></trkpt>
<trkpt lat="-27.350896" lon="152.769867"><ele>515.1</ele><time>2026-01-01T01:56:00Z</time></trkpt>
<trkpt lat="-27.350878" lon="152.769918"><ele>515.7</ele><time>2026-01-01T01:56:02Z</time></trkpt>
<trkpt lat="-27.350866" lon="152.76994"><ele>516</ele><time>2026-01-01T01:56:03Z</time></trkpt>
<trkpt lat="-27.350854" lon="152.769985"><ele>516.5</ele><time>2026-01-01T01:56:05Z</time></trkpt>
<trkpt lat="-27.350839" lon="152.770006"><ele>516.7</ele><time>2026-01-01T01:56:06Z</time></trkpt>
<trkpt lat="-27.350816" lon="152.770029"><ele>517.1</ele><time>2026-01-01T01:56:07Z</time></trkpt>
<trkpt lat="-27.350746" lon="152.770133"><ele>518.5</ele><time>2026-01-01T01:56:12Z</time></trkpt>
<trkpt lat="-27.350729" lon="152.770162"><ele>518.9</ele><time>2026-01-01T01:56:13Z</time></trkpt>
<trkpt lat="-27.350623" lon="152.770247"><ele>520.5</ele><time>2026-01-01T01:56:16Z</time></trkpt>
<trkpt lat="-27.350598" lon="152.770281"><ele>520.9</ele><time>2026-01-01T01:56:18Z</time></trkpt>
<trkpt lat="-27.35058" lon="152.77034"><ele>521.5</ele><time>2026-01-01T01:56:20Z</time></trkpt>
<trkpt lat="-27.35054" lon="152.770433"><ele>522.4</ele><time>2026-01-01T01:56:23Z</time></trkpt>
<trkpt lat="-27.350529" lon="152.770462"><ele>522.6</ele><time>2026-01-01T01:56:24Z</time></trkpt>
<trkpt lat="-27.350495" lon="152.770536"><ele>523.2</ele><time>2026-01-01T01:56:27Z</time></trkpt>
<trkpt lat="-27.350452" lon="152.770642"><ele>524</ele><time>2026-01-01T01:56:31Z</time></trkpt>
<trkpt lat="-27.350443" lon="152.770661"><ele>524.1</ele><time>2026-01-01T01:56:32Z</time></trkpt>
<trkpt lat="-27.350437" lon="152.770686"><ele>524.3</ele><time>2026-01-01T01:56:33Z</time></trkpt>
<trkpt lat="-27.350429" lon="152.770721"><ele>524.5</ele><time>2026-01-01T01:56:35Z</time></trkpt>
<trkpt lat="-27.350415" lon="152.770796"><ele>524.9</ele><time>2026-01-01T01:56:37Z</time></trkpt>
<trkpt lat="-27.350391" lon="152.770867"><ele>525.3</ele><time>2026-01-01T01:56:39Z</time></trkpt>
<trkpt lat="-27.350361" lon="152.770954"><ele>525.9</ele><time>2026-01-01T01:56:42Z</time></trkpt>
<trkpt lat="-27.350348" lon="152.77107"><ele>526.5</ele><time>2026-01-01T01:56:45Z</time></trkpt>
<trkpt lat="-27.350349" lon="152.771165"><ele>527.1</ele><time>2026-01-01T01:56:48Z</time></trkpt>
<trkpt lat="-27.350343" lon="152.771221"><ele>527.4</ele><time>2026-01-01T01:56:50Z</time></trkpt>
<trkpt lat="-27.350347" lon="152.771263"><ele>527.7</ele><time>2026-01-01T01:56:52Z</time></trkpt>
<trkpt lat="-27.350341" lon="152.771284"><ele>527.8</ele><time>2026-01-01T01:56:53Z</time></trkpt>
<trkpt lat="-27.350242" lon="152.771508"><ele>529.7</ele><time>2026-01-01T01:56:59Z</time></trkpt>
<trkpt lat="-27.350226" lon="152.771556"><ele>530.1</ele><time>2026-01-01T01:57:00Z</time></trkpt>
<trkpt lat="-27.350171" lon="152.77168"><ele>531.5</ele><time>2026-01-01T01:57:03Z</time></trkpt>
<trkpt lat="-27.35015" lon="152.771724"><ele>532.1</ele><time>2026-01-01T01:57:04Z</time></trkpt>
<trkpt lat="-27.350083" lon="152.771807"><ele>533.5</ele><time>2026-01-01T01:57:07Z</time></trkpt>
<trkpt lat="-27.350025" lon="152.771853"><ele>534.5</ele><time>2026-01-01T01:57:09Z</time></trkpt>
<trkpt lat="-27.349985" lon="152.771885"><ele>535.3</ele><time>2026-01-01T01:57:10Z</time></trkpt>
<trkpt lat="-27.349963" lon="152.771901"><ele>535.7</ele><time>2026-01-01T01:57:11Z</time></trkpt>
<trkpt lat="-27.349911" lon="152.771934"><ele>536.5</ele><time>2026-01-01T01:57:13Z</time></trkpt>
<trkpt lat="-27.349834" lon="152.771977"><ele>537.8</ele><time>2026-01-01T01:57:16Z</time></trkpt>
<trkpt lat="-27.349729" lon="152.772005"><ele>539.4</ele><time>2026-01-01T01:57:19Z</time></trkpt>
<trkpt lat="-27.349675" lon="152.772013"><ele>540.2</ele><time>2026-01-01T01:57:21Z</time></trkpt>
<trkpt lat="-27.349655" lon="152.772021"><ele>540.6</ele><time>2026-01-01T01:57:22Z</time></trkpt>
<trkpt lat="-27.349635" lon="152.772028"><ele>540.9</ele><time>2026-01-01T01:57:23Z</time></trkpt>
<trkpt lat="-27.349556" lon="152.772046"><ele>542.1</ele><time>2026-01-01T01:57:27Z</time></trkpt>
<trkpt lat="-27.349518" lon="152.772057"><ele>542.7</ele><time>2026-01-01T01:57:29Z</time></trkpt>
<trkpt lat="-27.349498" lon="152.772066"><ele>543</ele><time>2026-01-01T01:57:30Z</time></trkpt>
<trkpt lat="-27.349476" lon="152.772078"><ele>543.4</ele><time>2026-01-01T01:57:31Z</time></trkpt>
<trkpt lat="-27.349432" lon="152.772092"><ele>544</ele><time>2026-01-01T01:57:33Z</time></trkpt>
<trkpt lat="-27.349407" lon="152.772094"><ele>544.4</ele><time>2026-01-01T01:57:34Z</time></trkpt>
<trkpt lat="-27.349345" lon="152.772066"><ele>545.3</ele><time>2026-01-01T01:57:36Z</time></trkpt>
<trkpt lat="-27.349294" lon="152.772044"><ele>546</ele><time>2026-01-01T01:57:38Z</time></trkpt>
<trkpt lat="-27.349196" lon="152.772027"><ele>547.4</ele><time>2026-01-01T01:57:41Z</time></trkpt>
<trkpt lat="-27.349124" lon="152.772004"><ele>548.3</ele><time>2026-01-01T01:57:44Z</time></trkpt>
<trkpt lat="-27.349049" lon="152.771933"><ele>549.5</ele><time>2026-01-01T01:57:47Z</time></trkpt>
<trkpt lat="-27.348972" lon="152.771867"><ele>550.6</ele><time>2026-01-01T01:57:50Z</time></trkpt>
<trkpt lat="-27.348909" lon="152.771815"><ele>551.5</ele><time>2026-01-01T01:57:53Z</time></trkpt>
<trkpt lat="-27.348872" lon="152.771789"><ele>551.9</ele><time>2026-01-01T01:57:55Z</time></trkpt>
<trkpt lat="-27.348845" lon="152.771769"><ele>552.3</ele><time>2026-01-01T01:57:57Z</time></trkpt>
<trkpt lat="-27.348753" lon="152.771669"><ele>553.6</ele><time>2026-01-01T01:58:02Z</time></trkpt>
<trkpt lat="-27.348733" lon="152.771646"><ele>553.9</ele><time>2026-01-01T01:58:03Z</time></trkpt>
<trkpt lat="-27.348686" lon="152.771596"><ele>554.6</ele><time>2026-01-01T01:58:06Z</time></trkpt>
<trkpt lat="-27.34867" lon="152.77158"><ele>554.8</ele><time>2026-01-01T01:58:07Z</time></trkpt>
<trkpt lat="-27.348629" lon="152.771543"><ele>555.3</ele><time>2026-01-01T01:58:09Z</time></trkpt>
<trkpt lat="-27.348548" lon="152.77146"><ele>556.4</ele><time>2026-01-01T01:58:13Z</time></trkpt>
<trkpt lat="-27.348448" lon="152.77138"><ele>557.5</ele><time>2026-01-01T01:58:17Z</time></trkpt>
<trkpt lat="-27.34842" lon="152.771363"><ele>557.8</ele><time>2026-01-01T01:58:18Z</time></trkpt>
<trkpt lat="-27.348334" lon="152.771283"><ele>558.8</ele><time>2026-01-01T01:58:22Z</time></trkpt>
<trkpt lat="-27.348176" lon="152.771186"><ele>560.2</ele><time>2026-01-01T01:58:26Z</time></trkpt>
<trkpt lat="-27.348118" lon="152.771154"><ele>560.6</ele><time>2026-01-01T01:58:28Z</time></trkpt>
<trkpt lat="-27.347928" lon="152.771037"><ele>561.9</ele><time>2026-01-01T01:58:34Z</time></trkpt>
<trkpt lat="-27.347664" lon="152.770968"><ele>563.9</ele><time>2026-01-01T01:58:42Z</time></trkpt>
<trkpt lat="-27.347518" lon="152.770983"><ele>565.4</ele><time>2026-01-01T01:58:47Z</time></trkpt>
<trkpt lat="-27.347495" lon="152.770991"><ele>565.7</ele><time>2026-01-01T01:58:48Z</time></trkpt>
<trkpt lat="-27.347375" lon="152.771002"><ele>567.2</ele><time>2026-01-01T01:58:53Z</time></trkpt>
<trkpt lat="-27.347356" lon="152.771003"><ele>567.4</ele><time>2026-01-01T01:58:54Z</time></trkpt>
<trkpt lat="-27.347276" lon="152.771025"><ele>568.5</ele><time>2026-01-01T01:58:58Z</time></trkpt>
<trkpt lat="-27.347237" lon="152.771029"><ele>569.1</ele><time>2026-01-01T01:59:01Z</time></trkpt>
<trkpt lat="-27.347218" lon="152.771031"><ele>569.3</ele><time>2026-01-01T01:59:02Z</time></trkpt>
<trkpt lat="-27.347146" lon="152.771037"><ele>570.3</ele><time>2026-01-01T01:59:06Z</time></trkpt>
<trkpt lat="-27.347081" lon="152.771055"><ele>571.2</ele><time>2026-01-01T01:59:09Z</time></trkpt>
<trkpt lat="-27.347015" lon="152.771096"><ele>572.2</ele><time>2026-01-01T01:59:13Z</time></trkpt>
<trkpt lat="-27.347008" lon="152.771099"><ele>572.4</ele><time>2026-01-01T01:59:15Z</time></trkpt>
<trkpt lat="-27.346962" lon="152.771146"><ele>573.2</ele><time>2026-01-01T01:59:18Z</time></trkpt>
<trkpt lat="-27.346891" lon="152.771223"><ele>574.6</ele><time>2026-01-01T01:59:22Z</time></trkpt>
<trkpt lat="-27.34682" lon="152.771273"><ele>575.7</ele><time>2026-01-01T01:59:25Z</time></trkpt>
<trkpt lat="-27.346766" lon="152.771321"><ele>576.7</ele><time>2026-01-01T01:59:27Z</time></trkpt>
<trkpt lat="-27.346723" lon="152.771355"><ele>577.4</ele><time>2026-01-01T01:59:29Z</time></trkpt>
<trkpt lat="-27.346685" lon="152.771397"><ele>578.1</ele><time>2026-01-01T01:59:31Z</time></trkpt>
<trkpt lat="-27.346655" lon="152.771418"><ele>578.6</ele><time>2026-01-01T01:59:32Z</time></trkpt>
<trkpt lat="-27.346624" lon="152.771441"><ele>579.1</ele><time>2026-01-01T01:59:33Z</time></trkpt>
<trkpt lat="-27.34658" lon="152.771495"><ele>579.9</ele><time>2026-01-01T01:59:35Z</time></trkpt>
<trkpt lat="-27.346555" lon="152.771511"><ele>580.2</ele><time>2026-01-01T01:59:36Z</time></trkpt>
<trkpt lat="-27.346477" lon="152.771556"><ele>581.2</ele><time>2026-01-01T01:59:39Z</time></trkpt>
<trkpt lat="-27.346379" lon="152.771644"><ele>582.5</ele><time>2026-01-01T01:59:42Z</time></trkpt>
<trkpt lat="-27.346297" lon="152.771727"><ele>583.3</ele><time>2026-01-01T01:59:45Z</time></trkpt>
<trkpt lat="-27.346269" lon="152.77174"><ele>583.4</ele><time>2026-01-01T01:59:49Z</time></trkpt>
<trkpt lat="-27.34621" lon="152.771775"><ele>583.8</ele><time>2026-01-01T02:00:02Z</time></trkpt>
<trkpt lat="-27.346141" lon="152.771806"><ele>584.1</ele><time>2026-01-01T02:00:04Z</time></trkpt>
<trkpt lat="-27.34611" lon="152.771825"><ele>584.2</ele><time>2026-01-01T02:00:05Z</time></trkpt>
<trkpt lat="-27.346035" lon="152.771881"><ele>584.5</ele><time>2026-01-01T02:00:08Z</time></trkpt>
<trkpt lat="-27.345985" lon="152.771909"><ele>584.7</ele><time>2026-01-01T02:00:10Z</time></trkpt>
<trkpt lat="-27.345943" lon="152.771938"><ele>584.9</ele><time>2026-01-01T02:00:12Z</time></trkpt>
<trkpt lat="-27.345795" lon="152.771981"><ele>585.3</ele><time>2026-01-01T02:00:17Z</time></trkpt>
<trkpt lat="-27.345768" lon="152.771983"><ele>585.4</ele><time>2026-01-01T02:00:18Z</time></trkpt>
<trkpt lat="-27.345616" lon="152.772011"><ele>585.8</ele><time>2026-01-01T02:00:23Z</time></trkpt>
<trkpt lat="-27.345419" lon="152.772012"><ele>586</ele><time>2026-01-01T02:00:28Z</time></trkpt>
<trkpt lat="-27.345107" lon="152.772039"><ele>585</ele><time>2026-01-01T02:00:35Z</time></trkpt>
<trkpt lat="-27.345037" lon="152.772046"><ele>584.6</ele><time>2026-01-01T02:00:36Z</time></trkpt>
<trkpt lat="-27.344841" lon="152.772055"><ele>583.2</ele><time>2026-01-01T02:00:40Z</time></trkpt>
<trkpt lat="-27.344749" lon="152.772059"><ele>582.3</ele><time>2026-01-01T02:00:42Z</time></trkpt>
<trkpt lat="-27.344601" lon="152.772061"><ele>580.6</ele><time>2026-01-01T02:00:44Z</time></trkpt>
<trkpt lat="-27.344441" lon="152.772061"><ele>578.4</ele><time>2026-01-01T02:00:46Z</time></trkpt>
<trkpt lat="-27.344334" lon="152.77206"><ele>576.8</ele><time>2026-01-01T02:00:47Z</time></trkpt>
<trkpt lat="-27.344139" lon="152.772062"><ele>573.7</ele><time>2026-01-01T02:00:49Z</time></trkpt>
<trkpt lat="-27.343946" lon="152.772051"><ele>570.7</ele><time>2026-01-01T02:00:51Z</time></trkpt>
<trkpt lat="-27.343811" lon="152.772033"><ele>568.8</ele><time>2026-01-01T02:00:52Z</time></trkpt>
<trkpt lat="-27.343615" lon="152.771987"><ele>566.4</ele><time>2026-01-01T02:00:54Z</time></trkpt>
<trkpt lat="-27.343489" lon="152.771936"><ele>565</ele><time>2026-01-01T02:00:55Z</time></trkpt>
<trkpt lat="-27.343382" lon="152.771878"><ele>564</ele><time>2026-01-01T02:00:56Z</time></trkpt>
<trkpt lat="-27.343273" lon="152.771817"><ele>563.2</ele><time>2026-01-01T02:00:57Z</time></trkpt>
<trkpt lat="-27.343057" lon="152.7717"><ele>562.4</ele><time>2026-01-01T02:00:59Z</time></trkpt>
<trkpt lat="-27.342864" lon="152.771601"><ele>562.3</ele><time>2026-01-01T02:01:01Z</time></trkpt>
<trkpt lat="-27.342625" lon="152.771461"><ele>562.4</ele><time>2026-01-01T02:01:04Z</time></trkpt>
<trkpt lat="-27.342538" lon="152.771405"><ele>562.4</ele><time>2026-01-01T02:01:05Z</time></trkpt>
<trkpt lat="-27.342455" lon="152.771351"><ele>562.4</ele><time>2026-01-01T02:01:06Z</time></trkpt>
<trkpt lat="-27.342296" lon="152.771248"><ele>562.1</ele><time>2026-01-01T02:01:08Z</time></trkpt>
<trkpt lat="-27.342216" lon="152.771188"><ele>561.9</ele><time>2026-01-01T02:01:09Z</time></trkpt>
<trkpt lat="-27.342142" lon="152.771123"><ele>561.7</ele><time>2026-01-01T02:01:10Z</time></trkpt>
<trkpt lat="-27.34202" lon="152.77097"><ele>561</ele><time>2026-01-01T02:01:12Z</time></trkpt>
<trkpt lat="-27.341948" lon="152.770853"><ele>560.1</ele><time>2026-01-01T02:01:13Z</time></trkpt>
<trkpt lat="-27.341805" lon="152.770647"><ele>558.1</ele><time>2026-01-01T02:01:15Z</time></trkpt>
<trkpt lat="-27.34173" lon="152.770523"><ele>557</ele><time>2026-01-01T02:01:16Z</time></trkpt>
<trkpt lat="-27.34165" lon="152.770413"><ele>556.4</ele><time>2026-01-01T02:01:17Z</time></trkpt>
<trkpt lat="-27.34141" lon="152.770172"><ele>556.7</ele><time>2026-01-01T02:01:20Z</time></trkpt>
<trkpt lat="-27.341002" lon="152.769939"><ele>562</ele><time>2026-01-01T02:01:25Z</time></trkpt>
<trkpt lat="-27.340803" lon="152.769849"><ele>565.1</ele><time>2026-01-01T02:01:28Z</time></trkpt>
<trkpt lat="-27.340701" lon="152.76981"><ele>566.7</ele><time>2026-01-01T02:01:30Z</time></trkpt>
<trkpt lat="-27.340668" lon="152.769781"><ele>567.3</ele><time>2026-01-01T02:01:31Z</time></trkpt>
<trkpt lat="-27.340554" lon="152.769717"><ele>569.1</ele><time>2026-01-01T02:01:34Z</time></trkpt>
<trkpt lat="-27.340513" lon="152.769698"><ele>569.7</ele><time>2026-01-01T02:01:35Z</time></trkpt>
<trkpt lat="-27.340465" lon="152.769672"><ele>570.5</ele><time>2026-01-01T02:01:36Z</time></trkpt>
<trkpt lat="-27.340344" lon="152.769622"><ele>572.1</ele><time>2026-01-01T02:01:39Z</time></trkpt>
<trkpt lat="-27.340295" lon="152.76961"><ele>572.7</ele><time>2026-01-01T02:01:40Z</time></trkpt>
<trkpt lat="-27.34016" lon="152.769586"><ele>574.1</ele><time>2026-01-01T02:01:43Z</time></trkpt>
<trkpt lat="-27.340056" lon="152.769581"><ele>575.1</ele><time>2026-01-01T02:01:46Z</time></trkpt>
<trkpt lat="-27.340007" lon="152.769582"><ele>575.6</ele><time>2026-01-01T02:01:47Z</time></trkpt>
<trkpt lat="-27.339797" lon="152.769584"><ele>577.5</ele><time>2026-01-01T02:01:51Z</time></trkpt>
<trkpt lat="-27.339745" lon="152.769578"><ele>578</ele><time>2026-01-01T02:01:52Z</time></trkpt>
<trkpt lat="-27.339629" lon="152.769572"><ele>579</ele><time>2026-01-01T02:01:54Z</time></trkpt>
<trkpt lat="-27.339463" lon="152.769543"><ele>580.3</ele><time>2026-01-01T02:01:58Z</time></trkpt>
<trkpt lat="-27.339432" lon="152.769522"><ele>580.5</ele><time>2026-01-01T02:01:59Z</time></trkpt>
<trkpt lat="-27.339254" lon="152.769468"><ele>581.6</ele><time>2026-01-01T02:02:03Z</time></trkpt>
<trkpt lat="-27.339154" lon="152.769447"><ele>581.9</ele><time>2026-01-01T02:02:05Z</time></trkpt>
<trkpt lat="-27.33903" lon="152.769399"><ele>581.9</ele><time>2026-01-01T02:02:08Z</time></trkpt>
<trkpt lat="-27.338935" lon="152.769315"><ele>581.6</ele><time>2026-01-01T02:02:10Z</time></trkpt>
<trkpt lat="-27.338854" lon="152.769247"><ele>581</ele><time>2026-01-01T02:02:12Z</time></trkpt>
<trkpt lat="-27.338749" lon="152.769164"><ele>580</ele><time>2026-01-01T02:02:14Z</time></trkpt>
<trkpt lat="-27.338684" lon="152.769123"><ele>579.3</ele><time>2026-01-01T02:02:15Z</time></trkpt>
<trkpt lat="-27.338568" lon="152.769062"><ele>578.3</ele><time>2026-01-01T02:02:17Z</time></trkpt>
<trkpt lat="-27.338381" lon="152.76897"><ele>577.3</ele><time>2026-01-01T02:02:20Z</time></trkpt>
<trkpt lat="-27.338276" lon="152.768903"><ele>577.3</ele><time>2026-01-01T02:02:22Z</time></trkpt>
<trkpt lat="-27.337957" lon="152.768695"><ele>577.7</ele><time>2026-01-01T02:02:28Z</time></trkpt>
<trkpt lat="-27.337907" lon="152.768676"><ele>577.7</ele><time>2026-01-01T02:02:29Z</time></trkpt>
<trkpt lat="-27.337853" lon="152.768661"><ele>577.7</ele><time>2026-01-01T02:02:30Z</time></trkpt>
<trkpt lat="-27.337815" lon="152.768657"><ele>578.4</ele><time>2026-01-01T02:02:31Z</time></trkpt>
<trkpt lat="-27.337756" lon="152.768662"><ele>579.4</ele><time>2026-01-01T02:02:33Z</time></trkpt>
<trkpt lat="-27.337731" lon="152.768669"><ele>579.8</ele><time>2026-01-01T02:02:34Z</time></trkpt>
<trkpt lat="-27.337655" lon="152.768679"><ele>581.1</ele><time>2026-01-01T02:02:37Z</time></trkpt>
<trkpt lat="-27.337588" lon="152.768699"><ele>582.2</ele><time>2026-01-01T02:02:40Z</time></trkpt>
<trkpt lat="-27.33749" lon="152.768746"><ele>583.9</ele><time>2026-01-01T02:02:44Z</time></trkpt>
<trkpt lat="-27.337443" lon="152.768752"><ele>584.6</ele><time>2026-01-01T02:02:46Z</time></trkpt>
<trkpt lat="-27.33742" lon="152.768763"><ele>585</ele><time>2026-01-01T02:02:47Z</time></trkpt>
<trkpt lat="-27.337372" lon="152.768786"><ele>585.7</ele><time>2026-01-01T02:02:49Z</time></trkpt>
<trkpt lat="-27.337329" lon="152.768809"><ele>586.4</ele><time>2026-01-01T02:02:51Z</time></trkpt>
<trkpt lat="-27.337297" lon="152.768818"><ele>586.9</ele><time>2026-01-01T02:02:52Z</time></trkpt>
<trkpt lat="-27.337236" lon="152.768866"><ele>587.9</ele><time>2026-01-01T02:02:55Z</time></trkpt>
<trkpt lat="-27.337215" lon="152.768885"><ele>588.3</ele><time>2026-01-01T02:02:56Z</time></trkpt>
<trkpt lat="-27.337153" lon="152.768939"><ele>589.3</ele><time>2026-01-01T02:02:59Z</time></trkpt>
<trkpt lat="-27.337134" lon="152.768963"><ele>589.6</ele><time>2026-01-01T02:03:00Z</time></trkpt>
<trkpt lat="-27.337115" lon="152.768983"><ele>590</ele><time>2026-01-01T02:03:01Z</time></trkpt>
<trkpt lat="-27.337039" lon="152.769045"><ele>591.1</ele><time>2026-01-01T02:03:05Z</time></trkpt>
<trkpt lat="-27.337013" lon="152.769045"><ele>591.4</ele><time>2026-01-01T02:03:06Z</time></trkpt>
<trkpt lat="-27.336981" lon="152.769028"><ele>591.9</ele><time>2026-01-01T02:03:07Z</time></trkpt>
<trkpt lat="-27.336898" lon="152.768981"><ele>593.1</ele><time>2026-01-01T02:03:10Z</time></trkpt>
<trkpt lat="-27.336809" lon="152.769041"><ele>594.4</ele><time>2026-01-01T02:03:14Z</time></trkpt>
<trkpt lat="-27.336714" lon="152.769055"><ele>595.7</ele><time>2026-01-01T02:03:18Z</time></trkpt>
<trkpt lat="-27.336655" lon="152.76906"><ele>596.5</ele><time>2026-01-01T02:03:21Z</time></trkpt>
<trkpt lat="-27.336634" lon="152.769068"><ele>596.8</ele><time>2026-01-01T02:03:22Z</time></trkpt>
<trkpt lat="-27.336569" lon="152.769108"><ele>597.9</ele><time>2026-01-01T02:03:25Z</time></trkpt>
<trkpt lat="-27.336526" lon="152.769123"><ele>598.5</ele><time>2026-01-01T02:03:27Z</time></trkpt>
<trkpt lat="-27.336506" lon="152.769136"><ele>598.9</ele><time>2026-01-01T02:03:28Z</time></trkpt>
<trkpt lat="-27.336446" lon="152.769179"><ele>599.9</ele><time>2026-01-01T02:03:31Z</time></trkpt>
<trkpt lat="-27.336405" lon="152.769217"><ele>600.7</ele><time>2026-01-01T02:03:33Z</time></trkpt>
<trkpt lat="-27.336382" lon="152.769227"><ele>601</ele><time>2026-01-01T02:03:34Z</time></trkpt>
<trkpt lat="-27.336316" lon="152.769265"><ele>602.1</ele><time>2026-01-01T02:03:37Z</time></trkpt>
<trkpt lat="-27.336295" lon="152.769273"><ele>602.5</ele><time>2026-01-01T02:03:38Z</time></trkpt>
<trkpt lat="-27.336249" lon="152.769293"><ele>603.2</ele><time>2026-01-01T02:03:40Z</time></trkpt>
<trkpt lat="-27.336224" lon="152.769306"><ele>603.6</ele><time>2026-01-01T02:03:41Z</time></trkpt>
<trkpt lat="-27.336179" lon="152.769311"><ele>604.2</ele><time>2026-01-01T02:03:43Z</time></trkpt>
<trkpt lat="-27.336146" lon="152.769304"><ele>604.7</ele><time>2026-01-01T02:03:44Z</time></trkpt>
<trkpt lat="-27.33609" lon="152.76932"><ele>605.4</ele><time>2026-01-01T02:03:46Z</time></trkpt>
<trkpt lat="-27.336031" lon="152.769339"><ele>606.2</ele><time>2026-01-01T02:03:48Z</time></trkpt>
<trkpt lat="-27.336004" lon="152.769341"><ele>606.6</ele><time>2026-01-01T02:03:49Z</time></trkpt>
<trkpt lat="-27.335978" lon="152.769347"><ele>606.9</ele><time>2026-01-01T02:03:50Z</time></trkpt>
<trkpt lat="-27.335906" lon="152.769372"><ele>607.8</ele><time>2026-01-01T02:03:53Z</time></trkpt>
<trkpt lat="-27.335879" lon="152.769373"><ele>608.1</ele><time>2026-01-01T02:03:54Z</time></trkpt>
<trkpt lat="-27.335798" lon="152.769378"><ele>609.1</ele><time>2026-01-01T02:03:57Z</time></trkpt>
<trkpt lat="-27.33566" lon="152.769368"><ele>610.6</ele><time>2026-01-01T02:04:01Z</time></trkpt>
<trkpt lat="-27.335623" lon="152.76935"><ele>611</ele><time>2026-01-01T02:04:02Z</time></trkpt>
<trkpt lat="-27.335553" lon="152.76936"><ele>611.7</ele><time>2026-01-01T02:04:04Z</time></trkpt>
<trkpt lat="-27.335528" lon="152.769363"><ele>611.9</ele><time>2026-01-01T02:04:05Z</time></trkpt>
<trkpt lat="-27.335429" lon="152.769376"><ele>612.8</ele><time>2026-01-01T02:04:08Z</time></trkpt>
<trkpt lat="-27.335394" lon="152.769383"><ele>613.1</ele><time>2026-01-01T02:04:09Z</time></trkpt>
<trkpt lat="-27.33532" lon="152.769425"><ele>613.8</ele><time>2026-01-01T02:04:12Z</time></trkpt>
<trkpt lat="-27.33527" lon="152.769447"><ele>614.2</ele><time>2026-01-01T02:04:14Z</time></trkpt>
<trkpt lat="-27.335218" lon="152.769472"><ele>614.6</ele><time>2026-01-01T02:04:16Z</time></trkpt>
<trkpt lat="-27.335099" lon="152.769522"><ele>615.5</ele><time>2026-01-01T02:04:21Z</time></trkpt>
<trkpt lat="-27.335015" lon="152.769556"><ele>616</ele><time>2026-01-01T02:04:25Z</time></trkpt>
<trkpt lat="-27.334967" lon="152.769551"><ele>616.3</ele><time>2026-01-01T02:04:27Z</time></trkpt>
<trkpt lat="-27.334885" lon="152.769542"><ele>616.8</ele><time>2026-01-01T02:04:30Z</time></trkpt>
<trkpt lat="-27.334825" lon="152.76956"><ele>617.1</ele><time>2026-01-01T02:04:32Z</time></trkpt>
<trkpt lat="-27.334769" lon="152.769587"><ele>617.4</ele><time>2026-01-01T02:04:34Z</time></trkpt>
<trkpt lat="-27.334583" lon="152.769761"><ele>618.6</ele><time>2026-01-01T02:04:41Z</time></trkpt>
<trkpt lat="-27.334549" lon="152.769829"><ele>619</ele><time>2026-01-01T02:04:43Z</time></trkpt>
<trkpt lat="-27.334481" lon="152.769932"><ele>619.7</ele><time>2026-01-01T02:04:47Z</time></trkpt>
<trkpt lat="-27.334452" lon="152.769982"><ele>620</ele><time>2026-01-01T02:04:49Z</time></trkpt>
<trkpt lat="-27.334393" lon="152.770094"><ele>620.9</ele><time>2026-01-01T02:04:53Z</time></trkpt>
<trkpt lat="-27.334342" lon="152.770164"><ele>621.5</ele><time>2026-01-01T02:04:56Z</time></trkpt>
<trkpt lat="-27.334313" lon="152.770214"><ele>622</ele><time>2026-01-01T02:04:58Z</time></trkpt>
<trkpt lat="-27.334226" lon="152.770329"><ele>623.1</ele><time>2026-01-01T02:05:03Z</time></trkpt>
<trkpt lat="-27.334185" lon="152.770384"><ele>623.7</ele><time>2026-01-01T02:05:05Z</time></trkpt>
<trkpt lat="-27.334122" lon="152.770489"><ele>624.7</ele><time>2026-01-01T02:05:09Z</time></trkpt>
<trkpt lat="-27.334081" lon="152.770548"><ele>625.3</ele><time>2026-01-01T02:05:11Z</time></trkpt>
<trkpt lat="-27.334064" lon="152.770566"><ele>625.6</ele><time>2026-01-01T02:05:12Z</time></trkpt>
<trkpt lat="-27.334013" lon="152.770639"><ele>626.4</ele><time>2026-01-01T02:05:15Z</time></trkpt>
<trkpt lat="-27.333989" lon="152.770667"><ele>626.7</ele><time>2026-01-01T02:05:17Z</time></trkpt>
<trkpt lat="-27.333907" lon="152.770744"><ele>627.7</ele><time>2026-01-01T02:05:22Z</time></trkpt>
<trkpt lat="-27.333888" lon="152.77076"><ele>627.9</ele><time>2026-01-01T02:05:23Z</time></trkpt>
<trkpt lat="-27.333849" lon="152.77078"><ele>628.3</ele><time>2026-01-01T02:05:25Z</time></trkpt>
<trkpt lat="-27.333763" lon="152.770803"><ele>629.3</ele><time>2026-01-01T02:05:28Z</time></trkpt>
<trkpt lat="-27.333726" lon="152.770812"><ele>629.8</ele><time>2026-01-01T02:05:29Z</time></trkpt>
<trkpt lat="-27.333555" lon="152.770781"><ele>632</ele><time>2026-01-01T02:05:35Z</time></trkpt>
<trkpt lat="-27.333529" lon="152.770762"><ele>632.4</ele><time>2026-01-01T02:05:36Z</time></trkpt>
<trkpt lat="-27.333439" lon="152.770635"><ele>634.1</ele><time>2026-01-01T02:05:40Z</time></trkpt>
<trkpt lat="-27.333427" lon="152.770601"><ele>634.2</ele><time>2026-01-01T02:05:41Z</time></trkpt>
<trkpt lat="-27.333393" lon="152.770435"><ele>634.4</ele><time>2026-01-01T02:05:45Z</time></trkpt>
<trkpt lat="-27.333395" lon="152.770395"><ele>634.4</ele><time>2026-01-01T02:05:46Z</time></trkpt>
<trkpt lat="-27.333479" lon="152.77019"><ele>634.1</ele><time>2026-01-01T02:05:51Z</time></trkpt>
<trkpt lat="-27.333496" lon="152.770142"><ele>633.9</ele><time>2026-01-01T02:05:52Z</time></trkpt>
<trkpt lat="-27.333586" lon="152.769983"><ele>633.4</ele><time>2026-01-01T02:05:55Z</time></trkpt>
<trkpt lat="-27.333698" lon="152.769745"><ele>633.4</ele><time>2026-01-01T02:06:00Z</time></trkpt>
<trkpt lat="-27.333739" lon="152.769645"><ele>633.7</ele><time>2026-01-01T02:06:02Z</time></trkpt>
<trkpt lat="-27.333817" lon="152.769491"><ele>634.4</ele><time>2026-01-01T02:06:05Z</time></trkpt>
<trkpt lat="-27.333835" lon="152.769441"><ele>634.7</ele><time>2026-01-01T02:06:06Z</time></trkpt>
<trkpt lat="-27.333855" lon="152.769388"><ele>635.1</ele><time>2026-01-01T02:06:07Z</time></trkpt>
<trkpt lat="-27.333877" lon="152.769333"><ele>635.6</ele><time>2026-01-01T02:06:08Z</time></trkpt>
<trkpt lat="-27.333918" lon="152.769224"><ele>636.6</ele><time>2026-01-01T02:06:10Z</time></trkpt>
<trkpt lat="-27.333944" lon="152.769174"><ele>637.1</ele><time>2026-01-01T02:06:11Z</time></trkpt>
<trkpt lat="-27.333975" lon="152.769122"><ele>637.6</ele><time>2026-01-01T02:06:12Z</time></trkpt>
<trkpt lat="-27.333999" lon="152.769069"><ele>638.1</ele><time>2026-01-01T02:06:13Z</time></trkpt>
<trkpt lat="-27.334019" lon="152.76902"><ele>638.6</ele><time>2026-01-01T02:06:14Z</time></trkpt>
<trkpt lat="-27.33403" lon="152.768973"><ele>639</ele><time>2026-01-01T02:06:15Z</time></trkpt>
<trkpt lat="-27.33405" lon="152.768922"><ele>639.5</ele><time>2026-01-01T02:06:16Z</time></trkpt>
<trkpt lat="-27.334071" lon="152.768867"><ele>640</ele><time>2026-01-01T02:06:17Z</time></trkpt>
<trkpt lat="-27.334115" lon="152.76875"><ele>640.9</ele><time>2026-01-01T02:06:19Z</time></trkpt>
<trkpt lat="-27.33418" lon="152.768624"><ele>642</ele><time>2026-01-01T02:06:22Z</time></trkpt>
<trkpt lat="-27.334196" lon="152.768591"><ele>642.2</ele><time>2026-01-01T02:06:23Z</time></trkpt>
<trkpt lat="-27.334286" lon="152.768459"><ele>643.3</ele><time>2026-01-01T02:06:27Z</time></trkpt>
<trkpt lat="-27.334365" lon="152.768325"><ele>644.3</ele><time>2026-01-01T02:06:31Z</time></trkpt>
<trkpt lat="-27.334413" lon="152.768241"><ele>644.9</ele><time>2026-01-01T02:06:34Z</time></trkpt>
<trkpt lat="-27.334525" lon="152.768104"><ele>646</ele><time>2026-01-01T02:06:38Z</time></trkpt>
<trkpt lat="-27.334557" lon="152.768068"><ele>646.3</ele><time>2026-01-01T02:06:39Z</time></trkpt>
<trkpt lat="-27.334681" lon="152.767923"><ele>647.1</ele><time>2026-01-01T02:06:43Z</time></trkpt>
<trkpt lat="-27.334733" lon="152.767863"><ele>647.4</ele><time>2026-01-01T02:06:45Z</time></trkpt>
<trkpt lat="-27.334787" lon="152.767788"><ele>647.5</ele><time>2026-01-01T02:06:47Z</time></trkpt>
<trkpt lat="-27.334875" lon="152.767684"><ele>647.6</ele><time>2026-01-01T02:06:50Z</time></trkpt>
<trkpt lat="-27.334944" lon="152.767606"><ele>647.4</ele><time>2026-01-01T02:06:52Z</time></trkpt>
<trkpt lat="-27.334994" lon="152.767544"><ele>647.1</ele><time>2026-01-01T02:06:54Z</time></trkpt>
<trkpt lat="-27.33506" lon="152.767457"><ele>646.5</ele><time>2026-01-01T02:06:56Z</time></trkpt>
<trkpt lat="-27.335119" lon="152.76736"><ele>645.7</ele><time>2026-01-01T02:06:58Z</time></trkpt>
<trkpt lat="-27.335153" lon="152.767298"><ele>645.1</ele><time>2026-01-01T02:06:59Z</time></trkpt>
<trkpt lat="-27.335182" lon="152.767229"><ele>644.4</ele><time>2026-01-01T02:07:00Z</time></trkpt>
<trkpt lat="-27.335225" lon="152.767143"><ele>643.4</ele><time>2026-01-01T02:07:01Z</time></trkpt>
<trkpt lat="-27.335265" lon="152.767057"><ele>642.5</ele><time>2026-01-01T02:07:02Z</time></trkpt>
<trkpt lat="-27.33533" lon="152.766892"><ele>640.8</ele><time>2026-01-01T02:07:04Z</time></trkpt>
<trkpt lat="-27.335372" lon="152.766799"><ele>640.1</ele><time>2026-01-01T02:07:05Z</time></trkpt>
<trkpt lat="-27.335489" lon="152.766504"><ele>639.4</ele><time>2026-01-01T02:07:08Z</time></trkpt>
<trkpt lat="-27.33554" lon="152.766337"><ele>639.7</ele><time>2026-01-01T02:07:10Z</time></trkpt>
<trkpt lat="-27.335556" lon="152.76626"><ele>639.9</ele><time>2026-01-01T02:07:11Z</time></trkpt>
<trkpt lat="-27.335573" lon="152.766182"><ele>640.1</ele><time>2026-01-01T02:07:12Z</time></trkpt>
<trkpt lat="-27.335607" lon="152.766024"><ele>640.4</ele><time>2026-01-01T02:07:14Z</time></trkpt>
<trkpt lat="-27.335624" lon="152.765658"><ele>640.5</ele><time>2026-01-01T02:07:18Z</time></trkpt>
<trkpt lat="-27.335614" lon="152.765472"><ele>640.3</ele><time>2026-01-01T02:07:20Z</time></trkpt>
<trkpt lat="-27.335592" lon="152.765288"><ele>640.1</ele><time>2026-01-01T02:07:22Z</time></trkpt>
<trkpt lat="-27.33558" lon="152.765088"><ele>639.8</ele><time>2026-01-01T02:07:24Z</time></trkpt>
<trkpt lat="-27.335575" lon="152.764983"><ele>639.7</ele><time>2026-01-01T02:07:25Z</time></trkpt>
<trkpt lat="-27.335536" lon="152.764787"><ele>639.7</ele><time>2026-01-01T02:07:27Z</time></trkpt>
<trkpt lat="-27.335466" lon="152.764487"><ele>639.6</ele><time>2026-01-01T02:07:30Z</time></trkpt>
<trkpt lat="-27.335435" lon="152.76439"><ele>639.3</ele><time>2026-01-01T02:07:31Z</time></trkpt>
<trkpt lat="-27.33541" lon="152.764292"><ele>639.1</ele><time>2026-01-01T02:07:32Z</time></trkpt>
<trkpt lat="-27.335356" lon="152.764105"><ele>639.1</ele><time>2026-01-01T02:07:34Z</time></trkpt>
<trkpt lat="-27.335317" lon="152.764029"><ele>639.4</ele><time>2026-01-01T02:07:35Z</time></trkpt>
<trkpt lat="-27.335244" lon="152.763895"><ele>640.3</ele><time>2026-01-01T02:07:37Z</time></trkpt>
<trkpt lat="-27.335184" lon="152.763772"><ele>641.5</ele><time>2026-01-01T02:07:39Z</time></trkpt>
<trkpt lat="-27.335078" lon="152.763645"><ele>643.3</ele><time>2026-01-01T02:07:42Z</time></trkpt>
<trkpt lat="-27.335023" lon="152.763568"><ele>644.4</ele><time>2026-01-01T02:07:44Z</time></trkpt>
<trkpt lat="-27.334964" lon="152.763498"><ele>645.5</ele><time>2026-01-01T02:07:46Z</time></trkpt>
<trkpt lat="-27.3349" lon="152.763424"><ele>646.6</ele><time>2026-01-01T02:07:48Z</time></trkpt>
<trkpt lat="-27.33487" lon="152.76339"><ele>647.1</ele><time>2026-01-01T02:07:49Z</time></trkpt>
<trkpt lat="-27.334843" lon="152.76336"><ele>647.6</ele><time>2026-01-01T02:07:50Z</time></trkpt>
<trkpt lat="-27.334821" lon="152.763331"><ele>648</ele><time>2026-01-01T02:07:51Z</time></trkpt>
<trkpt lat="-27.334734" lon="152.763254"><ele>649.4</ele><time>2026-01-01T02:07:54Z</time></trkpt>
<trkpt lat="-27.33471" lon="152.763231"><ele>649.8</ele><time>2026-01-01T02:07:55Z</time></trkpt>
<trkpt lat="-27.334679" lon="152.763201"><ele>650.3</ele><time>2026-01-01T02:07:56Z</time></trkpt>
<trkpt lat="-27.334633" lon="152.763181"><ele>650.8</ele><time>2026-01-01T02:07:58Z</time></trkpt>
<trkpt lat="-27.334587" lon="152.763168"><ele>651.4</ele><time>2026-01-01T02:08:00Z</time></trkpt>
<trkpt lat="-27.334566" lon="152.763153"><ele>651.7</ele><time>2026-01-01T02:08:01Z</time></trkpt>
<trkpt lat="-27.334545" lon="152.763131"><ele>652</ele><time>2026-01-01T02:08:02Z</time></trkpt>
<trkpt lat="-27.334521" lon="152.763108"><ele>652.4</ele><time>2026-01-01T02:08:03Z</time></trkpt>
<trkpt lat="-27.334469" lon="152.763088"><ele>653</ele><time>2026-01-01T02:08:05Z</time></trkpt>
<trkpt lat="-27.334448" lon="152.763099"><ele>653.2</ele><time>2026-01-01T02:08:06Z</time></trkpt>
<trkpt lat="-27.334401" lon="152.763122"><ele>653.8</ele><time>2026-01-01T02:08:09Z</time></trkpt>
<trkpt lat="-27.334386" lon="152.763111"><ele>654</ele><time>2026-01-01T02:08:10Z</time></trkpt>
<trkpt lat="-27.334385" lon="152.763057"><ele>654.3</ele><time>2026-01-01T02:08:14Z</time></trkpt>
<trkpt lat="-27.334375" lon="152.762987"><ele>654.8</ele><time>2026-01-01T02:08:16Z</time></trkpt>
<trkpt lat="-27.334341" lon="152.762905"><ele>655.5</ele><time>2026-01-01T02:08:18Z</time></trkpt>
<trkpt lat="-27.334313" lon="152.762882"><ele>655.7</ele><time>2026-01-01T02:08:19Z</time></trkpt>
<trkpt lat="-27.334278" lon="152.762851"><ele>656.1</ele><time>2026-01-01T02:08:20Z</time></trkpt>
<trkpt lat="-27.334232" lon="152.762827"><ele>656.5</ele><time>2026-01-01T02:08:21Z</time></trkpt>
<trkpt lat="-27.334132" lon="152.762753"><ele>657.4</ele><time>2026-01-01T02:08:25Z</time></trkpt>
<trkpt lat="-27.334107" lon="152.762735"><ele>657.7</ele><time>2026-01-01T02:08:26Z</time></trkpt>
<trkpt lat="-27.334045" lon="152.762704"><ele>658.2</ele><time>2026-01-01T02:08:29Z</time></trkpt>
<trkpt lat="-27.333994" lon="152.7627"><ele>658.6</ele><time>2026-01-01T02:08:31Z</time></trkpt>
<trkpt lat="-27.333926" lon="152.762679"><ele>659.1</ele><time>2026-01-01T02:08:34Z</time></trkpt>
<trkpt lat="-27.333912" lon="152.762667"><ele>659.3</ele><time>2026-01-01T02:08:35Z</time></trkpt>
<trkpt lat="-27.333882" lon="152.762639"><ele>659.6</ele><time>2026-01-01T02:08:37Z</time></trkpt>
<trkpt lat="-27.333863" lon="152.762629"><ele>659.7</ele><time>2026-01-01T02:08:39Z</time></trkpt>
<trkpt lat="-27.33386" lon="152.762618"><ele>659.8</ele><time>2026-01-01T02:08:40Z</time></trkpt>
<trkpt lat="-27.333787" lon="152.762571"><ele>660.4</ele><time>2026-01-01T02:08:51Z</time></trkpt>
<trkpt lat="-27.333772" lon="152.762559"><ele>660.6</ele><time>2026-01-01T02:08:52Z</time></trkpt>
<trkpt lat="-27.333759" lon="152.762554"><ele>660.7</ele><time>2026-01-01T02:08:53Z</time></trkpt>
<trkpt lat="-27.333745" lon="152.762554"><ele>660.8</ele><time>2026-01-01T02:08:54Z</time></trkpt>
<trkpt lat="-27.333683" lon="152.762561"><ele>661.2</ele><time>2026-01-01T02:08:57Z</time></trkpt>
<trkpt lat="-27.333662" lon="152.762571"><ele>661.4</ele><time>2026-01-01T02:08:59Z</time></trkpt>
<trkpt lat="-27.333612" lon="152.762599"><ele>661.8</ele><time>2026-01-01T02:09:04Z</time></trkpt>
<trkpt lat="-27.333607" lon="152.762602"><ele>661.9</ele><time>2026-01-01T02:09:06Z</time></trkpt>
<trkpt lat="-27.333601" lon="152.762601"><ele>661.9</ele><time>2026-01-01T02:09:07Z</time></trkpt>
<trkpt lat="-27.333548" lon="152.762532"><ele>662.5</ele><time>2026-01-01T02:09:11Z</time></trkpt>
<trkpt lat="-27.333519" lon="152.762494"><ele>662.8</ele><time>2026-01-01T02:09:13Z</time></trkpt>
<trkpt lat="-27.333398" lon="152.76247"><ele>663.6</ele><time>2026-01-01T02:09:17Z</time></trkpt>
<trkpt lat="-27.333335" lon="152.762473"><ele>664</ele><time>2026-01-01T02:09:19Z</time></trkpt>
<trkpt lat="-27.333309" lon="152.762483"><ele>664.2</ele><time>2026-01-01T02:09:21Z</time></trkpt>
<trkpt lat="-27.333308" lon="152.762486"><ele>664.2</ele><time>2026-01-01T02:09:23Z</time></trkpt>
<trkpt lat="-27.333278" lon="152.762485"><ele>664.4</ele><time>2026-01-01T02:10:36Z</time></trkpt>
<trkpt lat="-27.333299" lon="152.762489"><ele>664.5</ele><time>2026-01-01T02:10:37Z</time></trkpt>
<trkpt lat="-27.333406" lon="152.762473"><ele>665.2</ele><time>2026-01-01T02:10:43Z</time></trkpt>
<trkpt lat="-27.333406" lon="152.762473"><ele>665.2</ele><time>2026-01-01T02:10:44Z</time></trkpt>
<trkpt lat="-27.333526" lon="152.76253"><ele>665.9</ele><time>2026-01-01T02:10:55Z</time></trkpt>
<trkpt lat="-27.333562" lon="152.762516"><ele>666.1</ele><time>2026-01-01T02:10:57Z</time></trkpt>
<trkpt lat="-27.333634" lon="152.76252"><ele>666.5</ele><time>2026-01-01T02:11:00Z</time></trkpt>
<trkpt lat="-27.333676" lon="152.762516"><ele>666.8</ele><time>2026-01-01T02:11:02Z</time></trkpt>
<trkpt lat="-27.333698" lon="152.762525"><ele>666.9</ele><time>2026-01-01T02:11:03Z</time></trkpt>
<trkpt lat="-27.333718" lon="152.762541"><ele>667</ele><time>2026-01-01T02:11:04Z</time></trkpt>
<trkpt lat="-27.333768" lon="152.762573"><ele>667.3</ele><time>2026-01-01T02:11:07Z</time></trkpt>
<trkpt lat="-27.333797" lon="152.762568"><ele>667.5</ele><time>2026-01-01T02:11:09Z</time></trkpt>
<trkpt lat="-27.333839" lon="152.762497"><ele>667.9</ele><time>2026-01-01T02:11:12Z</time></trkpt>
<trkpt lat="-27.333725" lon="152.762364"><ele>668.9</ele><time>2026-01-01T02:11:16Z</time></trkpt>
<trkpt lat="-27.333694" lon="152.762334"><ele>669.1</ele><time>2026-01-01T02:11:17Z</time></trkpt>
<trkpt lat="-27.333606" lon="152.762258"><ele>669.8</ele><time>2026-01-01T02:11:21Z</time></trkpt>
<trkpt lat="-27.333597" lon="152.762248"><ele>669.8</ele><time>2026-01-01T02:11:22Z</time></trkpt>
<trkpt lat="-27.333521" lon="152.76217"><ele>670.4</ele><time>2026-01-01T02:11:27Z</time></trkpt>
<trkpt lat="-27.333503" lon="152.762159"><ele>670.6</ele><time>2026-01-01T02:11:28Z</time></trkpt>
<trkpt lat="-27.333477" lon="152.762141"><ele>670.7</ele><time>2026-01-01T02:11:29Z</time></trkpt>
<trkpt lat="-27.333368" lon="152.762062"><ele>671.2</ele><time>2026-01-01T02:11:34Z</time></trkpt>
<trkpt lat="-27.333304" lon="152.761997"><ele>671.3</ele><time>2026-01-01T02:11:37Z</time></trkpt>
<trkpt lat="-27.33321" lon="152.761917"><ele>671.3</ele><time>2026-01-01T02:11:40Z</time></trkpt>
<trkpt lat="-27.333125" lon="152.761838"><ele>671.1</ele><time>2026-01-01T02:11:43Z</time></trkpt>
<trkpt lat="-27.33303" lon="152.761725"><ele>670.7</ele><time>2026-01-01T02:11:46Z</time></trkpt>
<trkpt lat="-27.333" lon="152.761698"><ele>670.6</ele><time>2026-01-01T02:11:47Z</time></trkpt>
<trkpt lat="-27.332903" lon="152.761616"><ele>670.1</ele><time>2026-01-01T02:11:49Z</time></trkpt>
<trkpt lat="-27.33286" lon="152.761586"><ele>670</ele><time>2026-01-01T02:11:50Z</time></trkpt>
<trkpt lat="-27.332805" lon="152.761532"><ele>669.7</ele><time>2026-01-01T02:11:51Z</time></trkpt>
<trkpt lat="-27.332676" lon="152.761427"><ele>669.2</ele><time>2026-01-01T02:11:54Z</time></trkpt>
<trkpt lat="-27.332587" lon="152.761347"><ele>669.1</ele><time>2026-01-01T02:11:56Z</time></trkpt>
<trkpt lat="-27.332477" lon="152.761288"><ele>669</ele><time>2026-01-01T02:11:58Z</time></trkpt>
<trkpt lat="-27.332436" lon="152.761266"><ele>669</ele><time>2026-01-01T02:11:59Z</time></trkpt>
<trkpt lat="-27.332231" lon="152.76104"><ele>669.5</ele><time>2026-01-01T02:12:03Z</time></trkpt>
<trkpt lat="-27.332089" lon="152.760856"><ele>670.7</ele><time>2026-01-01T02:12:07Z</time></trkpt>
<trkpt lat="-27.332009" lon="152.760801"><ele>671.4</ele><time>2026-01-01T02:12:09Z</time></trkpt>
<trkpt lat="-27.331863" lon="152.760726"><ele>672.6</ele><time>2026-01-01T02:12:12Z</time></trkpt>
<trkpt lat="-27.331818" lon="152.760689"><ele>673</ele><time>2026-01-01T02:12:13Z</time></trkpt>
<trkpt lat="-27.331694" lon="152.760567"><ele>674.3</ele><time>2026-01-01T02:12:16Z</time></trkpt>
<trkpt lat="-27.33161" lon="152.760481"><ele>675.5</ele><time>2026-01-01T02:12:18Z</time></trkpt>
<trkpt lat="-27.331566" lon="152.760432"><ele>676.1</ele><time>2026-01-01T02:12:19Z</time></trkpt>
<trkpt lat="-27.331523" lon="152.76039"><ele>676.6</ele><time>2026-01-01T02:12:20Z</time></trkpt>
<trkpt lat="-27.331402" lon="152.760325"><ele>677.3</ele><time>2026-01-01T02:12:23Z</time></trkpt>
<trkpt lat="-27.331329" lon="152.76028"><ele>677.6</ele><time>2026-01-01T02:12:25Z</time></trkpt>
<trkpt lat="-27.331083" lon="152.760103"><ele>678.5</ele><time>2026-01-01T02:12:30Z</time></trkpt>
<trkpt lat="-27.330994" lon="152.760043"><ele>678.8</ele><time>2026-01-01T02:12:32Z</time></trkpt>
<trkpt lat="-27.330812" lon="152.75992"><ele>679.5</ele><time>2026-01-01T02:12:36Z</time></trkpt>
<trkpt lat="-27.330656" lon="152.759803"><ele>680</ele><time>2026-01-01T02:12:40Z</time></trkpt>
<trkpt lat="-27.330582" lon="152.759739"><ele>680.3</ele><time>2026-01-01T02:12:42Z</time></trkpt>
<trkpt lat="-27.330444" lon="152.759578"><ele>680.7</ele><time>2026-01-01T02:12:46Z</time></trkpt>
<trkpt lat="-27.330349" lon="152.759447"><ele>680.9</ele><time>2026-01-01T02:12:49Z</time></trkpt>
<trkpt lat="-27.33032" lon="152.759406"><ele>680.9</ele><time>2026-01-01T02:12:50Z</time></trkpt>
<trkpt lat="-27.33024" lon="152.759261"><ele>680.6</ele><time>2026-01-01T02:12:53Z</time></trkpt>
<trkpt lat="-27.330075" lon="152.758947"><ele>679.5</ele><time>2026-01-01T02:12:59Z</time></trkpt>
<trkpt lat="-27.330039" lon="152.758878"><ele>679.1</ele><time>2026-01-01T02:13:00Z</time></trkpt>
<trkpt lat="-27.329978" lon="152.758774"><ele>678.6</ele><time>2026-01-01T02:13:02Z</time></trkpt>
<trkpt lat="-27.32991" lon="152.758628"><ele>678.1</ele><time>2026-01-01T02:13:04Z</time></trkpt>
<trkpt lat="-27.329854" lon="152.758505"><ele>677.8</ele><time>2026-01-01T02:13:06Z</time></trkpt>
<trkpt lat="-27.329816" lon="152.758349"><ele>677.8</ele><time>2026-01-01T02:13:08Z</time></trkpt>
<trkpt lat="-27.329795" lon="152.758274"><ele>677.9</ele><time>2026-01-01T02:13:09Z</time></trkpt>
<trkpt lat="-27.329758" lon="152.758211"><ele>678</ele><time>2026-01-01T02:13:10Z</time></trkpt>
<trkpt lat="-27.329642" lon="152.758028"><ele>678.7</ele><time>2026-01-01T02:13:13Z</time></trkpt>
<trkpt lat="-27.329552" lon="152.757844"><ele>679.7</ele><time>2026-01-01T02:13:16Z</time></trkpt>
<trkpt lat="-27.329522" lon="152.757787"><ele>680</ele><time>2026-01-01T02:13:17Z</time></trkpt>
<trkpt lat="-27.329468" lon="152.757699"><ele>680.7</ele><time>2026-01-01T02:13:19Z</time></trkpt>
<trkpt lat="-27.329428" lon="152.757643"><ele>681.1</ele><time>2026-01-01T02:13:20Z</time></trkpt>
<trkpt lat="-27.329371" lon="152.757562"><ele>681.9</ele><time>2026-01-01T02:13:22Z</time></trkpt>
<trkpt lat="-27.329315" lon="152.757466"><ele>682.9</ele><time>2026-01-01T02:13:24Z</time></trkpt>
<trkpt lat="-27.329296" lon="152.757434"><ele>683.2</ele><time>2026-01-01T02:13:25Z</time></trkpt>
<trkpt lat="-27.329227" lon="152.757317"><ele>684.5</ele><time>2026-01-01T02:13:28Z</time></trkpt>
<trkpt lat="-27.3292" lon="152.757283"><ele>685</ele><time>2026-01-01T02:13:29Z</time></trkpt>
<trkpt lat="-27.329134" lon="152.757192"><ele>686.1</ele><time>2026-01-01T02:13:32Z</time></trkpt>
<trkpt lat="-27.329104" lon="152.757126"><ele>686.9</ele><time>2026-01-01T02:13:34Z</time></trkpt>
<trkpt lat="-27.329074" lon="152.757054"><ele>687.7</ele><time>2026-01-01T02:13:36Z</time></trkpt>
<trkpt lat="-27.329037" lon="152.756983"><ele>688.5</ele><time>2026-01-01T02:13:38Z</time></trkpt>
<trkpt lat="-27.329025" lon="152.756953"><ele>688.9</ele><time>2026-01-01T02:13:39Z</time></trkpt>
<trkpt lat="-27.329012" lon="152.756913"><ele>689.3</ele><time>2026-01-01T02:13:40Z</time></trkpt>
<trkpt lat="-27.328966" lon="152.756803"><ele>690.6</ele><time>2026-01-01T02:13:43Z</time></trkpt>
<trkpt lat="-27.328912" lon="152.756715"><ele>692.1</ele><time>2026-01-01T02:13:46Z</time></trkpt>
<trkpt lat="-27.328858" lon="152.75662"><ele>693.6</ele><time>2026-01-01T02:13:49Z</time></trkpt>
<trkpt lat="-27.328825" lon="152.756551"><ele>694.6</ele><time>2026-01-01T02:13:51Z</time></trkpt>
<trkpt lat="-27.328778" lon="152.756494"><ele>695.7</ele><time>2026-01-01T02:13:53Z</time></trkpt>
<trkpt lat="-27.328718" lon="152.756401"><ele>697.1</ele><time>2026-01-01T02:13:56Z</time></trkpt>
<trkpt lat="-27.328672" lon="152.756302"><ele>698.4</ele><time>2026-01-01T02:13:59Z</time></trkpt>
<trkpt lat="-27.328654" lon="152.756218"><ele>699.4</ele><time>2026-01-01T02:14:01Z</time></trkpt>
<trkpt lat="-27.328634" lon="152.75618"><ele>699.8</ele><time>2026-01-01T02:14:02Z</time></trkpt>
<trkpt lat="-27.328556" lon="152.756056"><ele>701.2</ele><time>2026-01-01T02:14:05Z</time></trkpt>
<trkpt lat="-27.328516" lon="152.756013"><ele>701.7</ele><time>2026-01-01T02:14:07Z</time></trkpt>
<trkpt lat="-27.328492" lon="152.755998"><ele>701.9</ele><time>2026-01-01T02:14:08Z</time></trkpt>
<trkpt lat="-27.32839" lon="152.755923"><ele>702.7</ele><time>2026-01-01T02:14:12Z</time></trkpt>
<trkpt lat="-27.328293" lon="152.755854"><ele>703.2</ele><time>2026-01-01T02:14:16Z</time></trkpt>
<trkpt lat="-27.32827" lon="152.755838"><ele>703.3</ele><time>2026-01-01T02:14:17Z</time></trkpt>
<trkpt lat="-27.32816" lon="152.755762"><ele>703.5</ele><time>2026-01-01T02:14:20Z</time></trkpt>
<trkpt lat="-27.328106" lon="152.755742"><ele>703.6</ele><time>2026-01-01T02:14:21Z</time></trkpt>
<trkpt lat="-27.328014" lon="152.755718"><ele>703.6</ele><time>2026-01-01T02:14:23Z</time></trkpt>
<trkpt lat="-27.327929" lon="152.755688"><ele>703.6</ele><time>2026-01-01T02:14:25Z</time></trkpt>
<trkpt lat="-27.327882" lon="152.755684"><ele>703.6</ele><time>2026-01-01T02:14:26Z</time></trkpt>
<trkpt lat="-27.327785" lon="152.755687"><ele>703.5</ele><time>2026-01-01T02:14:28Z</time></trkpt>
<trkpt lat="-27.327727" lon="152.755681"><ele>703.5</ele><time>2026-01-01T02:14:29Z</time></trkpt>
<trkpt lat="-27.327606" lon="152.755669"><ele>703.5</ele><time>2026-01-01T02:14:31Z</time></trkpt>
<trkpt lat="-27.327546" lon="152.755658"><ele>703.6</ele><time>2026-01-01T02:14:32Z</time></trkpt>
<trkpt lat="-27.327485" lon="152.75563"><ele>703.8</ele><time>2026-01-01T02:14:33Z</time></trkpt>
<trkpt lat="-27.327429" lon="152.755589"><ele>704</ele><time>2026-01-01T02:14:34Z</time></trkpt>
<trkpt lat="-27.327374" lon="152.755562"><ele>704.2</ele><time>2026-01-01T02:14:35Z</time></trkpt>
<trkpt lat="-27.327189" lon="152.755551"><ele>704.8</ele><time>2026-01-01T02:14:38Z</time></trkpt>
<trkpt lat="-27.327054" lon="152.755549"><ele>705.3</ele><time>2026-01-01T02:14:40Z</time></trkpt>
<trkpt lat="-27.326927" lon="152.755536"><ele>705.8</ele><time>2026-01-01T02:14:42Z</time></trkpt>
<trkpt lat="-27.326748" lon="152.75555"><ele>706.6</ele><time>2026-01-01T02:14:45Z</time></trkpt>
<trkpt lat="-27.326572" lon="152.755597"><ele>707.3</ele><time>2026-01-01T02:14:48Z</time></trkpt>
<trkpt lat="-27.32649" lon="152.755604"><ele>707.6</ele><time>2026-01-01T02:14:49Z</time></trkpt>
<trkpt lat="-27.326431" lon="152.755611"><ele>707.8</ele><time>2026-01-01T02:14:50Z</time></trkpt>
<trkpt lat="-27.3263" lon="152.755625"><ele>708.2</ele><time>2026-01-01T02:14:52Z</time></trkpt>
<trkpt lat="-27.326158" lon="152.755618"><ele>708.7</ele><time>2026-01-01T02:14:54Z</time></trkpt>
<trkpt lat="-27.326104" lon="152.755624"><ele>708.9</ele><time>2026-01-01T02:14:55Z</time></trkpt>
<trkpt lat="-27.325976" lon="152.755628"><ele>709.4</ele><time>2026-01-01T02:14:57Z</time></trkpt>
<trkpt lat="-27.325907" lon="152.755607"><ele>709.6</ele><time>2026-01-01T02:14:58Z</time></trkpt>
<trkpt lat="-27.325836" lon="152.755565"><ele>709.8</ele><time>2026-01-01T02:14:59Z</time></trkpt>
<trkpt lat="-27.325644" lon="152.755564"><ele>709.8</ele><time>2026-01-01T02:15:02Z</time></trkpt>
<trkpt lat="-27.325591" lon="152.755576"><ele>709.7</ele><time>2026-01-01T02:15:03Z</time></trkpt>
<trkpt lat="-27.325533" lon="152.755567"><ele>709.5</ele><time>2026-01-01T02:15:04Z</time></trkpt>
<trkpt lat="-27.325495" lon="152.755558"><ele>709.4</ele><time>2026-01-01T02:15:05Z</time></trkpt>
<trkpt lat="-27.325192" lon="152.755551"><ele>707.9</ele><time>2026-01-01T02:15:09Z</time></trkpt>
<trkpt lat="-27.325078" lon="152.755549"><ele>707</ele><time>2026-01-01T02:15:11Z</time></trkpt>
<trkpt lat="-27.324986" lon="152.755551"><ele>706.1</ele><time>2026-01-01T02:15:12Z</time></trkpt>
<trkpt lat="-27.324921" lon="152.755528"><ele>705.4</ele><time>2026-01-01T02:15:13Z</time></trkpt>
<trkpt lat="-27.324846" lon="152.755496"><ele>704.5</ele><time>2026-01-01T02:15:14Z</time></trkpt>
<trkpt lat="-27.324697" lon="152.755427"><ele>702.2</ele><time>2026-01-01T02:15:16Z</time></trkpt>
<trkpt lat="-27.324617" lon="152.755396"><ele>700.8</ele><time>2026-01-01T02:15:17Z</time></trkpt>
<trkpt lat="-27.324516" lon="152.755381"><ele>699.1</ele><time>2026-01-01T02:15:18Z</time></trkpt>
<trkpt lat="-27.324416" lon="152.755356"><ele>697.2</ele><time>2026-01-01T02:15:19Z</time></trkpt>
<trkpt lat="-27.324323" lon="152.755309"><ele>695.3</ele><time>2026-01-01T02:15:20Z</time></trkpt>
<trkpt lat="-27.324239" lon="152.755245"><ele>693.3</ele><time>2026-01-01T02:15:21Z</time></trkpt>
<trkpt lat="-27.324147" lon="152.755179"><ele>690.9</ele><time>2026-01-01T02:15:22Z</time></trkpt>
<trkpt lat="-27.324051" lon="152.7551"><ele>688.4</ele><time>2026-01-01T02:15:23Z</time></trkpt>
<trkpt lat="-27.323949" lon="152.755029"><ele>686</ele><time>2026-01-01T02:15:24Z</time></trkpt>
<trkpt lat="-27.323849" lon="152.754956"><ele>683.8</ele><time>2026-01-01T02:15:25Z</time></trkpt>
<trkpt lat="-27.323738" lon="152.754887"><ele>682.1</ele><time>2026-01-01T02:15:26Z</time></trkpt>
<trkpt lat="-27.323615" lon="152.754822"><ele>680.9</ele><time>2026-01-01T02:15:27Z</time></trkpt>
<trkpt lat="-27.323366" lon="152.754669"><ele>680.9</ele><time>2026-01-01T02:15:29Z</time></trkpt>
<trkpt lat="-27.32325" lon="152.754592"><ele>682</ele><time>2026-01-01T02:15:30Z</time></trkpt>
<trkpt lat="-27.323129" lon="152.754489"><ele>683.6</ele><time>2026-01-01T02:15:31Z</time></trkpt>
<trkpt lat="-27.322957" lon="152.754353"><ele>686</ele><time>2026-01-01T02:15:33Z</time></trkpt>
<trkpt lat="-27.32287" lon="152.754284"><ele>687.2</ele><time>2026-01-01T02:15:34Z</time></trkpt>
<trkpt lat="-27.322782" lon="152.7542"><ele>688.4</ele><time>2026-01-01T02:15:35Z</time></trkpt>
<trkpt lat="-27.322718" lon="152.754127"><ele>689.1</ele><time>2026-01-01T02:15:36Z</time></trkpt>
<trkpt lat="-27.322493" lon="152.753826"><ele>690.8</ele><time>2026-01-01T02:15:40Z</time></trkpt>
<trkpt lat="-27.322324" lon="152.753625"><ele>691.5</ele><time>2026-01-01T02:15:43Z</time></trkpt>
<trkpt lat="-27.322213" lon="152.753514"><ele>691.6</ele><time>2026-01-01T02:15:45Z</time></trkpt>
<trkpt lat="-27.322086" lon="152.753398"><ele>691.5</ele><time>2026-01-01T02:15:47Z</time></trkpt>
<trkpt lat="-27.322013" lon="152.753311"><ele>691.5</ele><time>2026-01-01T02:15:48Z</time></trkpt>
<trkpt lat="-27.321956" lon="152.753236"><ele>691.5</ele><time>2026-01-01T02:15:49Z</time></trkpt>
<trkpt lat="-27.321908" lon="152.753181"><ele>691.5</ele><time>2026-01-01T02:15:50Z</time></trkpt>
<trkpt lat="-27.321808" lon="152.753028"><ele>691.7</ele><time>2026-01-01T02:15:52Z</time></trkpt>
<trkpt lat="-27.321771" lon="152.752941"><ele>691.9</ele><time>2026-01-01T02:15:53Z</time></trkpt>
<trkpt lat="-27.321701" lon="152.752744"><ele>692.2</ele><time>2026-01-01T02:15:55Z</time></trkpt>
<trkpt lat="-27.321647" lon="152.752564"><ele>692.4</ele><time>2026-01-01T02:15:57Z</time></trkpt>
<trkpt lat="-27.3216" lon="152.752503"><ele>692.4</ele><time>2026-01-01T02:15:58Z</time></trkpt>
<trkpt lat="-27.321501" lon="152.752394"><ele>692.5</ele><time>2026-01-01T02:16:00Z</time></trkpt>
<trkpt lat="-27.321347" lon="152.752224"><ele>692.6</ele><time>2026-01-01T02:16:03Z</time></trkpt>
<trkpt lat="-27.321236" lon="152.752112"><ele>692.8</ele><time>2026-01-01T02:16:05Z</time></trkpt>
<trkpt lat="-27.321083" lon="152.751978"><ele>693.3</ele><time>2026-01-01T02:16:08Z</time></trkpt>
<trkpt lat="-27.32094" lon="152.751825"><ele>694.2</ele><time>2026-01-01T02:16:11Z</time></trkpt>
<trkpt lat="-27.320895" lon="152.751775"><ele>694.6</ele><time>2026-01-01T02:16:12Z</time></trkpt>
<trkpt lat="-27.320704" lon="152.751514"><ele>696.5</ele><time>2026-01-01T02:16:17Z</time></trkpt>
<trkpt lat="-27.32067" lon="152.75147"><ele>696.8</ele><time>2026-01-01T02:16:18Z</time></trkpt>
<trkpt lat="-27.320603" lon="152.751381"><ele>697.3</ele><time>2026-01-01T02:16:20Z</time></trkpt>
<trkpt lat="-27.320515" lon="152.75122"><ele>698.2</ele><time>2026-01-01T02:16:23Z</time></trkpt>
<trkpt lat="-27.320491" lon="152.75119"><ele>698.4</ele><time>2026-01-01T02:16:24Z</time></trkpt>
<trkpt lat="-27.320459" lon="152.75114"><ele>698.7</ele><time>2026-01-01T02:16:25Z</time></trkpt>
<trkpt lat="-27.320382" lon="152.751023"><ele>699.4</ele><time>2026-01-01T02:16:28Z</time></trkpt>
<trkpt lat="-27.320357" lon="152.750976"><ele>699.7</ele><time>2026-01-01T02:16:29Z</time></trkpt>
<trkpt lat="-27.320343" lon="152.75094"><ele>699.9</ele><time>2026-01-01T02:16:30Z</time></trkpt>
<trkpt lat="-27.320318" lon="152.750901"><ele>700.2</ele><time>2026-01-01T02:16:31Z</time></trkpt>
<trkpt lat="-27.320264" lon="152.75082"><ele>700.8</ele><time>2026-01-01T02:16:33Z</time></trkpt>
<trkpt lat="-27.320246" lon="152.750786"><ele>701.1</ele><time>2026-01-01T02:16:34Z</time></trkpt>
<trkpt lat="-27.320225" lon="152.75074"><ele>701.5</ele><time>2026-01-01T02:16:35Z</time></trkpt>
<trkpt lat="-27.320205" lon="152.750691"><ele>701.9</ele><time>2026-01-01T02:16:36Z</time></trkpt>
<trkpt lat="-27.320159" lon="152.750574"><ele>702.8</ele><time>2026-01-01T02:16:38Z</time></trkpt>
<trkpt lat="-27.320137" lon="152.750527"><ele>703.2</ele><time>2026-01-01T02:16:39Z</time></trkpt>
<trkpt lat="-27.320122" lon="152.750488"><ele>703.6</ele><time>2026-01-01T02:16:40Z</time></trkpt>
<trkpt lat="-27.320104" lon="152.75044"><ele>704</ele><time>2026-01-01T02:16:41Z</time></trkpt>
<trkpt lat="-27.320081" lon="152.75038"><ele>704.4</ele><time>2026-01-01T02:16:42Z</time></trkpt>
<trkpt lat="-27.320047" lon="152.750276"><ele>705.1</ele><time>2026-01-01T02:16:44Z</time></trkpt>
<trkpt lat="-27.319998" lon="152.750172"><ele>705.7</ele><time>2026-01-01T02:16:46Z</time></trkpt>
<trkpt lat="-27.319976" lon="152.750131"><ele>705.9</ele><time>2026-01-01T02:16:47Z</time></trkpt>
<trkpt lat="-27.319951" lon="152.75009"><ele>706</ele><time>2026-01-01T02:16:48Z</time></trkpt>
<trkpt lat="-27.319929" lon="152.750049"><ele>706.1</ele><time>2026-01-01T02:16:49Z</time></trkpt>
<trkpt lat="-27.31986" lon="152.749925"><ele>706</ele><time>2026-01-01T02:16:52Z</time></trkpt>
<trkpt lat="-27.319799" lon="152.749807"><ele>705.4</ele><time>2026-01-01T02:16:55Z</time></trkpt>
<trkpt lat="-27.319778" lon="152.749761"><ele>705</ele><time>2026-01-01T02:16:56Z</time></trkpt>
<trkpt lat="-27.319727" lon="152.749673"><ele>704</ele><time>2026-01-01T02:16:58Z</time></trkpt>
<trkpt lat="-27.319702" lon="152.749638"><ele>703.5</ele><time>2026-01-01T02:16:59Z</time></trkpt>
<trkpt lat="-27.319586" lon="152.749484"><ele>700.6</ele><time>2026-01-01T02:17:02Z</time></trkpt>
<trkpt lat="-27.319531" lon="152.74944"><ele>699.5</ele><time>2026-01-01T02:17:03Z</time></trkpt>
<trkpt lat="-27.319254" lon="152.749258"><ele>694.5</ele><time>2026-01-01T02:17:07Z</time></trkpt>
<trkpt lat="-27.31917" lon="152.749206"><ele>693.4</ele><time>2026-01-01T02:17:08Z</time></trkpt>
<trkpt lat="-27.31892" lon="152.749024"><ele>692.2</ele><time>2026-01-01T02:17:11Z</time></trkpt>
<trkpt lat="-27.318862" lon="152.748975"><ele>692.4</ele><time>2026-01-01T02:17:12Z</time></trkpt>
<trkpt lat="-27.318792" lon="152.748917"><ele>693</ele><time>2026-01-01T02:17:13Z</time></trkpt>
<trkpt lat="-27.318602" lon="152.748744"><ele>695.7</ele><time>2026-01-01T02:17:16Z</time></trkpt>
<trkpt lat="-27.318413" lon="152.748562"><ele>699</ele><time>2026-01-01T02:17:20Z</time></trkpt>
<trkpt lat="-27.318308" lon="152.748438"><ele>701.1</ele><time>2026-01-01T02:17:23Z</time></trkpt>
<trkpt lat="-27.318254" lon="152.74835"><ele>702.5</ele><time>2026-01-01T02:17:25Z</time></trkpt>
<trkpt lat="-27.318235" lon="152.748321"><ele>703</ele><time>2026-01-01T02:17:26Z</time></trkpt>
<trkpt lat="-27.318155" lon="152.748229"><ele>704.7</ele><time>2026-01-01T02:17:29Z</time></trkpt>
<trkpt lat="-27.31813" lon="152.748189"><ele>705.4</ele><time>2026-01-01T02:17:30Z</time></trkpt>
<trkpt lat="-27.318096" lon="152.748126"><ele>706.3</ele><time>2026-01-01T02:17:32Z</time></trkpt>
<trkpt lat="-27.318076" lon="152.748085"><ele>706.9</ele><time>2026-01-01T02:17:33Z</time></trkpt>
<trkpt lat="-27.318041" lon="152.748018"><ele>708</ele><time>2026-01-01T02:17:35Z</time></trkpt>
<trkpt lat="-27.318005" lon="152.747942"><ele>709</ele><time>2026-01-01T02:17:37Z</time></trkpt>
<trkpt lat="-27.317946" lon="152.747836"><ele>710.4</ele><time>2026-01-01T02:17:40Z</time></trkpt>
<trkpt lat="-27.317853" lon="152.747727"><ele>711.8</ele><time>2026-01-01T02:17:44Z</time></trkpt>
<trkpt lat="-27.317821" lon="152.747703"><ele>712.2</ele><time>2026-01-01T02:17:45Z</time></trkpt>
<trkpt lat="-27.317722" lon="152.747646"><ele>713.1</ele><time>2026-01-01T02:17:48Z</time></trkpt>
<trkpt lat="-27.317694" lon="152.747634"><ele>713.3</ele><time>2026-01-01T02:17:49Z</time></trkpt>
<trkpt lat="-27.317502" lon="152.747577"><ele>714.6</ele><time>2026-01-01T02:17:54Z</time></trkpt>
<trkpt lat="-27.317425" lon="152.747581"><ele>715</ele><time>2026-01-01T02:17:56Z</time></trkpt>
<trkpt lat="-27.317341" lon="152.747585"><ele>715.5</ele><time>2026-01-01T02:17:58Z</time></trkpt>
<trkpt lat="-27.317215" lon="152.747589"><ele>716.4</ele><time>2026-01-01T02:18:01Z</time></trkpt>
<trkpt lat="-27.317027" lon="152.747675"><ele>718</ele><time>2026-01-01T02:18:05Z</time></trkpt>
<trkpt lat="-27.316986" lon="152.747687"><ele>718.4</ele><time>2026-01-01T02:18:06Z</time></trkpt>
<trkpt lat="-27.316837" lon="152.74774"><ele>719.8</ele><time>2026-01-01T02:18:10Z</time></trkpt>
<trkpt lat="-27.316684" lon="152.74765"><ele>721.3</ele><time>2026-01-01T02:18:14Z</time></trkpt>
<trkpt lat="-27.316659" lon="152.747587"><ele>721.8</ele><time>2026-01-01T02:18:15Z</time></trkpt>
<trkpt lat="-27.316584" lon="152.747512"><ele>722.7</ele><time>2026-01-01T02:18:17Z</time></trkpt>
<trkpt lat="-27.316559" lon="152.747496"><ele>722.9</ele><time>2026-01-01T02:18:18Z</time></trkpt>
<trkpt lat="-27.316502" lon="152.747481"><ele>723.3</ele><time>2026-01-01T02:18:20Z</time></trkpt>
<trkpt lat="-27.316441" lon="152.747445"><ele>723.7</ele><time>2026-01-01T02:18:22Z</time></trkpt>
<trkpt lat="-27.31642" lon="152.747424"><ele>723.8</ele><time>2026-01-01T02:18:23Z</time></trkpt>
<trkpt lat="-27.316296" lon="152.74727"><ele>724.6</ele><time>2026-01-01T02:18:28Z</time></trkpt>
<trkpt lat="-27.316256" lon="152.747251"><ele>724.8</ele><time>2026-01-01T02:18:29Z</time></trkpt>
<trkpt lat="-27.316075" lon="152.747111"><ele>726.2</ele><time>2026-01-01T02:18:34Z</time></trkpt>
<trkpt lat="-27.315975" lon="152.747039"><ele>727.4</ele><time>2026-01-01T02:18:37Z</time></trkpt>
<trkpt lat="-27.3159" lon="152.746927"><ele>728.8</ele><time>2026-01-01T02:18:40Z</time></trkpt>
<trkpt lat="-27.315878" lon="152.746886"><ele>729.2</ele><time>2026-01-01T02:18:41Z</time></trkpt>
<trkpt lat="-27.315786" lon="152.74678"><ele>730.7</ele><time>2026-01-01T02:18:44Z</time></trkpt>
<trkpt lat="-27.315699" lon="152.746721"><ele>731.9</ele><time>2026-01-01T02:18:46Z</time></trkpt>
<trkpt lat="-27.315688" lon="152.746696"><ele>732.1</ele><time>2026-01-01T02:18:47Z</time></trkpt>
<trkpt lat="-27.315636" lon="152.746605"><ele>733.2</ele><time>2026-01-01T02:18:50Z</time></trkpt>
<trkpt lat="-27.315594" lon="152.746565"><ele>733.8</ele><time>2026-01-01T02:18:52Z</time></trkpt>
<trkpt lat="-27.315558" lon="152.746543"><ele>734.3</ele><time>2026-01-01T02:18:53Z</time></trkpt>
<trkpt lat="-27.315434" lon="152.746537"><ele>735</ele><time>2026-01-01T02:18:57Z</time></trkpt>
<trkpt lat="-27.315397" lon="152.746555"><ele>735.2</ele><time>2026-01-01T02:18:58Z</time></trkpt>
<trkpt lat="-27.315335" lon="152.746592"><ele>735.6</ele><time>2026-01-01T02:19:00Z</time></trkpt>
<trkpt lat="-27.315301" lon="152.746614"><ele>735.7</ele><time>2026-01-01T02:19:01Z</time></trkpt>
<trkpt lat="-27.315239" lon="152.746665"><ele>735.9</ele><time>2026-01-01T02:19:03Z</time></trkpt>
<trkpt lat="-27.315122" lon="152.746751"><ele>735.5</ele><time>2026-01-01T02:19:06Z</time></trkpt>
<trkpt lat="-27.315077" lon="152.746786"><ele>735.2</ele><time>2026-01-01T02:19:07Z</time></trkpt>
<trkpt lat="-27.314967" lon="152.746816"><ele>734.5</ele><time>2026-01-01T02:19:09Z</time></trkpt>
<trkpt lat="-27.314785" lon="152.74688"><ele>733.2</ele><time>2026-01-01T02:19:12Z</time></trkpt>
<trkpt lat="-27.314725" lon="152.746899"><ele>732.7</ele><time>2026-01-01T02:19:13Z</time></trkpt>
<trkpt lat="-27.314563" lon="152.746982"><ele>731.1</ele><time>2026-01-01T02:19:15Z</time></trkpt>
<trkpt lat="-27.314485" lon="152.747003"><ele>730.3</ele><time>2026-01-01T02:19:16Z</time></trkpt>
<trkpt lat="-27.314334" lon="152.747052"><ele>728.5</ele><time>2026-01-01T02:19:18Z</time></trkpt>
<trkpt lat="-27.314161" lon="152.747118"><ele>726.4</ele><time>2026-01-01T02:19:20Z</time></trkpt>
<trkpt lat="-27.313985" lon="152.747198"><ele>724.5</ele><time>2026-01-01T02:19:22Z</time></trkpt>
<trkpt lat="-27.313898" lon="152.747226"><ele>723.9</ele><time>2026-01-01T02:19:23Z</time></trkpt>
<trkpt lat="-27.313783" lon="152.747278"><ele>723.2</ele><time>2026-01-01T02:19:24Z</time></trkpt>
<trkpt lat="-27.313704" lon="152.747304"><ele>722.9</ele><time>2026-01-01T02:19:25Z</time></trkpt>
<trkpt lat="-27.313324" lon="152.747428"><ele>721.5</ele><time>2026-01-01T02:19:29Z</time></trkpt>
<trkpt lat="-27.313272" lon="152.747469"><ele>721.2</ele><time>2026-01-01T02:19:30Z</time></trkpt>
<trkpt lat="-27.31314" lon="152.747553"><ele>720.3</ele><time>2026-01-01T02:19:32Z</time></trkpt>
<trkpt lat="-27.313061" lon="152.747611"><ele>719.6</ele><time>2026-01-01T02:19:33Z</time></trkpt>
<trkpt lat="-27.313015" lon="152.747667"><ele>719</ele><time>2026-01-01T02:19:34Z</time></trkpt>
<trkpt lat="-27.312906" lon="152.747821"><ele>717.3</ele><time>2026-01-01T02:19:36Z</time></trkpt>
<trkpt lat="-27.312857" lon="152.747914"><ele>716.3</ele><time>2026-01-01T02:19:37Z</time></trkpt>
<trkpt lat="-27.312809" lon="152.748019"><ele>715.2</ele><time>2026-01-01T02:19:38Z</time></trkpt>
<trkpt lat="-27.312756" lon="152.748124"><ele>714.1</ele><time>2026-01-01T02:19:39Z</time></trkpt>
<trkpt lat="-27.312651" lon="152.748327"><ele>712.3</ele><time>2026-01-01T02:19:41Z</time></trkpt>
<trkpt lat="-27.312596" lon="152.74841"><ele>711.6</ele><time>2026-01-01T02:19:42Z</time></trkpt>
<trkpt lat="-27.312524" lon="152.748495"><ele>710.8</ele><time>2026-01-01T02:19:43Z</time></trkpt>
<trkpt lat="-27.312373" lon="152.748672"><ele>709.2</ele><time>2026-01-01T02:19:45Z</time></trkpt>
<trkpt lat="-27.312306" lon="152.748746"><ele>708.5</ele><time>2026-01-01T02:19:46Z</time></trkpt>
<trkpt lat="-27.312185" lon="152.748951"><ele>707.1</ele><time>2026-01-01T02:19:48Z</time></trkpt>
<trkpt lat="-27.312132" lon="152.749073"><ele>706.4</ele><time>2026-01-01T02:19:49Z</time></trkpt>
<trkpt lat="-27.312077" lon="152.749193"><ele>705.7</ele><time>2026-01-01T02:19:50Z</time></trkpt>
<trkpt lat="-27.312024" lon="152.749312"><ele>705.2</ele><time>2026-01-01T02:19:51Z</time></trkpt>
<trkpt lat="-27.311942" lon="152.749533"><ele>704.7</ele><time>2026-01-01T02:19:53Z</time></trkpt>
<trkpt lat="-27.31193" lon="152.749657"><ele>704.4</ele><time>2026-01-01T02:19:54Z</time></trkpt>
<trkpt lat="-27.31194" lon="152.749774"><ele>704.1</ele><time>2026-01-01T02:19:55Z</time></trkpt>
<trkpt lat="-27.312057" lon="152.750164"><ele>702.4</ele><time>2026-01-01T02:19:57Z</time></trkpt>
<trkpt lat="-27.31212" lon="152.750237"><ele>701.8</ele><time>2026-01-01T02:19:58Z</time></trkpt>
<trkpt lat="-27.312203" lon="152.75028"><ele>701.2</ele><time>2026-01-01T02:19:59Z</time></trkpt>
<trkpt lat="-27.312288" lon="152.750303"><ele>700.5</ele><time>2026-01-01T02:20:00Z</time></trkpt>
<trkpt lat="-27.312347" lon="152.750325"><ele>700.1</ele><time>2026-01-01T02:20:01Z</time></trkpt>
<trkpt lat="-27.312491" lon="152.750432"><ele>699.1</ele><time>2026-01-01T02:20:03Z</time></trkpt>
<trkpt lat="-27.312559" lon="152.750562"><ele>698.3</ele><time>2026-01-01T02:20:05Z</time></trkpt>
<trkpt lat="-27.312583" lon="152.750673"><ele>697.6</ele><time>2026-01-01T02:20:06Z</time></trkpt>
<trkpt lat="-27.312591" lon="152.750783"><ele>696.7</ele><time>2026-01-01T02:20:07Z</time></trkpt>
<trkpt lat="-27.312565" lon="152.751026"><ele>693.9</ele><time>2026-01-01T02:20:09Z</time></trkpt>
<trkpt lat="-27.312537" lon="152.751145"><ele>692.2</ele><time>2026-01-01T02:20:10Z</time></trkpt>
<trkpt lat="-27.312474" lon="152.751319"><ele>689.5</ele><time>2026-01-01T02:20:12Z</time></trkpt>
<trkpt lat="-27.312408" lon="152.751402"><ele>688.1</ele><time>2026-01-01T02:20:13Z</time></trkpt>
<trkpt lat="-27.31235" lon="152.751473"><ele>687.1</ele><time>2026-01-01T02:20:14Z</time></trkpt>
<trkpt lat="-27.312261" lon="152.751569"><ele>685.9</ele><time>2026-01-01T02:20:15Z</time></trkpt>
<trkpt lat="-27.31218" lon="152.75166"><ele>685.1</ele><time>2026-01-01T02:20:16Z</time></trkpt>
<trkpt lat="-27.312106" lon="152.75174"><ele>684.6</ele><time>2026-01-01T02:20:17Z</time></trkpt>
<trkpt lat="-27.311988" lon="152.75185"><ele>684.1</ele><time>2026-01-01T02:20:18Z</time></trkpt>
<trkpt lat="-27.311873" lon="152.751924"><ele>684</ele><time>2026-01-01T02:20:19Z</time></trkpt>
<trkpt lat="-27.31177" lon="152.751909"><ele>684.1</ele><time>2026-01-01T02:20:20Z</time></trkpt>
<trkpt lat="-27.311374" lon="152.752012"><ele>685.7</ele><time>2026-01-01T02:20:24Z</time></trkpt>
<trkpt lat="-27.311303" lon="152.75205"><ele>686.3</ele><time>2026-01-01T02:20:25Z</time></trkpt>
<trkpt lat="-27.31121" lon="152.752162"><ele>687.6</ele><time>2026-01-01T02:20:27Z</time></trkpt>
<trkpt lat="-27.311164" lon="152.752366"><ele>689.8</ele><time>2026-01-01T02:20:29Z</time></trkpt>
<trkpt lat="-27.31116" lon="152.752436"><ele>690.5</ele><time>2026-01-01T02:20:30Z</time></trkpt>
<trkpt lat="-27.311151" lon="152.752671"><ele>693</ele><time>2026-01-01T02:20:34Z</time></trkpt>
<trkpt lat="-27.311142" lon="152.752735"><ele>693.6</ele><time>2026-01-01T02:20:35Z</time></trkpt>
<trkpt lat="-27.311081" lon="152.752929"><ele>695.6</ele><time>2026-01-01T02:20:38Z</time></trkpt>
<trkpt lat="-27.31107" lon="152.752977"><ele>696.1</ele><time>2026-01-01T02:20:39Z</time></trkpt>
<trkpt lat="-27.311057" lon="152.753141"><ele>697.3</ele><time>2026-01-01T02:20:42Z</time></trkpt>
<trkpt lat="-27.311051" lon="152.753191"><ele>697.6</ele><time>2026-01-01T02:20:43Z</time></trkpt>
<trkpt lat="-27.311067" lon="152.753299"><ele>698.2</ele><time>2026-01-01T02:20:45Z</time></trkpt>
<trkpt lat="-27.311081" lon="152.753363"><ele>698.5</ele><time>2026-01-01T02:20:46Z</time></trkpt>
<trkpt lat="-27.311102" lon="152.753424"><ele>698.7</ele><time>2026-01-01T02:20:47Z</time></trkpt>
<trkpt lat="-27.311139" lon="152.75368"><ele>699.1</ele><time>2026-01-01T02:20:49Z</time></trkpt>
<trkpt lat="-27.31114" lon="152.753753"><ele>699.1</ele><time>2026-01-01T02:20:50Z</time></trkpt>
<trkpt lat="-27.311143" lon="152.753829"><ele>699.1</ele><time>2026-01-01T02:20:51Z</time></trkpt>
<trkpt lat="-27.31108" lon="152.754016"><ele>699.1</ele><time>2026-01-01T02:20:54Z</time></trkpt>
<trkpt lat="-27.310995" lon="152.754127"><ele>699.1</ele><time>2026-01-01T02:20:56Z</time></trkpt>
<trkpt lat="-27.310869" lon="152.754198"><ele>699.1</ele><time>2026-01-01T02:20:58Z</time></trkpt>
<trkpt lat="-27.310679" lon="152.754233"><ele>698.6</ele><time>2026-01-01T02:21:01Z</time></trkpt>
<trkpt lat="-27.310544" lon="152.754256"><ele>697.7</ele><time>2026-01-01T02:21:03Z</time></trkpt>
<trkpt lat="-27.3104" lon="152.754328"><ele>696.2</ele><time>2026-01-01T02:21:05Z</time></trkpt>
<trkpt lat="-27.310291" lon="152.754428"><ele>694.3</ele><time>2026-01-01T02:21:07Z</time></trkpt>
<trkpt lat="-27.310211" lon="152.754564"><ele>691.9</ele><time>2026-01-01T02:21:09Z</time></trkpt>
<trkpt lat="-27.310166" lon="152.754663"><ele>690.2</ele><time>2026-01-01T02:21:10Z</time></trkpt>
<trkpt lat="-27.310073" lon="152.754882"><ele>685.9</ele><time>2026-01-01T02:21:12Z</time></trkpt>
<trkpt lat="-27.310026" lon="152.755009"><ele>683.3</ele><time>2026-01-01T02:21:13Z</time></trkpt>
<trkpt lat="-27.309955" lon="152.75526"><ele>678.4</ele><time>2026-01-01T02:21:15Z</time></trkpt>
<trkpt lat="-27.309882" lon="152.755417"><ele>675.5</ele><time>2026-01-01T02:21:16Z</time></trkpt>
<trkpt lat="-27.309828" lon="152.755521"><ele>673.8</ele><time>2026-01-01T02:21:17Z</time></trkpt>
<trkpt lat="-27.30976" lon="152.755656"><ele>672.1</ele><time>2026-01-01T02:21:18Z</time></trkpt>
<trkpt lat="-27.30968" lon="152.755828"><ele>671.1</ele><time>2026-01-01T02:21:19Z</time></trkpt>
<trkpt lat="-27.309589" lon="152.755984"><ele>671.2</ele><time>2026-01-01T02:21:20Z</time></trkpt>
<trkpt lat="-27.309383" lon="152.756189"><ele>672.8</ele><time>2026-01-01T02:21:22Z</time></trkpt>
<trkpt lat="-27.309174" lon="152.756341"><ele>674.7</ele><time>2026-01-01T02:21:24Z</time></trkpt>
<trkpt lat="-27.309067" lon="152.756379"><ele>675.6</ele><time>2026-01-01T02:21:25Z</time></trkpt>
<trkpt lat="-27.308951" lon="152.756383"><ele>676.3</ele><time>2026-01-01T02:21:26Z</time></trkpt>
<trkpt lat="-27.308731" lon="152.75637"><ele>677.6</ele><time>2026-01-01T02:21:28Z</time></trkpt>
<trkpt lat="-27.308635" lon="152.756346"><ele>678</ele><time>2026-01-01T02:21:29Z</time></trkpt>
<trkpt lat="-27.308538" lon="152.756298"><ele>678.4</ele><time>2026-01-01T02:21:30Z</time></trkpt>
<trkpt lat="-27.30848" lon="152.756256"><ele>678.4</ele><time>2026-01-01T02:21:31Z</time></trkpt>
<trkpt lat="-27.308307" lon="152.756127"><ele>677.7</ele><time>2026-01-01T02:21:33Z</time></trkpt>
<trkpt lat="-27.308225" lon="152.756065"><ele>677</ele><time>2026-01-01T02:21:34Z</time></trkpt>
<trkpt lat="-27.308036" lon="152.755959"><ele>674.9</ele><time>2026-01-01T02:21:36Z</time></trkpt>
<trkpt lat="-27.30793" lon="152.755943"><ele>673.7</ele><time>2026-01-01T02:21:37Z</time></trkpt>
<trkpt lat="-27.30781" lon="152.755964"><ele>672.2</ele><time>2026-01-01T02:21:38Z</time></trkpt>
<trkpt lat="-27.307684" lon="152.755994"><ele>670.7</ele><time>2026-01-01T02:21:39Z</time></trkpt>
<trkpt lat="-27.307602" lon="152.756023"><ele>669.9</ele><time>2026-01-01T02:21:40Z</time></trkpt>
<trkpt lat="-27.307504" lon="152.75607"><ele>669</ele><time>2026-01-01T02:21:41Z</time></trkpt>
<trkpt lat="-27.307394" lon="152.756156"><ele>668.1</ele><time>2026-01-01T02:21:42Z</time></trkpt>
<trkpt lat="-27.307298" lon="152.75623"><ele>667.5</ele><time>2026-01-01T02:21:43Z</time></trkpt>
<trkpt lat="-27.307219" lon="152.756285"><ele>667.1</ele><time>2026-01-01T02:21:44Z</time></trkpt>
<trkpt lat="-27.307119" lon="152.756338"><ele>666.7</ele><time>2026-01-01T02:21:45Z</time></trkpt>
<trkpt lat="-27.307017" lon="152.756373"><ele>666.4</ele><time>2026-01-01T02:21:46Z</time></trkpt>
<trkpt lat="-27.30692" lon="152.756408"><ele>666.2</ele><time>2026-01-01T02:21:47Z</time></trkpt>
<trkpt lat="-27.306728" lon="152.756478"><ele>666</ele><time>2026-01-01T02:21:49Z</time></trkpt>
<trkpt lat="-27.306507" lon="152.756511"><ele>665.8</ele><time>2026-01-01T02:21:51Z</time></trkpt>
<trkpt lat="-27.306321" lon="152.756519"><ele>665.1</ele><time>2026-01-01T02:21:53Z</time></trkpt>
<trkpt lat="-27.306156" lon="152.756531"><ele>664.1</ele><time>2026-01-01T02:21:55Z</time></trkpt>
<trkpt lat="-27.305848" lon="152.756588"><ele>661</ele><time>2026-01-01T02:21:58Z</time></trkpt>
<trkpt lat="-27.305645" lon="152.756623"><ele>658.3</ele><time>2026-01-01T02:22:00Z</time></trkpt>
<trkpt lat="-27.305539" lon="152.756642"><ele>656.8</ele><time>2026-01-01T02:22:01Z</time></trkpt>
<trkpt lat="-27.30545" lon="152.756658"><ele>655.5</ele><time>2026-01-01T02:22:02Z</time></trkpt>
<trkpt lat="-27.305339" lon="152.756662"><ele>654.1</ele><time>2026-01-01T02:22:03Z</time></trkpt>
<trkpt lat="-27.305231" lon="152.756651"><ele>653</ele><time>2026-01-01T02:22:04Z</time></trkpt>
<trkpt lat="-27.304986" lon="152.756611"><ele>650.7</ele><time>2026-01-01T02:22:06Z</time></trkpt>
<trkpt lat="-27.304772" lon="152.756577"><ele>648.8</ele><time>2026-01-01T02:22:08Z</time></trkpt>
<trkpt lat="-27.30453" lon="152.756543"><ele>645.9</ele><time>2026-01-01T02:22:10Z</time></trkpt>
<trkpt lat="-27.304399" lon="152.756496"><ele>644.2</ele><time>2026-01-01T02:22:11Z</time></trkpt>
<trkpt lat="-27.304253" lon="152.75645"><ele>642.5</ele><time>2026-01-01T02:22:12Z</time></trkpt>
<trkpt lat="-27.30416" lon="152.75643"><ele>641.8</ele><time>2026-01-01T02:22:13Z</time></trkpt>
<trkpt lat="-27.304017" lon="152.756406"><ele>641.1</ele><time>2026-01-01T02:22:14Z</time></trkpt>
<trkpt lat="-27.303913" lon="152.756383"><ele>641</ele><time>2026-01-01T02:22:15Z</time></trkpt>
<trkpt lat="-27.303668" lon="152.756323"><ele>642.4</ele><time>2026-01-01T02:22:17Z</time></trkpt>
<trkpt lat="-27.303527" lon="152.756316"><ele>644.2</ele><time>2026-01-01T02:22:18Z</time></trkpt>
<trkpt lat="-27.303095" lon="152.756341"><ele>653.8</ele><time>2026-01-01T02:22:22Z</time></trkpt>
<trkpt lat="-27.302864" lon="152.756329"><ele>660</ele><time>2026-01-01T02:22:25Z</time></trkpt>
<trkpt lat="-27.302784" lon="152.756354"><ele>662</ele><time>2026-01-01T02:22:26Z</time></trkpt>
<trkpt lat="-27.302744" lon="152.756383"><ele>663</ele><time>2026-01-01T02:22:27Z</time></trkpt>
<trkpt lat="-27.302701" lon="152.756407"><ele>664</ele><time>2026-01-01T02:22:28Z</time></trkpt>
<trkpt lat="-27.30266" lon="152.756437"><ele>664.9</ele><time>2026-01-01T02:22:29Z</time></trkpt>
<trkpt lat="-27.302624" lon="152.756469"><ele>665.8</ele><time>2026-01-01T02:22:30Z</time></trkpt>
<trkpt lat="-27.302536" lon="152.756543"><ele>667.6</ele><time>2026-01-01T02:22:33Z</time></trkpt>
<trkpt lat="-27.302471" lon="152.756616"><ele>668.8</ele><time>2026-01-01T02:22:36Z</time></trkpt>
<trkpt lat="-27.302445" lon="152.756651"><ele>669.4</ele><time>2026-01-01T02:22:38Z</time></trkpt>
<trkpt lat="-27.302387" lon="152.756727"><ele>670.4</ele><time>2026-01-01T02:22:41Z</time></trkpt>
<trkpt lat="-27.302367" lon="152.756749"><ele>670.8</ele><time>2026-01-01T02:22:42Z</time></trkpt>
<trkpt lat="-27.302331" lon="152.756797"><ele>671.5</ele><time>2026-01-01T02:22:44Z</time></trkpt>
<trkpt lat="-27.302198" lon="152.756868"><ele>673.3</ele><time>2026-01-01T02:22:48Z</time></trkpt>
<trkpt lat="-27.302124" lon="152.756931"><ele>674.5</ele><time>2026-01-01T02:22:51Z</time></trkpt>
<trkpt lat="-27.302069" lon="152.756957"><ele>675.2</ele><time>2026-01-01T02:22:53Z</time></trkpt>
<trkpt lat="-27.302042" lon="152.756975"><ele>675.6</ele><time>2026-01-01T02:22:54Z</time></trkpt>
<trkpt lat="-27.301924" lon="152.757025"><ele>677.2</ele><time>2026-01-01T02:22:58Z</time></trkpt>
<trkpt lat="-27.301901" lon="152.757035"><ele>677.5</ele><time>2026-01-01T02:22:59Z</time></trkpt>
<trkpt lat="-27.301848" lon="152.757097"><ele>678.5</ele><time>2026-01-01T02:23:01Z</time></trkpt>
<trkpt lat="-27.301794" lon="152.757121"><ele>679.3</ele><time>2026-01-01T02:23:03Z</time></trkpt>
<trkpt lat="-27.301771" lon="152.757125"><ele>679.6</ele><time>2026-01-01T02:23:04Z</time></trkpt>
<trkpt lat="-27.301754" lon="152.757127"><ele>679.8</ele><time>2026-01-01T02:23:05Z</time></trkpt>
<trkpt lat="-27.301732" lon="152.757127"><ele>680.1</ele><time>2026-01-01T02:23:06Z</time></trkpt>
<trkpt lat="-27.301686" lon="152.757131"><ele>680.6</ele><time>2026-01-01T02:23:08Z</time></trkpt>
<trkpt lat="-27.301628" lon="152.757125"><ele>681.4</ele><time>2026-01-01T02:23:11Z</time></trkpt>
<trkpt lat="-27.301606" lon="152.757118"><ele>681.7</ele><time>2026-01-01T02:23:12Z</time></trkpt>
<trkpt lat="-27.301584" lon="152.757112"><ele>682</ele><time>2026-01-01T02:23:13Z</time></trkpt>
<trkpt lat="-27.301498" lon="152.757082"><ele>683.1</ele><time>2026-01-01T02:23:17Z</time></trkpt>
<trkpt lat="-27.301467" lon="152.757065"><ele>683.5</ele><time>2026-01-01T02:23:18Z</time></trkpt>
<trkpt lat="-27.301449" lon="152.757035"><ele>683.9</ele><time>2026-01-01T02:23:19Z</time></trkpt>
<trkpt lat="-27.301392" lon="152.757"><ele>684.7</ele><time>2026-01-01T02:23:21Z</time></trkpt>
<trkpt lat="-27.301366" lon="152.756994"><ele>685.1</ele><time>2026-01-01T02:23:22Z</time></trkpt>
<trkpt lat="-27.301238" lon="152.756982"><ele>686.5</ele><time>2026-01-01T02:23:26Z</time></trkpt>
<trkpt lat="-27.301217" lon="152.756984"><ele>686.8</ele><time>2026-01-01T02:23:27Z</time></trkpt>
<trkpt lat="-27.301188" lon="152.756976"><ele>687.1</ele><time>2026-01-01T02:23:28Z</time></trkpt>
<trkpt lat="-27.301086" lon="152.756943"><ele>688.1</ele><time>2026-01-01T02:23:31Z</time></trkpt>
<trkpt lat="-27.301021" lon="152.756949"><ele>688.7</ele><time>2026-01-01T02:23:33Z</time></trkpt>
<trkpt lat="-27.300901" lon="152.756975"><ele>689.5</ele><time>2026-01-01T02:23:37Z</time></trkpt>
<trkpt lat="-27.300746" lon="152.756932"><ele>690.3</ele><time>2026-01-01T02:23:41Z</time></trkpt>
<trkpt lat="-27.300525" lon="152.756882"><ele>690.6</ele><time>2026-01-01T02:23:47Z</time></trkpt>
<trkpt lat="-27.300483" lon="152.756878"><ele>690.6</ele><time>2026-01-01T02:23:48Z</time></trkpt>
<trkpt lat="-27.300388" lon="152.756813"><ele>690.5</ele><time>2026-01-01T02:23:51Z</time></trkpt>
<trkpt lat="-27.30029" lon="152.756698"><ele>690.2</ele><time>2026-01-01T02:23:54Z</time></trkpt>
<trkpt lat="-27.300248" lon="152.756659"><ele>690.2</ele><time>2026-01-01T02:23:55Z</time></trkpt>
<trkpt lat="-27.300205" lon="152.756615"><ele>690.2</ele><time>2026-01-01T02:23:56Z</time></trkpt>
<trkpt lat="-27.300119" lon="152.756529"><ele>690.3</ele><time>2026-01-01T02:23:58Z</time></trkpt>
<trkpt lat="-27.300025" lon="152.756434"><ele>690.7</ele><time>2026-01-01T02:24:00Z</time></trkpt>
<trkpt lat="-27.299982" lon="152.756398"><ele>691</ele><time>2026-01-01T02:24:01Z</time></trkpt>
<trkpt lat="-27.299798" lon="152.756256"><ele>692</ele><time>2026-01-01T02:24:05Z</time></trkpt>
<trkpt lat="-27.299712" lon="152.756162"><ele>692.5</ele><time>2026-01-01T02:24:07Z</time></trkpt>
<trkpt lat="-27.299596" lon="152.756081"><ele>692.8</ele><time>2026-01-01T02:24:10Z</time></trkpt>
<trkpt lat="-27.299542" lon="152.75605"><ele>692.8</ele><time>2026-01-01T02:24:12Z</time></trkpt>
<trkpt lat="-27.299346" lon="152.755868"><ele>692.3</ele><time>2026-01-01T02:24:17Z</time></trkpt>
<trkpt lat="-27.299183" lon="152.755691"><ele>690.5</ele><time>2026-01-01T02:24:20Z</time></trkpt>
<trkpt lat="-27.299119" lon="152.75562"><ele>689.6</ele><time>2026-01-01T02:24:21Z</time></trkpt>
<trkpt lat="-27.299013" lon="152.755472"><ele>687.5</ele><time>2026-01-01T02:24:23Z</time></trkpt>
<trkpt lat="-27.298905" lon="152.755315"><ele>685.3</ele><time>2026-01-01T02:24:25Z</time></trkpt>
<trkpt lat="-27.298841" lon="152.755245"><ele>684.3</ele><time>2026-01-01T02:24:26Z</time></trkpt>
<trkpt lat="-27.298651" lon="152.754999"><ele>681.9</ele><time>2026-01-01T02:24:29Z</time></trkpt>
<trkpt lat="-27.298548" lon="152.754861"><ele>681.1</ele><time>2026-01-01T02:24:31Z</time></trkpt>
<trkpt lat="-27.298448" lon="152.754708"><ele>680.6</ele><time>2026-01-01T02:24:33Z</time></trkpt>
<trkpt lat="-27.298348" lon="152.754573"><ele>680.2</ele><time>2026-01-01T02:24:35Z</time></trkpt>
<trkpt lat="-27.298279" lon="152.754504"><ele>680</ele><time>2026-01-01T02:24:36Z</time></trkpt>
<trkpt lat="-27.298169" lon="152.754391"><ele>679.9</ele><time>2026-01-01T02:24:38Z</time></trkpt>
<trkpt lat="-27.298116" lon="152.754328"><ele>680</ele><time>2026-01-01T02:24:39Z</time></trkpt>
<trkpt lat="-27.298063" lon="152.754268"><ele>680.1</ele><time>2026-01-01T02:24:40Z</time></trkpt>
<trkpt lat="-27.29787" lon="152.754008"><ele>681.3</ele><time>2026-01-01T02:24:44Z</time></trkpt>
<trkpt lat="-27.297844" lon="152.753949"><ele>681.7</ele><time>2026-01-01T02:24:45Z</time></trkpt>
<trkpt lat="-27.297822" lon="152.753878"><ele>682.4</ele><time>2026-01-01T02:24:46Z</time></trkpt>
<trkpt lat="-27.297804" lon="152.753729"><ele>684.3</ele><time>2026-01-01T02:24:48Z</time></trkpt>
<trkpt lat="-27.297786" lon="152.753595"><ele>686.3</ele><time>2026-01-01T02:24:50Z</time></trkpt>
<trkpt lat="-27.297775" lon="152.753471"><ele>688.3</ele><time>2026-01-01T02:24:52Z</time></trkpt>
<trkpt lat="-27.297772" lon="152.753419"><ele>689.1</ele><time>2026-01-01T02:24:53Z</time></trkpt>
<trkpt lat="-27.297782" lon="152.753377"><ele>689.8</ele><time>2026-01-01T02:24:54Z</time></trkpt>
<trkpt lat="-27.297819" lon="152.753305"><ele>691</ele><time>2026-01-01T02:24:56Z</time></trkpt>
<trkpt lat="-27.297849" lon="152.753265"><ele>691.8</ele><time>2026-01-01T02:24:57Z</time></trkpt>
<trkpt lat="-27.297912" lon="152.753169"><ele>693.6</ele><time>2026-01-01T02:24:59Z</time></trkpt>
<trkpt lat="-27.297978" lon="152.75311"><ele>694.9</ele><time>2026-01-01T02:25:00Z</time></trkpt>
<trkpt lat="-27.298001" lon="152.753073"><ele>695.5</ele><time>2026-01-01T02:25:01Z</time></trkpt>
<trkpt lat="-27.298065" lon="152.752992"><ele>696.9</ele><time>2026-01-01T02:25:03Z</time></trkpt>
<trkpt lat="-27.298092" lon="152.752948"><ele>697.6</ele><time>2026-01-01T02:25:04Z</time></trkpt>
<trkpt lat="-27.298121" lon="152.752914"><ele>698.1</ele><time>2026-01-01T02:25:05Z</time></trkpt>
<trkpt lat="-27.298237" lon="152.752673"><ele>701.6</ele><time>2026-01-01T02:25:11Z</time></trkpt>
<trkpt lat="-27.298261" lon="152.752532"><ele>703.4</ele><time>2026-01-01T02:25:15Z</time></trkpt>
<trkpt lat="-27.29825" lon="152.752447"><ele>704.4</ele><time>2026-01-01T02:25:17Z</time></trkpt>
<trkpt lat="-27.298227" lon="152.752408"><ele>705</ele><time>2026-01-01T02:25:18Z</time></trkpt>
<trkpt lat="-27.298213" lon="152.752269"><ele>706.4</ele><time>2026-01-01T02:25:22Z</time></trkpt>
<trkpt lat="-27.298213" lon="152.75225"><ele>706.6</ele><time>2026-01-01T02:25:23Z</time></trkpt>
<trkpt lat="-27.298193" lon="152.752189"><ele>707.3</ele><time>2026-01-01T02:25:26Z</time></trkpt>
<trkpt lat="-27.298165" lon="152.752135"><ele>707.9</ele><time>2026-01-01T02:25:28Z</time></trkpt>
<trkpt lat="-27.298134" lon="152.752117"><ele>708.3</ele><time>2026-01-01T02:25:29Z</time></trkpt>
<trkpt lat="-27.29806" lon="152.752106"><ele>709.2</ele><time>2026-01-01T02:25:30Z</time></trkpt>
<trkpt lat="-27.297999" lon="152.752102"><ele>709.9</ele><time>2026-01-01T02:25:31Z</time></trkpt>
<trkpt lat="-27.297932" lon="152.752076"><ele>710.6</ele><time>2026-01-01T02:25:33Z</time></trkpt>
<trkpt lat="-27.297851" lon="152.752035"><ele>711.5</ele><time>2026-01-01T02:25:36Z</time></trkpt>
<trkpt lat="-27.297825" lon="152.752022"><ele>711.8</ele><time>2026-01-01T02:25:39Z</time></trkpt>
<trkpt lat="-27.297654" lon="152.752007"><ele>713.6</ele><time>2026-01-01T02:25:47Z</time></trkpt>
<trkpt lat="-27.297601" lon="152.751959"><ele>714.4</ele><time>2026-01-01T02:25:49Z</time></trkpt>
<trkpt lat="-27.297538" lon="152.751909"><ele>715.2</ele><time>2026-01-01T02:25:51Z</time></trkpt>
<trkpt lat="-27.297466" lon="152.751851"><ele>716</ele><time>2026-01-01T02:25:53Z</time></trkpt>
<trkpt lat="-27.297442" lon="152.751831"><ele>716.3</ele><time>2026-01-01T02:25:54Z</time></trkpt>
<trkpt lat="-27.297428" lon="152.751818"><ele>716.4</ele><time>2026-01-01T02:25:56Z</time></trkpt>
<trkpt lat="-27.297405" lon="152.751794"><ele>716.7</ele><time>2026-01-01T02:25:57Z</time></trkpt>
<trkpt lat="-27.297391" lon="152.75177"><ele>716.9</ele><time>2026-01-01T02:25:58Z</time></trkpt>
<trkpt lat="-27.297364" lon="152.7517"><ele>717.5</ele><time>2026-01-01T02:26:00Z</time></trkpt>
<trkpt lat="-27.297338" lon="152.75161"><ele>718.3</ele><time>2026-01-01T02:26:03Z</time></trkpt>
<trkpt lat="-27.297306" lon="152.751547"><ele>718.9</ele><time>2026-01-01T02:26:05Z</time></trkpt>
<trkpt lat="-27.297283" lon="152.751515"><ele>719.2</ele><time>2026-01-01T02:26:06Z</time></trkpt>
<trkpt lat="-27.297249" lon="152.751438"><ele>719.9</ele><time>2026-01-01T02:26:08Z</time></trkpt>
<trkpt lat="-27.297241" lon="152.751405"><ele>720.1</ele><time>2026-01-01T02:26:09Z</time></trkpt>
<trkpt lat="-27.29723" lon="152.751329"><ele>720.7</ele><time>2026-01-01T02:26:11Z</time></trkpt>
<trkpt lat="-27.297208" lon="152.751294"><ele>721.1</ele><time>2026-01-01T02:26:12Z</time></trkpt>
<trkpt lat="-27.297132" lon="152.751171"><ele>722.1</ele><time>2026-01-01T02:26:16Z</time></trkpt>
<trkpt lat="-27.297114" lon="152.751137"><ele>722.4</ele><time>2026-01-01T02:26:17Z</time></trkpt>
<trkpt lat="-27.29708" lon="152.751045"><ele>723.2</ele><time>2026-01-01T02:26:20Z</time></trkpt>
<trkpt lat="-27.297064" lon="152.751022"><ele>723.4</ele><time>2026-01-01T02:26:21Z</time></trkpt>
<trkpt lat="-27.297021" lon="152.750939"><ele>724.3</ele><time>2026-01-01T02:26:24Z</time></trkpt>
<trkpt lat="-27.297002" lon="152.750908"><ele>724.6</ele><time>2026-01-01T02:26:25Z</time></trkpt>
<trkpt lat="-27.296944" lon="152.750755"><ele>726.2</ele><time>2026-01-01T02:26:31Z</time></trkpt>
<trkpt lat="-27.296928" lon="152.750731"><ele>726.5</ele><time>2026-01-01T02:26:32Z</time></trkpt>
<trkpt lat="-27.296854" lon="152.750656"><ele>727.6</ele><time>2026-01-01T02:26:36Z</time></trkpt>
<trkpt lat="-27.296804" lon="152.750603"><ele>728.4</ele><time>2026-01-01T02:26:38Z</time></trkpt>
<trkpt lat="-27.29676" lon="152.750539"><ele>729.1</ele><time>2026-01-01T02:26:41Z</time></trkpt>
<trkpt lat="-27.296746" lon="152.750515"><ele>729.4</ele><time>2026-01-01T02:26:42Z</time></trkpt>
<trkpt lat="-27.296729" lon="152.750496"><ele>729.7</ele><time>2026-01-01T02:26:43Z</time></trkpt>
<trkpt lat="-27.296711" lon="152.75048"><ele>729.9</ele><time>2026-01-01T02:26:44Z</time></trkpt>
<trkpt lat="-27.296668" lon="152.750455"><ele>730.5</ele><time>2026-01-01T02:26:46Z</time></trkpt>
<trkpt lat="-27.296623" lon="152.750448"><ele>731</ele><time>2026-01-01T02:26:48Z</time></trkpt>
<trkpt lat="-27.296602" lon="152.75044"><ele>731.3</ele><time>2026-01-01T02:26:49Z</time></trkpt>
<trkpt lat="-27.296537" lon="152.750422"><ele>732.1</ele><time>2026-01-01T02:26:52Z</time></trkpt>
<trkpt lat="-27.296421" lon="152.750408"><ele>733.5</ele><time>2026-01-01T02:26:55Z</time></trkpt>
<trkpt lat="-27.296389" lon="152.750407"><ele>733.9</ele><time>2026-01-01T02:26:56Z</time></trkpt>
<trkpt lat="-27.296326" lon="152.750392"><ele>734.6</ele><time>2026-01-01T02:26:58Z</time></trkpt>
<trkpt lat="-27.296258" lon="152.750358"><ele>735.5</ele><time>2026-01-01T02:27:00Z</time></trkpt>
<trkpt lat="-27.2962" lon="152.750332"><ele>736.3</ele><time>2026-01-01T02:27:03Z</time></trkpt>
<trkpt lat="-27.296172" lon="152.750327"><ele>736.7</ele><time>2026-01-01T02:27:04Z</time></trkpt>
<trkpt lat="-27.29607" lon="152.750301"><ele>738</ele><time>2026-01-01T02:27:08Z</time></trkpt>
<trkpt lat="-27.296047" lon="152.75029"><ele>738.4</ele><time>2026-01-01T02:27:09Z</time></trkpt>
<trkpt lat="-27.295995" lon="152.750267"><ele>739.1</ele><time>2026-01-01T02:27:11Z</time></trkpt>
<trkpt lat="-27.295927" lon="152.750255"><ele>740</ele><time>2026-01-01T02:27:14Z</time></trkpt>
<trkpt lat="-27.295876" lon="152.750262"><ele>740.7</ele><time>2026-01-01T02:27:16Z</time></trkpt>
<trkpt lat="-27.295793" lon="152.750198"><ele>742.1</ele><time>2026-01-01T02:27:19Z</time></trkpt>
<trkpt lat="-27.295706" lon="152.750187"><ele>743.3</ele><time>2026-01-01T02:27:21Z</time></trkpt>
<trkpt lat="-27.295677" lon="152.75018"><ele>743.7</ele><time>2026-01-01T02:27:22Z</time></trkpt>
<trkpt lat="-27.295654" lon="152.750189"><ele>744.1</ele><time>2026-01-01T02:27:23Z</time></trkpt>
<trkpt lat="-27.295598" lon="152.750217"><ele>745</ele><time>2026-01-01T02:27:25Z</time></trkpt>
<trkpt lat="-27.295471" lon="152.750212"><ele>746.7</ele><time>2026-01-01T02:27:29Z</time></trkpt>
<trkpt lat="-27.295419" lon="152.750213"><ele>747.4</ele><time>2026-01-01T02:27:31Z</time></trkpt>
<trkpt lat="-27.295358" lon="152.750212"><ele>748.2</ele><time>2026-01-01T02:27:33Z</time></trkpt>
<trkpt lat="-27.295304" lon="152.750228"><ele>748.9</ele><time>2026-01-01T02:27:35Z</time></trkpt>
<trkpt lat="-27.295259" lon="152.750237"><ele>749.6</ele><time>2026-01-01T02:27:37Z</time></trkpt>
<trkpt lat="-27.29524" lon="152.75022"><ele>749.9</ele><time>2026-01-01T02:27:38Z</time></trkpt>
<trkpt lat="-27.295136" lon="152.750187"><ele>751.2</ele><time>2026-01-01T02:27:41Z</time></trkpt>
<trkpt lat="-27.295042" lon="152.750175"><ele>752.2</ele><time>2026-01-01T02:27:44Z</time></trkpt>
<trkpt lat="-27.295023" lon="152.750178"><ele>752.4</ele><time>2026-01-01T02:27:45Z</time></trkpt>
<trkpt lat="-27.29492" lon="152.750137"><ele>753.4</ele><time>2026-01-01T02:27:49Z</time></trkpt>
<trkpt lat="-27.294869" lon="152.750133"><ele>753.8</ele><time>2026-01-01T02:27:52Z</time></trkpt>
<trkpt lat="-27.294838" lon="152.750138"><ele>754.1</ele><time>2026-01-01T02:27:54Z</time></trkpt>
<trkpt lat="-27.294812" lon="152.750113"><ele>754.3</ele><time>2026-01-01T02:27:55Z</time></trkpt>
<trkpt lat="-27.294743" lon="152.750045"><ele>754.7</ele><time>2026-01-01T02:27:58Z</time></trkpt>
<trkpt lat="-27.294733" lon="152.75005"><ele>754.8</ele><time>2026-01-01T02:27:59Z</time></trkpt>
<trkpt lat="-27.294731" lon="152.750052"><ele>754.8</ele><time>2026-01-01T02:28:02Z</time></trkpt>
<trkpt lat="-27.294675" lon="152.749997"><ele>755</ele><time>2026-01-01T02:28:16Z</time></trkpt>
<trkpt lat="-27.29455" lon="152.749847"><ele>755.1</ele><time>2026-01-01T02:28:21Z</time></trkpt>
<trkpt lat="-27.294427" lon="152.749698"><ele>754.7</ele><time>2026-01-01T02:28:26Z</time></trkpt>
<trkpt lat="-27.294344" lon="152.749552"><ele>753.8</ele><time>2026-01-01T02:28:30Z</time></trkpt>
<trkpt lat="-27.294307" lon="152.749503"><ele>753.2</ele><time>2026-01-01T02:28:31Z</time></trkpt>
<trkpt lat="-27.294276" lon="152.749454"><ele>752.7</ele><time>2026-01-01T02:28:32Z</time></trkpt>
<trkpt lat="-27.294249" lon="152.7494"><ele>752.2</ele><time>2026-01-01T02:28:33Z</time></trkpt>
<trkpt lat="-27.294228" lon="152.749335"><ele>751.6</ele><time>2026-01-01T02:28:34Z</time></trkpt>
<trkpt lat="-27.2942" lon="152.74925"><ele>750.8</ele><time>2026-01-01T02:28:35Z</time></trkpt>
<trkpt lat="-27.294182" lon="152.749184"><ele>750.2</ele><time>2026-01-01T02:28:36Z</time></trkpt>
<trkpt lat="-27.294166" lon="152.749097"><ele>749.5</ele><time>2026-01-01T02:28:37Z</time></trkpt>
<trkpt lat="-27.294155" lon="152.749009"><ele>748.7</ele><time>2026-01-01T02:28:38Z</time></trkpt>
<trkpt lat="-27.294155" lon="152.74892"><ele>748</ele><time>2026-01-01T02:28:39Z</time></trkpt>
<trkpt lat="-27.294165" lon="152.748829"><ele>747.3</ele><time>2026-01-01T02:28:40Z</time></trkpt>
<trkpt lat="-27.294177" lon="152.74866"><ele>746.2</ele><time>2026-01-01T02:28:42Z</time></trkpt>
<trkpt lat="-27.294164" lon="152.748565"><ele>745.7</ele><time>2026-01-01T02:28:43Z</time></trkpt>
<trkpt lat="-27.294136" lon="152.748474"><ele>745.4</ele><time>2026-01-01T02:28:44Z</time></trkpt>
<trkpt lat="-27.294086" lon="152.748382"><ele>745.1</ele><time>2026-01-01T02:28:45Z</time></trkpt>
<trkpt lat="-27.294048" lon="152.748285"><ele>744.8</ele><time>2026-01-01T02:28:46Z</time></trkpt>
<trkpt lat="-27.293997" lon="152.748017"><ele>744.1</ele><time>2026-01-01T02:28:49Z</time></trkpt>
<trkpt lat="-27.293986" lon="152.747933"><ele>743.9</ele><time>2026-01-01T02:28:50Z</time></trkpt>
<trkpt lat="-27.293874" lon="152.747638"><ele>743.1</ele><time>2026-01-01T02:28:54Z</time></trkpt>
<trkpt lat="-27.293789" lon="152.747509"><ele>742.3</ele><time>2026-01-01T02:28:56Z</time></trkpt>
<trkpt lat="-27.293666" lon="152.747311"><ele>740.1</ele><time>2026-01-01T02:28:59Z</time></trkpt>
<trkpt lat="-27.293583" lon="152.747173"><ele>737.9</ele><time>2026-01-01T02:29:01Z</time></trkpt>
<trkpt lat="-27.293501" lon="152.746998"><ele>734.8</ele><time>2026-01-01T02:29:03Z</time></trkpt>
<trkpt lat="-27.293462" lon="152.746868"><ele>732.3</ele><time>2026-01-01T02:29:04Z</time></trkpt>
<trkpt lat="-27.29344" lon="152.746771"><ele>730.6</ele><time>2026-01-01T02:29:05Z</time></trkpt>
<trkpt lat="-27.293409" lon="152.74664"><ele>728.2</ele><time>2026-01-01T02:29:06Z</time></trkpt>
<trkpt lat="-27.293371" lon="152.746503"><ele>725.9</ele><time>2026-01-01T02:29:07Z</time></trkpt>
<trkpt lat="-27.293311" lon="152.74621"><ele>722.3</ele><time>2026-01-01T02:29:09Z</time></trkpt>
<trkpt lat="-27.293276" lon="152.746073"><ele>721.1</ele><time>2026-01-01T02:29:10Z</time></trkpt>
<trkpt lat="-27.293218" lon="152.745838"><ele>719.7</ele><time>2026-01-01T02:29:12Z</time></trkpt>
<trkpt lat="-27.293208" lon="152.745716"><ele>719</ele><time>2026-01-01T02:29:13Z</time></trkpt>
<trkpt lat="-27.293208" lon="152.745598"><ele>718.1</ele><time>2026-01-01T02:29:14Z</time></trkpt>
<trkpt lat="-27.293231" lon="152.745356"><ele>715.3</ele><time>2026-01-01T02:29:16Z</time></trkpt>
<trkpt lat="-27.293261" lon="152.745212"><ele>712.4</ele><time>2026-01-01T02:29:17Z</time></trkpt>
<trkpt lat="-27.293382" lon="152.744989"><ele>707</ele><time>2026-01-01T02:29:19Z</time></trkpt>
<trkpt lat="-27.293474" lon="152.744868"><ele>704</ele><time>2026-01-01T02:29:20Z</time></trkpt>
<trkpt lat="-27.293652" lon="152.744641"><ele>700.4</ele><time>2026-01-01T02:29:22Z</time></trkpt>
<trkpt lat="-27.293799" lon="152.744496"><ele>699.7</ele><time>2026-01-01T02:29:23Z</time></trkpt>
<trkpt lat="-27.293898" lon="152.74439"><ele>699.9</ele><time>2026-01-01T02:29:24Z</time></trkpt>
<trkpt lat="-27.294024" lon="152.744285"><ele>700.5</ele><time>2026-01-01T02:29:25Z</time></trkpt>
<trkpt lat="-27.294112" lon="152.744197"><ele>700.9</ele><time>2026-01-01T02:29:26Z</time></trkpt>
<trkpt lat="-27.294195" lon="152.744107"><ele>701.2</ele><time>2026-01-01T02:29:27Z</time></trkpt>
<trkpt lat="-27.294277" lon="152.744016"><ele>701.2</ele><time>2026-01-01T02:29:28Z</time></trkpt>
<trkpt lat="-27.294349" lon="152.743916"><ele>701</ele><time>2026-01-01T02:29:29Z</time></trkpt>
<trkpt lat="-27.294449" lon="152.743719"><ele>699.6</ele><time>2026-01-01T02:29:31Z</time></trkpt>
<trkpt lat="-27.294521" lon="152.743468"><ele>697</ele><time>2026-01-01T02:29:33Z</time></trkpt>
<trkpt lat="-27.294532" lon="152.743321"><ele>695.4</ele><time>2026-01-01T02:29:34Z</time></trkpt>
<trkpt lat="-27.294525" lon="152.743223"><ele>694.3</ele><time>2026-01-01T02:29:35Z</time></trkpt>
<trkpt lat="-27.294509" lon="152.743108"><ele>693</ele><time>2026-01-01T02:29:36Z</time></trkpt>
<trkpt lat="-27.294477" lon="152.742989"><ele>691.7</ele><time>2026-01-01T02:29:37Z</time></trkpt>
<trkpt lat="-27.294435" lon="152.742869"><ele>690.5</ele><time>2026-01-01T02:29:38Z</time></trkpt>
<trkpt lat="-27.294392" lon="152.742755"><ele>689.6</ele><time>2026-01-01T02:29:39Z</time></trkpt>
<trkpt lat="-27.294333" lon="152.742647"><ele>688.8</ele><time>2026-01-01T02:29:40Z</time></trkpt>
<trkpt lat="-27.294269" lon="152.742539"><ele>688.3</ele><time>2026-01-01T02:29:41Z</time></trkpt>
<trkpt lat="-27.294187" lon="152.742442"><ele>688.1</ele><time>2026-01-01T02:29:42Z</time></trkpt>
<trkpt lat="-27.2941" lon="152.742358"><ele>688.1</ele><time>2026-01-01T02:29:43Z</time></trkpt>
<trkpt lat="-27.294005" lon="152.742282"><ele>688.3</ele><time>2026-01-01T02:29:44Z</time></trkpt>
<trkpt lat="-27.293826" lon="152.742151"><ele>689.1</ele><time>2026-01-01T02:29:46Z</time></trkpt>
<trkpt lat="-27.293743" lon="152.742098"><ele>689.4</ele><time>2026-01-01T02:29:47Z</time></trkpt>
<trkpt lat="-27.293669" lon="152.742049"><ele>689.6</ele><time>2026-01-01T02:29:48Z</time></trkpt>
<trkpt lat="-27.293596" lon="152.741993"><ele>689.5</ele><time>2026-01-01T02:29:49Z</time></trkpt>
<trkpt lat="-27.293542" lon="152.741927"><ele>688.9</ele><time>2026-01-01T02:29:50Z</time></trkpt>
<trkpt lat="-27.293516" lon="152.741851"><ele>688</ele><time>2026-01-01T02:29:51Z</time></trkpt>
<trkpt lat="-27.293529" lon="152.741779"><ele>686.7</ele><time>2026-01-01T02:29:52Z</time></trkpt>
<trkpt lat="-27.293543" lon="152.741714"><ele>685.2</ele><time>2026-01-01T02:29:53Z</time></trkpt>
<trkpt lat="-27.29356" lon="152.741652"><ele>683.4</ele><time>2026-01-01T02:29:54Z</time></trkpt>
<trkpt lat="-27.293671" lon="152.741418"><ele>674.8</ele><time>2026-01-01T02:29:56Z</time></trkpt>
<trkpt lat="-27.293758" lon="152.741312"><ele>670.1</ele><time>2026-01-01T02:29:57Z</time></trkpt>
<trkpt lat="-27.29383" lon="152.741202"><ele>665.9</ele><time>2026-01-01T02:29:58Z</time></trkpt>
<trkpt lat="-27.29392" lon="152.74107"><ele>661.3</ele><time>2026-01-01T02:29:59Z</time></trkpt>
<trkpt lat="-27.294002" lon="152.740924"><ele>656.9</ele><time>2026-01-01T02:30:00Z</time></trkpt>
<trkpt lat="-27.29406" lon="152.740774"><ele>653</ele><time>2026-01-01T02:30:01Z</time></trkpt>
<trkpt lat="-27.294122" lon="152.740607"><ele>648.9</ele><time>2026-01-01T02:30:02Z</time></trkpt>
<trkpt lat="-27.294181" lon="152.740436"><ele>645</ele><time>2026-01-01T02:30:03Z</time></trkpt>
<trkpt lat="-27.294216" lon="152.740268"><ele>641.7</ele><time>2026-01-01T02:30:04Z</time></trkpt>
<trkpt lat="-27.294236" lon="152.740101"><ele>639</ele><time>2026-01-01T02:30:05Z</time></trkpt>
<trkpt lat="-27.294215" lon="152.739783"><ele>636</ele><time>2026-01-01T02:30:07Z</time></trkpt>
<trkpt lat="-27.294147" lon="152.739455"><ele>637.3</ele><time>2026-01-01T02:30:09Z</time></trkpt>
<trkpt lat="-27.294067" lon="152.739005"><ele>647.1</ele><time>2026-01-01T02:30:12Z</time></trkpt>
<trkpt lat="-27.294063" lon="152.738878"><ele>651.3</ele><time>2026-01-01T02:30:13Z</time></trkpt>
<trkpt lat="-27.294078" lon="152.738663"><ele>659.1</ele><time>2026-01-01T02:30:15Z</time></trkpt>
<trkpt lat="-27.294054" lon="152.738519"><ele>664.7</ele><time>2026-01-01T02:30:17Z</time></trkpt>
<trkpt lat="-27.294035" lon="152.738482"><ele>666.3</ele><time>2026-01-01T02:30:18Z</time></trkpt>
<trkpt lat="-27.294024" lon="152.738452"><ele>667.5</ele><time>2026-01-01T02:30:19Z</time></trkpt>
<trkpt lat="-27.294014" lon="152.738419"><ele>668.8</ele><time>2026-01-01T02:30:20Z</time></trkpt>
<trkpt lat="-27.294006" lon="152.738396"><ele>669.7</ele><time>2026-01-01T02:30:21Z</time></trkpt>
<trkpt lat="-27.293982" lon="152.738357"><ele>671.3</ele><time>2026-01-01T02:30:23Z</time></trkpt>
<trkpt lat="-27.293975" lon="152.73833"><ele>672.3</ele><time>2026-01-01T02:30:24Z</time></trkpt>
<trkpt lat="-27.293955" lon="152.738293"><ele>673.7</ele><time>2026-01-01T02:30:26Z</time></trkpt>
<trkpt lat="-27.293906" lon="152.738247"><ele>675.9</ele><time>2026-01-01T02:30:29Z</time></trkpt>
<trkpt lat="-27.293874" lon="152.738189"><ele>677.8</ele><time>2026-01-01T02:30:32Z</time></trkpt>
<trkpt lat="-27.293846" lon="152.738158"><ele>678.9</ele><time>2026-01-01T02:30:34Z</time></trkpt>
<trkpt lat="-27.293832" lon="152.73814"><ele>679.5</ele><time>2026-01-01T02:30:35Z</time></trkpt>
<trkpt lat="-27.293784" lon="152.738092"><ele>681.2</ele><time>2026-01-01T02:30:38Z</time></trkpt>
<trkpt lat="-27.293766" lon="152.738074"><ele>681.7</ele><time>2026-01-01T02:30:39Z</time></trkpt>
<trkpt lat="-27.293699" lon="152.73801"><ele>683.6</ele><time>2026-01-01T02:30:42Z</time></trkpt>
<trkpt lat="-27.293665" lon="152.73797"><ele>684.5</ele><time>2026-01-01T02:30:44Z</time></trkpt>
<trkpt lat="-27.293638" lon="152.737928"><ele>685.3</ele><time>2026-01-01T02:30:46Z</time></trkpt>
<trkpt lat="-27.293581" lon="152.737877"><ele>686.5</ele><time>2026-01-01T02:30:49Z</time></trkpt>
<trkpt lat="-27.293524" lon="152.737802"><ele>687.8</ele><time>2026-01-01T02:30:53Z</time></trkpt>
<trkpt lat="-27.293509" lon="152.73778"><ele>688.2</ele><time>2026-01-01T02:30:54Z</time></trkpt>
<trkpt lat="-27.293473" lon="152.737742"><ele>688.9</ele><time>2026-01-01T02:30:56Z</time></trkpt>
<trkpt lat="-27.293462" lon="152.737721"><ele>689.2</ele><time>2026-01-01T02:30:57Z</time></trkpt>
<trkpt lat="-27.29345" lon="152.737661"><ele>689.9</ele><time>2026-01-01T02:30:59Z</time></trkpt>
<trkpt lat="-27.293436" lon="152.737613"><ele>690.5</ele><time>2026-01-01T02:31:01Z</time></trkpt>
<trkpt lat="-27.293421" lon="152.737561"><ele>691.1</ele><time>2026-01-01T02:31:03Z</time></trkpt>
<trkpt lat="-27.293415" lon="152.737516"><ele>691.6</ele><time>2026-01-01T02:31:05Z</time></trkpt>
<trkpt lat="-27.293418" lon="152.737491"><ele>691.9</ele><time>2026-01-01T02:31:06Z</time></trkpt>
<trkpt lat="-27.293426" lon="152.737351"><ele>693.3</ele><time>2026-01-01T02:31:11Z</time></trkpt>
<trkpt lat="-27.293403" lon="152.737237"><ele>694.4</ele><time>2026-01-01T02:31:16Z</time></trkpt>
<trkpt lat="-27.293393" lon="152.737173"><ele>695</ele><time>2026-01-01T02:31:18Z</time></trkpt>
<trkpt lat="-27.29337" lon="152.737028"><ele>696</ele><time>2026-01-01T02:31:22Z</time></trkpt>
<trkpt lat="-27.29336" lon="152.736967"><ele>696.3</ele><time>2026-01-01T02:31:24Z</time></trkpt>
<trkpt lat="-27.293415" lon="152.736749"><ele>697.3</ele><time>2026-01-01T02:31:29Z</time></trkpt>
<trkpt lat="-27.293568" lon="152.736641"><ele>697.7</ele><time>2026-01-01T02:31:33Z</time></trkpt>
<trkpt lat="-27.293613" lon="152.736624"><ele>697.7</ele><time>2026-01-01T02:31:34Z</time></trkpt>
<trkpt lat="-27.293711" lon="152.736641"><ele>697.3</ele><time>2026-01-01T02:31:38Z</time></trkpt>
<trkpt lat="-27.293844" lon="152.736773"><ele>696.1</ele><time>2026-01-01T02:31:44Z</time></trkpt>
<trkpt lat="-27.294068" lon="152.736962"><ele>692.7</ele><time>2026-01-01T02:31:51Z</time></trkpt>
<trkpt lat="-27.294114" lon="152.736986"><ele>691.9</ele><time>2026-01-01T02:31:52Z</time></trkpt>
<trkpt lat="-27.294223" lon="152.737047"><ele>689.9</ele><time>2026-01-01T02:31:55Z</time></trkpt>
<trkpt lat="-27.294282" lon="152.737024"><ele>688.8</ele><time>2026-01-01T02:31:56Z</time></trkpt>
<trkpt lat="-27.294352" lon="152.736978"><ele>687.4</ele><time>2026-01-01T02:31:57Z</time></trkpt>
<trkpt lat="-27.294434" lon="152.736918"><ele>685.6</ele><time>2026-01-01T02:31:58Z</time></trkpt>
<trkpt lat="-27.294516" lon="152.736871"><ele>683.9</ele><time>2026-01-01T02:31:59Z</time></trkpt>
<trkpt lat="-27.294608" lon="152.736851"><ele>682.2</ele><time>2026-01-01T02:32:00Z</time></trkpt>
<trkpt lat="-27.294703" lon="152.736848"><ele>680.4</ele><time>2026-01-01T02:32:01Z</time></trkpt>
<trkpt lat="-27.294815" lon="152.736871"><ele>678.4</ele><time>2026-01-01T02:32:02Z</time></trkpt>
<trkpt lat="-27.29492" lon="152.736885"><ele>676.5</ele><time>2026-01-01T02:32:03Z</time></trkpt>
<trkpt lat="-27.295015" lon="152.736879"><ele>674.9</ele><time>2026-01-01T02:32:04Z</time></trkpt>
<trkpt lat="-27.295112" lon="152.736878"><ele>673.4</ele><time>2026-01-01T02:32:05Z</time></trkpt>
<trkpt lat="-27.295201" lon="152.736863"><ele>672</ele><time>2026-01-01T02:32:06Z</time></trkpt>
<trkpt lat="-27.29529" lon="152.736827"><ele>670.6</ele><time>2026-01-01T02:32:07Z</time></trkpt>
<trkpt lat="-27.295381" lon="152.73677"><ele>669.1</ele><time>2026-01-01T02:32:08Z</time></trkpt>
<trkpt lat="-27.295462" lon="152.736702"><ele>667.6</ele><time>2026-01-01T02:32:09Z</time></trkpt>
<trkpt lat="-27.295534" lon="152.736626"><ele>666.2</ele><time>2026-01-01T02:32:10Z</time></trkpt>
<trkpt lat="-27.295604" lon="152.736554"><ele>664.9</ele><time>2026-01-01T02:32:11Z</time></trkpt>
<trkpt lat="-27.295685" lon="152.736486"><ele>663.5</ele><time>2026-01-01T02:32:12Z</time></trkpt>
<trkpt lat="-27.295778" lon="152.736434"><ele>662</ele><time>2026-01-01T02:32:13Z</time></trkpt>
<trkpt lat="-27.295865" lon="152.736397"><ele>660.6</ele><time>2026-01-01T02:32:14Z</time></trkpt>
<trkpt lat="-27.295971" lon="152.736374"><ele>658.9</ele><time>2026-01-01T02:32:15Z</time></trkpt>
<trkpt lat="-27.296072" lon="152.736342"><ele>657.1</ele><time>2026-01-01T02:32:16Z</time></trkpt>
<trkpt lat="-27.296167" lon="152.736278"><ele>655</ele><time>2026-01-01T02:32:17Z</time></trkpt>
<trkpt lat="-27.296253" lon="152.736191"><ele>652.7</ele><time>2026-01-01T02:32:18Z</time></trkpt>
<trkpt lat="-27.296304" lon="152.736106"><ele>650.7</ele><time>2026-01-01T02:32:19Z</time></trkpt>
<trkpt lat="-27.296341" lon="152.736009"><ele>648.7</ele><time>2026-01-01T02:32:20Z</time></trkpt>
<trkpt lat="-27.296367" lon="152.735896"><ele>646.5</ele><time>2026-01-01T02:32:21Z</time></trkpt>
<trkpt lat="-27.29639" lon="152.735765"><ele>644</ele><time>2026-01-01T02:32:22Z</time></trkpt>
<trkpt lat="-27.296413" lon="152.735633"><ele>641.7</ele><time>2026-01-01T02:32:23Z</time></trkpt>
<trkpt lat="-27.296451" lon="152.735483"><ele>639.3</ele><time>2026-01-01T02:32:24Z</time></trkpt>
<trkpt lat="-27.296491" lon="152.735175"><ele>635.2</ele><time>2026-01-01T02:32:26Z</time></trkpt>
<trkpt lat="-27.296546" lon="152.73501"><ele>633.4</ele><time>2026-01-01T02:32:27Z</time></trkpt>
<trkpt lat="-27.296577" lon="152.734858"><ele>632</ele><time>2026-01-01T02:32:28Z</time></trkpt>
<trkpt lat="-27.2966" lon="152.734712"><ele>630.8</ele><time>2026-01-01T02:32:29Z</time></trkpt>
<trkpt lat="-27.296621" lon="152.734579"><ele>629.8</ele><time>2026-01-01T02:32:30Z</time></trkpt>
<trkpt lat="-27.296639" lon="152.734456"><ele>628.8</ele><time>2026-01-01T02:32:31Z</time></trkpt>
<trkpt lat="-27.296658" lon="152.734336"><ele>627.8</ele><time>2026-01-01T02:32:32Z</time></trkpt>
<trkpt lat="-27.296681" lon="152.734221"><ele>626.8</ele><time>2026-01-01T02:32:33Z</time></trkpt>
<trkpt lat="-27.296692" lon="152.734112"><ele>625.8</ele><time>2026-01-01T02:32:34Z</time></trkpt>
<trkpt lat="-27.296695" lon="152.733996"><ele>624.6</ele><time>2026-01-01T02:32:35Z</time></trkpt>
<trkpt lat="-27.296684" lon="152.733888"><ele>623.4</ele><time>2026-01-01T02:32:36Z</time></trkpt>
<trkpt lat="-27.296672" lon="152.733769"><ele>621.9</ele><time>2026-01-01T02:32:37Z</time></trkpt>
<trkpt lat="-27.296677" lon="152.733644"><ele>620.2</ele><time>2026-01-01T02:32:38Z</time></trkpt>
<trkpt lat="-27.29668" lon="152.733529"><ele>618.5</ele><time>2026-01-01T02:32:39Z</time></trkpt>
<trkpt lat="-27.29671" lon="152.733415"><ele>616.7</ele><time>2026-01-01T02:32:40Z</time></trkpt>
<trkpt lat="-27.296748" lon="152.733306"><ele>614.9</ele><time>2026-01-01T02:32:41Z</time></trkpt>
<trkpt lat="-27.296795" lon="152.733185"><ele>612.8</ele><time>2026-01-01T02:32:42Z</time></trkpt>
<trkpt lat="-27.296836" lon="152.733072"><ele>610.9</ele><time>2026-01-01T02:32:43Z</time></trkpt>
<trkpt lat="-27.296884" lon="152.732955"><ele>609</ele><time>2026-01-01T02:32:44Z</time></trkpt>
<trkpt lat="-27.296934" lon="152.732829"><ele>607.3</ele><time>2026-01-01T02:32:45Z</time></trkpt>
<trkpt lat="-27.297032" lon="152.732601"><ele>605.2</ele><time>2026-01-01T02:32:47Z</time></trkpt>
<trkpt lat="-27.297192" lon="152.732338"><ele>604.9</ele><time>2026-01-01T02:32:49Z</time></trkpt>
<trkpt lat="-27.297271" lon="152.732214"><ele>605.5</ele><time>2026-01-01T02:32:50Z</time></trkpt>
<trkpt lat="-27.297316" lon="152.732095"><ele>606.1</ele><time>2026-01-01T02:32:51Z</time></trkpt>
<trkpt lat="-27.29732" lon="152.731876"><ele>607.1</ele><time>2026-01-01T02:32:53Z</time></trkpt>
<trkpt lat="-27.297145" lon="152.731524"><ele>608.6</ele><time>2026-01-01T02:32:57Z</time></trkpt>
<trkpt lat="-27.297093" lon="152.731442"><ele>608.9</ele><time>2026-01-01T02:32:58Z</time></trkpt>
<trkpt lat="-27.297041" lon="152.731363"><ele>609.2</ele><time>2026-01-01T02:32:59Z</time></trkpt>
<trkpt lat="-27.296949" lon="152.7312"><ele>609.9</ele><time>2026-01-01T02:33:01Z</time></trkpt>
<trkpt lat="-27.296867" lon="152.731035"><ele>610.4</ele><time>2026-01-01T02:33:03Z</time></trkpt>
<trkpt lat="-27.296772" lon="152.730825"><ele>610.5</ele><time>2026-01-01T02:33:06Z</time></trkpt>
<trkpt lat="-27.296762" lon="152.730743"><ele>610.4</ele><time>2026-01-01T02:33:07Z</time></trkpt>
<trkpt lat="-27.296745" lon="152.73065"><ele>610.2</ele><time>2026-01-01T02:33:08Z</time></trkpt>
<trkpt lat="-27.296734" lon="152.73055"><ele>609.9</ele><time>2026-01-01T02:33:09Z</time></trkpt>
<trkpt lat="-27.296733" lon="152.730446"><ele>609.6</ele><time>2026-01-01T02:33:10Z</time></trkpt>
<trkpt lat="-27.296723" lon="152.730236"><ele>608.6</ele><time>2026-01-01T02:33:12Z</time></trkpt>
<trkpt lat="-27.296678" lon="152.73002"><ele>606.1</ele><time>2026-01-01T02:33:14Z</time></trkpt>
<trkpt lat="-27.296585" lon="152.72981"><ele>602.8</ele><time>2026-01-01T02:33:16Z</time></trkpt>
<trkpt lat="-27.296525" lon="152.729706"><ele>600.9</ele><time>2026-01-01T02:33:17Z</time></trkpt>
<trkpt lat="-27.296459" lon="152.729603"><ele>599</ele><time>2026-01-01T02:33:18Z</time></trkpt>
<trkpt lat="-27.296394" lon="152.729502"><ele>597.1</ele><time>2026-01-01T02:33:19Z</time></trkpt>
<trkpt lat="-27.29633" lon="152.729399"><ele>595.1</ele><time>2026-01-01T02:33:20Z</time></trkpt>
<trkpt lat="-27.296276" lon="152.729287"><ele>593.2</ele><time>2026-01-01T02:33:21Z</time></trkpt>
<trkpt lat="-27.296234" lon="152.729178"><ele>591.5</ele><time>2026-01-01T02:33:22Z</time></trkpt>
<trkpt lat="-27.296157" lon="152.728948"><ele>588.8</ele><time>2026-01-01T02:33:24Z</time></trkpt>
<trkpt lat="-27.296111" lon="152.728834"><ele>587.9</ele><time>2026-01-01T02:33:25Z</time></trkpt>
<trkpt lat="-27.296046" lon="152.728629"><ele>586.7</ele><time>2026-01-01T02:33:27Z</time></trkpt>
<trkpt lat="-27.296028" lon="152.728543"><ele>586.1</ele><time>2026-01-01T02:33:28Z</time></trkpt>
<trkpt lat="-27.296014" lon="152.728459"><ele>585.3</ele><time>2026-01-01T02:33:29Z</time></trkpt>
<trkpt lat="-27.296019" lon="152.728378"><ele>583.4</ele><time>2026-01-01T02:33:30Z</time></trkpt>
<trkpt lat="-27.296048" lon="152.728291"><ele>581.7</ele><time>2026-01-01T02:33:31Z</time></trkpt>
<trkpt lat="-27.296114" lon="152.728218"><ele>579.8</ele><time>2026-01-01T02:33:32Z</time></trkpt>
<trkpt lat="-27.29619" lon="152.728166"><ele>578</ele><time>2026-01-01T02:33:33Z</time></trkpt>
<trkpt lat="-27.296369" lon="152.728098"><ele>574.4</ele><time>2026-01-01T02:33:35Z</time></trkpt>
<trkpt lat="-27.296466" lon="152.728063"><ele>572.6</ele><time>2026-01-01T02:33:36Z</time></trkpt>
<trkpt lat="-27.296567" lon="152.728021"><ele>570.8</ele><time>2026-01-01T02:33:37Z</time></trkpt>
<trkpt lat="-27.296683" lon="152.727993"><ele>568.9</ele><time>2026-01-01T02:33:38Z</time></trkpt>
<trkpt lat="-27.29681" lon="152.727952"><ele>567</ele><time>2026-01-01T02:33:39Z</time></trkpt>
<trkpt lat="-27.29695" lon="152.727906"><ele>564.9</ele><time>2026-01-01T02:33:40Z</time></trkpt>
<trkpt lat="-27.297124" lon="152.727851"><ele>562.3</ele><time>2026-01-01T02:33:41Z</time></trkpt>
<trkpt lat="-27.297373" lon="152.727797"><ele>558.4</ele><time>2026-01-01T02:33:43Z</time></trkpt>
<trkpt lat="-27.29752" lon="152.727785"><ele>556.1</ele><time>2026-01-01T02:33:44Z</time></trkpt>
<trkpt lat="-27.297651" lon="152.727755"><ele>554.1</ele><time>2026-01-01T02:33:45Z</time></trkpt>
<trkpt lat="-27.297774" lon="152.727709"><ele>552.3</ele><time>2026-01-01T02:33:46Z</time></trkpt>
<trkpt lat="-27.297899" lon="152.727663"><ele>550.6</ele><time>2026-01-01T02:33:47Z</time></trkpt>
<trkpt lat="-27.298016" lon="152.727621"><ele>549.3</ele><time>2026-01-01T02:33:48Z</time></trkpt>
<trkpt lat="-27.298123" lon="152.727578"><ele>548.1</ele><time>2026-01-01T02:33:49Z</time></trkpt>
<trkpt lat="-27.298222" lon="152.727546"><ele>547.2</ele><time>2026-01-01T02:33:50Z</time></trkpt>
<trkpt lat="-27.298323" lon="152.7275"><ele>546.2</ele><time>2026-01-01T02:33:51Z</time></trkpt>
<trkpt lat="-27.298428" lon="152.727445"><ele>545.1</ele><time>2026-01-01T02:33:52Z</time></trkpt>
<trkpt lat="-27.298522" lon="152.727363"><ele>543.8</ele><time>2026-01-01T02:33:53Z</time></trkpt>
<trkpt lat="-27.298609" lon="152.727274"><ele>542.4</ele><time>2026-01-01T02:33:54Z</time></trkpt>
<trkpt lat="-27.298694" lon="152.727193"><ele>541.1</ele><time>2026-01-01T02:33:55Z</time></trkpt>
<trkpt lat="-27.298789" lon="152.72714"><ele>539.8</ele><time>2026-01-01T02:33:56Z</time></trkpt>
<trkpt lat="-27.298892" lon="152.727111"><ele>538.5</ele><time>2026-01-01T02:33:57Z</time></trkpt>
<trkpt lat="-27.298998" lon="152.72707"><ele>537.1</ele><time>2026-01-01T02:33:58Z</time></trkpt>
<trkpt lat="-27.299207" lon="152.726965"><ele>534.4</ele><time>2026-01-01T02:34:00Z</time></trkpt>
<trkpt lat="-27.29942" lon="152.726839"><ele>531.5</ele><time>2026-01-01T02:34:02Z</time></trkpt>
<trkpt lat="-27.299522" lon="152.726766"><ele>530.1</ele><time>2026-01-01T02:34:03Z</time></trkpt>
<trkpt lat="-27.29962" lon="152.726682"><ele>528.7</ele><time>2026-01-01T02:34:04Z</time></trkpt>
<trkpt lat="-27.299709" lon="152.726586"><ele>527.3</ele><time>2026-01-01T02:34:05Z</time></trkpt>
<trkpt lat="-27.299785" lon="152.726482"><ele>526</ele><time>2026-01-01T02:34:06Z</time></trkpt>
<trkpt lat="-27.299846" lon="152.726369"><ele>524.8</ele><time>2026-01-01T02:34:07Z</time></trkpt>
<trkpt lat="-27.299904" lon="152.726256"><ele>523.7</ele><time>2026-01-01T02:34:08Z</time></trkpt>
<trkpt lat="-27.299976" lon="152.72616"><ele>522.6</ele><time>2026-01-01T02:34:09Z</time></trkpt>
<trkpt lat="-27.300066" lon="152.726085"><ele>521.4</ele><time>2026-01-01T02:34:10Z</time></trkpt>
<trkpt lat="-27.300165" lon="152.726028"><ele>520</ele><time>2026-01-01T02:34:11Z</time></trkpt>
<trkpt lat="-27.300272" lon="152.72598"><ele>518.4</ele><time>2026-01-01T02:34:12Z</time></trkpt>
<trkpt lat="-27.300383" lon="152.725934"><ele>516.7</ele><time>2026-01-01T02:34:13Z</time></trkpt>
<trkpt lat="-27.300627" lon="152.725838"><ele>512.6</ele><time>2026-01-01T02:34:15Z</time></trkpt>
<trkpt lat="-27.300893" lon="152.725766"><ele>508.9</ele><time>2026-01-01T02:34:17Z</time></trkpt>
<trkpt lat="-27.301168" lon="152.725723"><ele>506.1</ele><time>2026-01-01T02:34:19Z</time></trkpt>
<trkpt lat="-27.301303" lon="152.725717"><ele>504.9</ele><time>2026-01-01T02:34:20Z</time></trkpt>
<trkpt lat="-27.301436" lon="152.725723"><ele>503.8</ele><time>2026-01-01T02:34:21Z</time></trkpt>
<trkpt lat="-27.301565" lon="152.725735"><ele>502.4</ele><time>2026-01-01T02:34:22Z</time></trkpt>
<trkpt lat="-27.301691" lon="152.725748"><ele>501</ele><time>2026-01-01T02:34:23Z</time></trkpt>
<trkpt lat="-27.30182" lon="152.725753"><ele>499.4</ele><time>2026-01-01T02:34:24Z</time></trkpt>
<trkpt lat="-27.302091" lon="152.725735"><ele>496.6</ele><time>2026-01-01T02:34:26Z</time></trkpt>
<trkpt lat="-27.302235" lon="152.725714"><ele>495.8</ele><time>2026-01-01T02:34:27Z</time></trkpt>
<trkpt lat="-27.30263" lon="152.725648"><ele>496.3</ele><time>2026-01-01T02:34:30Z</time></trkpt>
<trkpt lat="-27.302732" lon="152.725625"><ele>496.5</ele><time>2026-01-01T02:34:31Z</time></trkpt>
<trkpt lat="-27.302914" lon="152.725571"><ele>496.5</ele><time>2026-01-01T02:34:33Z</time></trkpt>
<trkpt lat="-27.302997" lon="152.72552"><ele>496.1</ele><time>2026-01-01T02:34:34Z</time></trkpt>
<trkpt lat="-27.303063" lon="152.725449"><ele>495.6</ele><time>2026-01-01T02:34:35Z</time></trkpt>
<trkpt lat="-27.303112" lon="152.725364"><ele>494.8</ele><time>2026-01-01T02:34:36Z</time></trkpt>
<trkpt lat="-27.303151" lon="152.725254"><ele>493.7</ele><time>2026-01-01T02:34:37Z</time></trkpt>
<trkpt lat="-27.303183" lon="152.725132"><ele>492.4</ele><time>2026-01-01T02:34:38Z</time></trkpt>
<trkpt lat="-27.303212" lon="152.724995"><ele>490.8</ele><time>2026-01-01T02:34:39Z</time></trkpt>
<trkpt lat="-27.303243" lon="152.72474"><ele>487.7</ele><time>2026-01-01T02:34:41Z</time></trkpt>
<trkpt lat="-27.303257" lon="152.724478"><ele>484.8</ele><time>2026-01-01T02:34:43Z</time></trkpt>
<trkpt lat="-27.303255" lon="152.724343"><ele>483.4</ele><time>2026-01-01T02:34:44Z</time></trkpt>
<trkpt lat="-27.303251" lon="152.724209"><ele>482</ele><time>2026-01-01T02:34:45Z</time></trkpt>
<trkpt lat="-27.303254" lon="152.724078"><ele>480.6</ele><time>2026-01-01T02:34:46Z</time></trkpt>
<trkpt lat="-27.303264" lon="152.723955"><ele>479.3</ele><time>2026-01-01T02:34:47Z</time></trkpt>
<trkpt lat="-27.303288" lon="152.723836"><ele>478</ele><time>2026-01-01T02:34:48Z</time></trkpt>
<trkpt lat="-27.303321" lon="152.723709"><ele>476.4</ele><time>2026-01-01T02:34:49Z</time></trkpt>
<trkpt lat="-27.303366" lon="152.723578"><ele>474.7</ele><time>2026-01-01T02:34:50Z</time></trkpt>
<trkpt lat="-27.303417" lon="152.723441"><ele>473</ele><time>2026-01-01T02:34:51Z</time></trkpt>
<trkpt lat="-27.303459" lon="152.72331"><ele>471.5</ele><time>2026-01-01T02:34:52Z</time></trkpt>
<trkpt lat="-27.303496" lon="152.723182"><ele>470</ele><time>2026-01-01T02:34:53Z</time></trkpt>
<trkpt lat="-27.303522" lon="152.723053"><ele>468.6</ele><time>2026-01-01T02:34:54Z</time></trkpt>
<trkpt lat="-27.303543" lon="152.722924"><ele>467.3</ele><time>2026-01-01T02:34:55Z</time></trkpt>
<trkpt lat="-27.303555" lon="152.722794"><ele>466.1</ele><time>2026-01-01T02:34:56Z</time></trkpt>
<trkpt lat="-27.303564" lon="152.722664"><ele>465.1</ele><time>2026-01-01T02:34:57Z</time></trkpt>
<trkpt lat="-27.303572" lon="152.722536"><ele>464.2</ele><time>2026-01-01T02:34:58Z</time></trkpt>
<trkpt lat="-27.303577" lon="152.722409"><ele>463.4</ele><time>2026-01-01T02:34:59Z</time></trkpt>
<trkpt lat="-27.303566" lon="152.722295"><ele>462.7</ele><time>2026-01-01T02:35:00Z</time></trkpt>
<trkpt lat="-27.303548" lon="152.72219"><ele>462</ele><time>2026-01-01T02:35:01Z</time></trkpt>
<trkpt lat="-27.303523" lon="152.722094"><ele>461.2</ele><time>2026-01-01T02:35:02Z</time></trkpt>
<trkpt lat="-27.303493" lon="152.722005"><ele>460.3</ele><time>2026-01-01T02:35:03Z</time></trkpt>
<trkpt lat="-27.303472" lon="152.721931"><ele>459.3</ele><time>2026-01-01T02:35:04Z</time></trkpt>
<trkpt lat="-27.303479" lon="152.72187"><ele>458.4</ele><time>2026-01-01T02:35:05Z</time></trkpt>
<trkpt lat="-27.303513" lon="152.721824"><ele>457.5</ele><time>2026-01-01T02:35:06Z</time></trkpt>
<trkpt lat="-27.303568" lon="152.721791"><ele>456.3</ele><time>2026-01-01T02:35:07Z</time></trkpt>
<trkpt lat="-27.303642" lon="152.721791"><ele>454.8</ele><time>2026-01-01T02:35:08Z</time></trkpt>
<trkpt lat="-27.303749" lon="152.721805"><ele>452.5</ele><time>2026-01-01T02:35:09Z</time></trkpt>
<trkpt lat="-27.303864" lon="152.721799"><ele>450.2</ele><time>2026-01-01T02:35:10Z</time></trkpt>
<trkpt lat="-27.303984" lon="152.721781"><ele>447.9</ele><time>2026-01-01T02:35:11Z</time></trkpt>
<trkpt lat="-27.304113" lon="152.721731"><ele>445.7</ele><time>2026-01-01T02:35:12Z</time></trkpt>
<trkpt lat="-27.304338" lon="152.721605"><ele>442.3</ele><time>2026-01-01T02:35:14Z</time></trkpt>
<trkpt lat="-27.304439" lon="152.72155"><ele>440.9</ele><time>2026-01-01T02:35:15Z</time></trkpt>
<trkpt lat="-27.304624" lon="152.721446"><ele>438.3</ele><time>2026-01-01T02:35:17Z</time></trkpt>
<trkpt lat="-27.304787" lon="152.721322"><ele>435.5</ele><time>2026-01-01T02:35:19Z</time></trkpt>
<trkpt lat="-27.304863" lon="152.721246"><ele>434</ele><time>2026-01-01T02:35:20Z</time></trkpt>
<trkpt lat="-27.304936" lon="152.721162"><ele>432.4</ele><time>2026-01-01T02:35:21Z</time></trkpt>
<trkpt lat="-27.305007" lon="152.721071"><ele>430.7</ele><time>2026-01-01T02:35:22Z</time></trkpt>
<trkpt lat="-27.305062" lon="152.720976"><ele>429.1</ele><time>2026-01-01T02:35:23Z</time></trkpt>
<trkpt lat="-27.305091" lon="152.720869"><ele>427.5</ele><time>2026-01-01T02:35:24Z</time></trkpt>
<trkpt lat="-27.305108" lon="152.720755"><ele>425.9</ele><time>2026-01-01T02:35:25Z</time></trkpt>
<trkpt lat="-27.305124" lon="152.720634"><ele>424.2</ele><time>2026-01-01T02:35:26Z</time></trkpt>
<trkpt lat="-27.305136" lon="152.720506"><ele>422.5</ele><time>2026-01-01T02:35:27Z</time></trkpt>
<trkpt lat="-27.305133" lon="152.720381"><ele>420.9</ele><time>2026-01-01T02:35:28Z</time></trkpt>
<trkpt lat="-27.305114" lon="152.720258"><ele>419.5</ele><time>2026-01-01T02:35:29Z</time></trkpt>
<trkpt lat="-27.305083" lon="152.72014"><ele>418.1</ele><time>2026-01-01T02:35:30Z</time></trkpt>
<trkpt lat="-27.30505" lon="152.72003"><ele>416.9</ele><time>2026-01-01T02:35:31Z</time></trkpt>
<trkpt lat="-27.305024" lon="152.719934"><ele>415.7</ele><time>2026-01-01T02:35:32Z</time></trkpt>
<trkpt lat="-27.305006" lon="152.719838"><ele>414.6</ele><time>2026-01-01T02:35:33Z</time></trkpt>
<trkpt lat="-27.305004" lon="152.719743"><ele>413.4</ele><time>2026-01-01T02:35:34Z</time></trkpt>
<trkpt lat="-27.305013" lon="152.719655"><ele>412.3</ele><time>2026-01-01T02:35:35Z</time></trkpt>
<trkpt lat="-27.305037" lon="152.7195"><ele>410</ele><time>2026-01-01T02:35:37Z</time></trkpt>
<trkpt lat="-27.305035" lon="152.71944"><ele>409</ele><time>2026-01-01T02:35:38Z</time></trkpt>
<trkpt lat="-27.305019" lon="152.719384"><ele>408.1</ele><time>2026-01-01T02:35:39Z</time></trkpt>
<trkpt lat="-27.304991" lon="152.719336"><ele>407.1</ele><time>2026-01-01T02:35:40Z</time></trkpt>
<trkpt lat="-27.304951" lon="152.719299"><ele>406.1</ele><time>2026-01-01T02:35:41Z</time></trkpt>
<trkpt lat="-27.304905" lon="152.719273"><ele>405.1</ele><time>2026-01-01T02:35:42Z</time></trkpt>
<trkpt lat="-27.304815" lon="152.719244"><ele>403.2</ele><time>2026-01-01T02:35:44Z</time></trkpt>
<trkpt lat="-27.304767" lon="152.71924"><ele>402.2</ele><time>2026-01-01T02:35:45Z</time></trkpt>
<trkpt lat="-27.304716" lon="152.71923"><ele>401</ele><time>2026-01-01T02:35:46Z</time></trkpt>
<trkpt lat="-27.304668" lon="152.719207"><ele>399.8</ele><time>2026-01-01T02:35:47Z</time></trkpt>
<trkpt lat="-27.304632" lon="152.719173"><ele>398.6</ele><time>2026-01-01T02:35:48Z</time></trkpt>
<trkpt lat="-27.304611" lon="152.71913"><ele>397.4</ele><time>2026-01-01T02:35:49Z</time></trkpt>
<trkpt lat="-27.304608" lon="152.719082"><ele>396.3</ele><time>2026-01-01T02:35:50Z</time></trkpt>
<trkpt lat="-27.304627" lon="152.719037"><ele>395.1</ele><time>2026-01-01T02:35:51Z</time></trkpt>
<trkpt lat="-27.304692" lon="152.718963"><ele>392.7</ele><time>2026-01-01T02:35:53Z</time></trkpt>
<trkpt lat="-27.304716" lon="152.718943"><ele>391.9</ele><time>2026-01-01T02:35:54Z</time></trkpt>
<trkpt lat="-27.304757" lon="152.718897"><ele>390.5</ele><time>2026-01-01T02:35:55Z</time></trkpt>
<trkpt lat="-27.304817" lon="152.718822"><ele>388.7</ele><time>2026-01-01T02:35:56Z</time></trkpt>
<trkpt lat="-27.304877" lon="152.718748"><ele>387</ele><time>2026-01-01T02:35:57Z</time></trkpt>
<trkpt lat="-27.304937" lon="152.718663"><ele>385.5</ele><time>2026-01-01T02:35:58Z</time></trkpt>
<trkpt lat="-27.305086" lon="152.718477"><ele>382.3</ele><time>2026-01-01T02:36:00Z</time></trkpt>
<trkpt lat="-27.305149" lon="152.71838"><ele>380.7</ele><time>2026-01-01T02:36:01Z</time></trkpt>
<trkpt lat="-27.305188" lon="152.718272"><ele>379.2</ele><time>2026-01-01T02:36:02Z</time></trkpt>
<trkpt lat="-27.305212" lon="152.718157"><ele>377.5</ele><time>2026-01-01T02:36:03Z</time></trkpt>
<trkpt lat="-27.305227" lon="152.718042"><ele>375.8</ele><time>2026-01-01T02:36:04Z</time></trkpt>
<trkpt lat="-27.305219" lon="152.717822"><ele>372.6</ele><time>2026-01-01T02:36:06Z</time></trkpt>
<trkpt lat="-27.305204" lon="152.717716"><ele>371.1</ele><time>2026-01-01T02:36:07Z</time></trkpt>
<trkpt lat="-27.305189" lon="152.717604"><ele>369.7</ele><time>2026-01-01T02:36:08Z</time></trkpt>
<trkpt lat="-27.305174" lon="152.71749"><ele>368.3</ele><time>2026-01-01T02:36:09Z</time></trkpt>
<trkpt lat="-27.305162" lon="152.717382"><ele>367.1</ele><time>2026-01-01T02:36:10Z</time></trkpt>
<trkpt lat="-27.305147" lon="152.717275"><ele>365.9</ele><time>2026-01-01T02:36:11Z</time></trkpt>
<trkpt lat="-27.30512" lon="152.717175"><ele>364.8</ele><time>2026-01-01T02:36:12Z</time></trkpt>
<trkpt lat="-27.305092" lon="152.717078"><ele>363.8</ele><time>2026-01-01T02:36:13Z</time></trkpt>
<trkpt lat="-27.305065" lon="152.716987"><ele>362.7</ele><time>2026-01-01T02:36:14Z</time></trkpt>
<trkpt lat="-27.30504" lon="152.716901"><ele>361.5</ele><time>2026-01-01T02:36:15Z</time></trkpt>
<trkpt lat="-27.305022" lon="152.716822"><ele>360.4</ele><time>2026-01-01T02:36:16Z</time></trkpt>
<trkpt lat="-27.305021" lon="152.716745"><ele>359.2</ele><time>2026-01-01T02:36:17Z</time></trkpt>
<trkpt lat="-27.305038" lon="152.716668"><ele>357.8</ele><time>2026-01-01T02:36:18Z</time></trkpt>
<trkpt lat="-27.305063" lon="152.716602"><ele>356.4</ele><time>2026-01-01T02:36:19Z</time></trkpt>
<trkpt lat="-27.30511" lon="152.716558"><ele>355</ele><time>2026-01-01T02:36:20Z</time></trkpt>
<trkpt lat="-27.305186" lon="152.716529"><ele>353.1</ele><time>2026-01-01T02:36:21Z</time></trkpt>
<trkpt lat="-27.30529" lon="152.716502"><ele>350.7</ele><time>2026-01-01T02:36:22Z</time></trkpt>
<trkpt lat="-27.305515" lon="152.716422"><ele>345.5</ele><time>2026-01-01T02:36:24Z</time></trkpt>
<trkpt lat="-27.305595" lon="152.716365"><ele>343.5</ele><time>2026-01-01T02:36:25Z</time></trkpt>
<trkpt lat="-27.305678" lon="152.716264"><ele>340.9</ele><time>2026-01-01T02:36:26Z</time></trkpt>
<trkpt lat="-27.305746" lon="152.716156"><ele>338.6</ele><time>2026-01-01T02:36:27Z</time></trkpt>
<trkpt lat="-27.305791" lon="152.716044"><ele>336.6</ele><time>2026-01-01T02:36:28Z</time></trkpt>
<trkpt lat="-27.305818" lon="152.715929"><ele>334.7</ele><time>2026-01-01T02:36:29Z</time></trkpt>
<trkpt lat="-27.305843" lon="152.715795"><ele>332.8</ele><time>2026-01-01T02:36:30Z</time></trkpt>
<trkpt lat="-27.30586" lon="152.715652"><ele>330.8</ele><time>2026-01-01T02:36:31Z</time></trkpt>
<trkpt lat="-27.305876" lon="152.715513"><ele>329</ele><time>2026-01-01T02:36:32Z</time></trkpt>
<trkpt lat="-27.30589" lon="152.715377"><ele>327.2</ele><time>2026-01-01T02:36:33Z</time></trkpt>
<trkpt lat="-27.305899" lon="152.715235"><ele>325.4</ele><time>2026-01-01T02:36:34Z</time></trkpt>
<trkpt lat="-27.305901" lon="152.715103"><ele>323.8</ele><time>2026-01-01T02:36:35Z</time></trkpt>
<trkpt lat="-27.305894" lon="152.714979"><ele>322.2</ele><time>2026-01-01T02:36:36Z</time></trkpt>
<trkpt lat="-27.305878" lon="152.714862"><ele>320.7</ele><time>2026-01-01T02:36:37Z</time></trkpt>
<trkpt lat="-27.305901" lon="152.714741"><ele>319.2</ele><time>2026-01-01T02:36:38Z</time></trkpt>
<trkpt lat="-27.305947" lon="152.714608"><ele>317.5</ele><time>2026-01-01T02:36:39Z</time></trkpt>
<trkpt lat="-27.305992" lon="152.714494"><ele>316</ele><time>2026-01-01T02:36:40Z</time></trkpt>
<trkpt lat="-27.306056" lon="152.714394"><ele>314.5</ele><time>2026-01-01T02:36:41Z</time></trkpt>
<trkpt lat="-27.306125" lon="152.714318"><ele>313.2</ele><time>2026-01-01T02:36:42Z</time></trkpt>
<trkpt lat="-27.306201" lon="152.714249"><ele>311.9</ele><time>2026-01-01T02:36:43Z</time></trkpt>
<trkpt lat="-27.306287" lon="152.714191"><ele>310.5</ele><time>2026-01-01T02:36:44Z</time></trkpt>
<trkpt lat="-27.306384" lon="152.714145"><ele>309.1</ele><time>2026-01-01T02:36:45Z</time></trkpt>
<trkpt lat="-27.306491" lon="152.714113"><ele>307.6</ele><time>2026-01-01T02:36:46Z</time></trkpt>
<trkpt lat="-27.306602" lon="152.7141"><ele>306.1</ele><time>2026-01-01T02:36:47Z</time></trkpt>
<trkpt lat="-27.306717" lon="152.714106"><ele>304.8</ele><time>2026-01-01T02:36:48Z</time></trkpt>
<trkpt lat="-27.306952" lon="152.714155"><ele>301.9</ele><time>2026-01-01T02:36:50Z</time></trkpt>
<trkpt lat="-27.307072" lon="152.714185"><ele>300.3</ele><time>2026-01-01T02:36:51Z</time></trkpt>
<trkpt lat="-27.30719" lon="152.714207"><ele>298.3</ele><time>2026-01-01T02:36:52Z</time></trkpt>
<trkpt lat="-27.307305" lon="152.714219"><ele>296.9</ele><time>2026-01-01T02:36:53Z</time></trkpt>
<trkpt lat="-27.30742" lon="152.714211"><ele>295.6</ele><time>2026-01-01T02:36:54Z</time></trkpt>
<trkpt lat="-27.307532" lon="152.714183"><ele>294.4</ele><time>2026-01-01T02:36:55Z</time></trkpt>
<trkpt lat="-27.307639" lon="152.714132"><ele>293.6</ele><time>2026-01-01T02:36:56Z</time></trkpt>
<trkpt lat="-27.307734" lon="152.714063"><ele>293</ele><time>2026-01-01T02:36:57Z</time></trkpt>
<trkpt lat="-27.307808" lon="152.713991"><ele>292.7</ele><time>2026-01-01T02:36:58Z</time></trkpt>
<trkpt lat="-27.307872" lon="152.713911"><ele>292.5</ele><time>2026-01-01T02:36:59Z</time></trkpt>
<trkpt lat="-27.30793" lon="152.713831"><ele>292.3</ele><time>2026-01-01T02:37:00Z</time></trkpt>
<trkpt lat="-27.307976" lon="152.713744"><ele>292</ele><time>2026-01-01T02:37:01Z</time></trkpt>
<trkpt lat="-27.308004" lon="152.713648"><ele>291.8</ele><time>2026-01-01T02:37:02Z</time></trkpt>
<trkpt lat="-27.307982" lon="152.713559"><ele>291.5</ele><time>2026-01-01T02:37:03Z</time></trkpt>
<trkpt lat="-27.307885" lon="152.713418"><ele>290.2</ele><time>2026-01-01T02:37:05Z</time></trkpt>
<trkpt lat="-27.307723" lon="152.713352"><ele>288.7</ele><time>2026-01-01T02:37:07Z</time></trkpt>
<trkpt lat="-27.307636" lon="152.71336"><ele>288</ele><time>2026-01-01T02:37:08Z</time></trkpt>
<trkpt lat="-27.307562" lon="152.713399"><ele>287.3</ele><time>2026-01-01T02:37:09Z</time></trkpt>
<trkpt lat="-27.307395" lon="152.713606"><ele>285.2</ele><time>2026-01-01T02:37:12Z</time></trkpt>
<trkpt lat="-27.30733" lon="152.71368"><ele>284.3</ele><time>2026-01-01T02:37:13Z</time></trkpt>
<trkpt lat="-27.307252" lon="152.713743"><ele>283.3</ele><time>2026-01-01T02:37:14Z</time></trkpt>
<trkpt lat="-27.307157" lon="152.71378"><ele>282.1</ele><time>2026-01-01T02:37:15Z</time></trkpt>
<trkpt lat="-27.306943" lon="152.713774"><ele>279.2</ele><time>2026-01-01T02:37:17Z</time></trkpt>
<trkpt lat="-27.306834" lon="152.713732"><ele>277.4</ele><time>2026-01-01T02:37:18Z</time></trkpt>
<trkpt lat="-27.306717" lon="152.713668"><ele>275.6</ele><time>2026-01-01T02:37:19Z</time></trkpt>
<trkpt lat="-27.306604" lon="152.713586"><ele>274</ele><time>2026-01-01T02:37:20Z</time></trkpt>
<trkpt lat="-27.306498" lon="152.713498"><ele>272.8</ele><time>2026-01-01T02:37:21Z</time></trkpt>
<trkpt lat="-27.30629" lon="152.71331"><ele>271</ele><time>2026-01-01T02:37:23Z</time></trkpt>
<trkpt lat="-27.306088" lon="152.713137"><ele>268.9</ele><time>2026-01-01T02:37:25Z</time></trkpt>
<trkpt lat="-27.305983" lon="152.713082"><ele>267.6</ele><time>2026-01-01T02:37:26Z</time></trkpt>
<trkpt lat="-27.305874" lon="152.71305"><ele>266.1</ele><time>2026-01-01T02:37:27Z</time></trkpt>
<trkpt lat="-27.305752" lon="152.713048"><ele>264.4</ele><time>2026-01-01T02:37:28Z</time></trkpt>
<trkpt lat="-27.305617" lon="152.713074"><ele>262.5</ele><time>2026-01-01T02:37:29Z</time></trkpt>
<trkpt lat="-27.305511" lon="152.71312"><ele>261</ele><time>2026-01-01T02:37:30Z</time></trkpt>
<trkpt lat="-27.305431" lon="152.713176"><ele>259.8</ele><time>2026-01-01T02:37:31Z</time></trkpt>
<trkpt lat="-27.305334" lon="152.713242"><ele>258.4</ele><time>2026-01-01T02:37:32Z</time></trkpt>
<trkpt lat="-27.305212" lon="152.713304"><ele>257</ele><time>2026-01-01T02:37:33Z</time></trkpt>
<trkpt lat="-27.305088" lon="152.713332"><ele>255.7</ele><time>2026-01-01T02:37:34Z</time></trkpt>
<trkpt lat="-27.304961" lon="152.713331"><ele>254.6</ele><time>2026-01-01T02:37:35Z</time></trkpt>
<trkpt lat="-27.304861" lon="152.713319"><ele>253.9</ele><time>2026-01-01T02:37:36Z</time></trkpt>
<trkpt lat="-27.304748" lon="152.713297"><ele>253.3</ele><time>2026-01-01T02:37:37Z</time></trkpt>
<trkpt lat="-27.304602" lon="152.713263"><ele>252.9</ele><time>2026-01-01T02:37:38Z</time></trkpt>
<trkpt lat="-27.30451" lon="152.713236"><ele>252.7</ele><time>2026-01-01T02:37:39Z</time></trkpt>
<trkpt lat="-27.304307" lon="152.713153"><ele>252</ele><time>2026-01-01T02:37:41Z</time></trkpt>
<trkpt lat="-27.304249" lon="152.713108"><ele>251.6</ele><time>2026-01-01T02:37:42Z</time></trkpt>
<trkpt lat="-27.304186" lon="152.713043"><ele>250.8</ele><time>2026-01-01T02:37:43Z</time></trkpt>
<trkpt lat="-27.304131" lon="152.71296"><ele>249.7</ele><time>2026-01-01T02:37:44Z</time></trkpt>
<trkpt lat="-27.304135" lon="152.712801"><ele>247.9</ele><time>2026-01-01T02:37:46Z</time></trkpt>
<trkpt lat="-27.304169" lon="152.712732"><ele>247</ele><time>2026-01-01T02:37:47Z</time></trkpt>
<trkpt lat="-27.304209" lon="152.712699"><ele>246.3</ele><time>2026-01-01T02:37:48Z</time></trkpt>
<trkpt lat="-27.3043" lon="152.712655"><ele>244.8</ele><time>2026-01-01T02:37:49Z</time></trkpt>
<trkpt lat="-27.304402" lon="152.712616"><ele>243.3</ele><time>2026-01-01T02:37:50Z</time></trkpt>
<trkpt lat="-27.304498" lon="152.712608"><ele>242.1</ele><time>2026-01-01T02:37:51Z</time></trkpt>
<trkpt lat="-27.304613" lon="152.712617"><ele>240.8</ele><time>2026-01-01T02:37:52Z</time></trkpt>
<trkpt lat="-27.304726" lon="152.712658"><ele>239.6</ele><time>2026-01-01T02:37:53Z</time></trkpt>
<trkpt lat="-27.304899" lon="152.712604"><ele>237.6</ele><time>2026-01-01T02:37:55Z</time></trkpt>
<trkpt lat="-27.304971" lon="152.712411"><ele>234.8</ele><time>2026-01-01T02:37:57Z</time></trkpt>
<trkpt lat="-27.304981" lon="152.712304"><ele>233.1</ele><time>2026-01-01T02:37:58Z</time></trkpt>
<trkpt lat="-27.304967" lon="152.712177"><ele>231.1</ele><time>2026-01-01T02:37:59Z</time></trkpt>
<trkpt lat="-27.304926" lon="152.712064"><ele>229.2</ele><time>2026-01-01T02:38:00Z</time></trkpt>
<trkpt lat="-27.304868" lon="152.711957"><ele>227.4</ele><time>2026-01-01T02:38:01Z</time></trkpt>
<trkpt lat="-27.304808" lon="152.711854"><ele>225.6</ele><time>2026-01-01T02:38:02Z</time></trkpt>
<trkpt lat="-27.304749" lon="152.711749"><ele>223.8</ele><time>2026-01-01T02:38:03Z</time></trkpt>
<trkpt lat="-27.304703" lon="152.71164"><ele>222.1</ele><time>2026-01-01T02:38:04Z</time></trkpt>
<trkpt lat="-27.304677" lon="152.711532"><ele>220.5</ele><time>2026-01-01T02:38:05Z</time></trkpt>
<trkpt lat="-27.304656" lon="152.711399"><ele>218.4</ele><time>2026-01-01T02:38:06Z</time></trkpt>
<trkpt lat="-27.304634" lon="152.711294"><ele>216.5</ele><time>2026-01-01T02:38:07Z</time></trkpt>
<trkpt lat="-27.304618" lon="152.711206"><ele>214.9</ele><time>2026-01-01T02:38:08Z</time></trkpt>
<trkpt lat="-27.304662" lon="152.711088"><ele>212.5</ele><time>2026-01-01T02:38:09Z</time></trkpt>
<trkpt lat="-27.304645" lon="152.71097"><ele>210.1</ele><time>2026-01-01T02:38:10Z</time></trkpt>
<trkpt lat="-27.304612" lon="152.710845"><ele>207.5</ele><time>2026-01-01T02:38:11Z</time></trkpt>
<trkpt lat="-27.304578" lon="152.710706"><ele>204.7</ele><time>2026-01-01T02:38:12Z</time></trkpt>
<trkpt lat="-27.304573" lon="152.710525"><ele>201.9</ele><time>2026-01-01T02:38:13Z</time></trkpt>
<trkpt lat="-27.304574" lon="152.710356"><ele>200.5</ele><time>2026-01-01T02:38:14Z</time></trkpt>
<trkpt lat="-27.304559" lon="152.709882"><ele>201.3</ele><time>2026-01-01T02:38:17Z</time></trkpt>
<trkpt lat="-27.304557" lon="152.709741"><ele>201.9</ele><time>2026-01-01T02:38:18Z</time></trkpt>
<trkpt lat="-27.304549" lon="152.709105"><ele>205.5</ele><time>2026-01-01T02:38:23Z</time></trkpt>
<trkpt lat="-27.304494" lon="152.708942"><ele>207</ele><time>2026-01-01T02:38:25Z</time></trkpt>
<trkpt lat="-27.304421" lon="152.708801"><ele>208.5</ele><time>2026-01-01T02:38:27Z</time></trkpt>
<trkpt lat="-27.304364" lon="152.70866"><ele>210.5</ele><time>2026-01-01T02:38:29Z</time></trkpt>
<trkpt lat="-27.304317" lon="152.708547"><ele>212.2</ele><time>2026-01-01T02:38:31Z</time></trkpt>
<trkpt lat="-27.304302" lon="152.708481"><ele>213.1</ele><time>2026-01-01T02:38:32Z</time></trkpt>
<trkpt lat="-27.304299" lon="152.708305"><ele>215.5</ele><time>2026-01-01T02:38:34Z</time></trkpt>
<trkpt lat="-27.304292" lon="152.708244"><ele>216.3</ele><time>2026-01-01T02:38:35Z</time></trkpt>
<trkpt lat="-27.304289" lon="152.708187"><ele>217</ele><time>2026-01-01T02:38:36Z</time></trkpt>
<trkpt lat="-27.304286" lon="152.708133"><ele>217.7</ele><time>2026-01-01T02:38:37Z</time></trkpt>
<trkpt lat="-27.304288" lon="152.708078"><ele>218.4</ele><time>2026-01-01T02:38:38Z</time></trkpt>
<trkpt lat="-27.304294" lon="152.708016"><ele>219.1</ele><time>2026-01-01T02:38:39Z</time></trkpt>
<trkpt lat="-27.304296" lon="152.707954"><ele>219.8</ele><time>2026-01-01T02:38:40Z</time></trkpt>
<trkpt lat="-27.304291" lon="152.707819"><ele>221.3</ele><time>2026-01-01T02:38:42Z</time></trkpt>
<trkpt lat="-27.304283" lon="152.707718"><ele>222.3</ele><time>2026-01-01T02:38:44Z</time></trkpt>
<trkpt lat="-27.304265" lon="152.707602"><ele>223.2</ele><time>2026-01-01T02:38:46Z</time></trkpt>
<trkpt lat="-27.304266" lon="152.707493"><ele>223.8</ele><time>2026-01-01T02:38:48Z</time></trkpt>
<trkpt lat="-27.304309" lon="152.707373"><ele>224.3</ele><time>2026-01-01T02:38:50Z</time></trkpt>
<trkpt lat="-27.304408" lon="152.707174"><ele>224.3</ele><time>2026-01-01T02:38:53Z</time></trkpt>
<trkpt lat="-27.304487" lon="152.707025"><ele>223.7</ele><time>2026-01-01T02:38:55Z</time></trkpt>
<trkpt lat="-27.304619" lon="152.706801"><ele>222</ele><time>2026-01-01T02:38:58Z</time></trkpt>
<trkpt lat="-27.304667" lon="152.706716"><ele>221.1</ele><time>2026-01-01T02:38:59Z</time></trkpt>
<trkpt lat="-27.304763" lon="152.706516"><ele>219</ele><time>2026-01-01T02:39:01Z</time></trkpt>
<trkpt lat="-27.304814" lon="152.706396"><ele>217.7</ele><time>2026-01-01T02:39:02Z</time></trkpt>
<trkpt lat="-27.304872" lon="152.706165"><ele>215.4</ele><time>2026-01-01T02:39:04Z</time></trkpt>
<trkpt lat="-27.304911" lon="152.705917"><ele>213.2</ele><time>2026-01-01T02:39:06Z</time></trkpt>
<trkpt lat="-27.304929" lon="152.705757"><ele>211.7</ele><time>2026-01-01T02:39:07Z</time></trkpt>
<trkpt lat="-27.304974" lon="152.705494"><ele>209.1</ele><time>2026-01-01T02:39:09Z</time></trkpt>
<trkpt lat="-27.305018" lon="152.705312"><ele>207.3</ele><time>2026-01-01T02:39:10Z</time></trkpt>
<trkpt lat="-27.305045" lon="152.705158"><ele>205.7</ele><time>2026-01-01T02:39:11Z</time></trkpt>
<trkpt lat="-27.305045" lon="152.705038"><ele>204.5</ele><time>2026-01-01T02:39:12Z</time></trkpt>
<trkpt lat="-27.305033" lon="152.704899"><ele>203.1</ele><time>2026-01-01T02:39:13Z</time></trkpt>
<trkpt lat="-27.305026" lon="152.704749"><ele>201.5</ele><time>2026-01-01T02:39:14Z</time></trkpt>
<trkpt lat="-27.305015" lon="152.704599"><ele>199.9</ele><time>2026-01-01T02:39:15Z</time></trkpt>
<trkpt lat="-27.304996" lon="152.704407"><ele>198</ele><time>2026-01-01T02:39:16Z</time></trkpt>
<trkpt lat="-27.30498" lon="152.704254"><ele>196.8</ele><time>2026-01-01T02:39:17Z</time></trkpt>
<trkpt lat="-27.304959" lon="152.703964"><ele>195.7</ele><time>2026-01-01T02:39:19Z</time></trkpt>
<trkpt lat="-27.304956" lon="152.703822"><ele>195.8</ele><time>2026-01-01T02:39:20Z</time></trkpt>
<trkpt lat="-27.304965" lon="152.703715"><ele>196.2</ele><time>2026-01-01T02:39:21Z</time></trkpt>
<trkpt lat="-27.304985" lon="152.703591"><ele>197</ele><time>2026-01-01T02:39:22Z</time></trkpt>
<trkpt lat="-27.305072" lon="152.703272"><ele>200.4</ele><time>2026-01-01T02:39:25Z</time></trkpt>
<trkpt lat="-27.30511" lon="152.703173"><ele>201.5</ele><time>2026-01-01T02:39:26Z</time></trkpt>
<trkpt lat="-27.305167" lon="152.703"><ele>203.4</ele><time>2026-01-01T02:39:28Z</time></trkpt>
<trkpt lat="-27.305209" lon="152.702845"><ele>204.5</ele><time>2026-01-01T02:39:30Z</time></trkpt>
<trkpt lat="-27.305228" lon="152.702753"><ele>205</ele><time>2026-01-01T02:39:31Z</time></trkpt>
<trkpt lat="-27.305271" lon="152.702544"><ele>205.6</ele><time>2026-01-01T02:39:33Z</time></trkpt>
<trkpt lat="-27.305292" lon="152.702432"><ele>205.7</ele><time>2026-01-01T02:39:34Z</time></trkpt>
<trkpt lat="-27.305301" lon="152.702319"><ele>205.6</ele><time>2026-01-01T02:39:35Z</time></trkpt>
<trkpt lat="-27.305297" lon="152.702073"><ele>204.9</ele><time>2026-01-01T02:39:37Z</time></trkpt>
<trkpt lat="-27.305277" lon="152.701596"><ele>202.5</ele><time>2026-01-01T02:39:41Z</time></trkpt>
<trkpt lat="-27.305285" lon="152.701473"><ele>201.9</ele><time>2026-01-01T02:39:42Z</time></trkpt>
<trkpt lat="-27.305306" lon="152.701351"><ele>201.4</ele><time>2026-01-01T02:39:43Z</time></trkpt>
<trkpt lat="-27.30533" lon="152.701235"><ele>200.9</ele><time>2026-01-01T02:39:44Z</time></trkpt>
<trkpt lat="-27.305353" lon="152.701125"><ele>200.3</ele><time>2026-01-01T02:39:45Z</time></trkpt>
<trkpt lat="-27.305373" lon="152.701023"><ele>199.8</ele><time>2026-01-01T02:39:46Z</time></trkpt>
<trkpt lat="-27.305399" lon="152.700935"><ele>199.3</ele><time>2026-01-01T02:39:47Z</time></trkpt>
<trkpt lat="-27.305452" lon="152.700794"><ele>198.5</ele><time>2026-01-01T02:39:48Z</time></trkpt>
<trkpt lat="-27.305609" lon="152.700377"><ele>196.1</ele><time>2026-01-01T02:39:51Z</time></trkpt>
<trkpt lat="-27.305642" lon="152.700084"><ele>194.8</ele><time>2026-01-01T02:39:53Z</time></trkpt>
<trkpt lat="-27.305631" lon="152.699942"><ele>194.1</ele><time>2026-01-01T02:39:54Z</time></trkpt>
<trkpt lat="-27.305601" lon="152.699835"><ele>193.6</ele><time>2026-01-01T02:39:55Z</time></trkpt>
<trkpt lat="-27.305555" lon="152.699677"><ele>192.7</ele><time>2026-01-01T02:39:56Z</time></trkpt>
<trkpt lat="-27.305508" lon="152.699546"><ele>192</ele><time>2026-01-01T02:39:57Z</time></trkpt>
<trkpt lat="-27.305457" lon="152.699421"><ele>191.3</ele><time>2026-01-01T02:39:58Z</time></trkpt>
<trkpt lat="-27.30535" lon="152.69919"><ele>190</ele><time>2026-01-01T02:40:00Z</time></trkpt>
<trkpt lat="-27.30529" lon="152.699071"><ele>189.4</ele><time>2026-01-01T02:40:01Z</time></trkpt>
<trkpt lat="-27.30523" lon="152.698948"><ele>188.6</ele><time>2026-01-01T02:40:02Z</time></trkpt>
<trkpt lat="-27.305112" lon="152.698686"><ele>187</ele><time>2026-01-01T02:40:04Z</time></trkpt>
<trkpt lat="-27.305045" lon="152.698556"><ele>186.3</ele><time>2026-01-01T02:40:05Z</time></trkpt>
<trkpt lat="-27.304996" lon="152.698445"><ele>185.7</ele><time>2026-01-01T02:40:06Z</time></trkpt>
<trkpt lat="-27.304975" lon="152.698307"><ele>185.1</ele><time>2026-01-01T02:40:07Z</time></trkpt>
<trkpt lat="-27.305" lon="152.698035"><ele>183.8</ele><time>2026-01-01T02:40:09Z</time></trkpt>
<trkpt lat="-27.305049" lon="152.697775"><ele>183.1</ele><time>2026-01-01T02:40:11Z</time></trkpt>
<trkpt lat="-27.305077" lon="152.697646"><ele>183.1</ele><time>2026-01-01T02:40:12Z</time></trkpt>
<trkpt lat="-27.30512" lon="152.697517"><ele>183.3</ele><time>2026-01-01T02:40:13Z</time></trkpt>
<trkpt lat="-27.30522" lon="152.697296"><ele>184.3</ele><time>2026-01-01T02:40:15Z</time></trkpt>
<trkpt lat="-27.305319" lon="152.69712"><ele>185.5</ele><time>2026-01-01T02:40:17Z</time></trkpt>
<trkpt lat="-27.305366" lon="152.697037"><ele>186.2</ele><time>2026-01-01T02:40:18Z</time></trkpt>
<trkpt lat="-27.305544" lon="152.696809"><ele>188.1</ele><time>2026-01-01T02:40:21Z</time></trkpt>
<trkpt lat="-27.305829" lon="152.696451"><ele>189.5</ele><time>2026-01-01T02:40:26Z</time></trkpt>
<trkpt lat="-27.306161" lon="152.696068"><ele>187.8</ele><time>2026-01-01T02:40:31Z</time></trkpt>
<trkpt lat="-27.306227" lon="152.69591"><ele>186.9</ele><time>2026-01-01T02:40:33Z</time></trkpt>
<trkpt lat="-27.306233" lon="152.695819"><ele>186.4</ele><time>2026-01-01T02:40:34Z</time></trkpt>
<trkpt lat="-27.306238" lon="152.695628"><ele>185.5</ele><time>2026-01-01T02:40:36Z</time></trkpt>
<trkpt lat="-27.306232" lon="152.695536"><ele>185.2</ele><time>2026-01-01T02:40:37Z</time></trkpt>
<trkpt lat="-27.30616" lon="152.695383"><ele>184.6</ele><time>2026-01-01T02:40:39Z</time></trkpt>
<trkpt lat="-27.306016" lon="152.695219"><ele>184.4</ele><time>2026-01-01T02:40:41Z</time></trkpt>
<trkpt lat="-27.305883" lon="152.695096"><ele>185.1</ele><time>2026-01-01T02:40:43Z</time></trkpt>
<trkpt lat="-27.305823" lon="152.695039"><ele>185.7</ele><time>2026-01-01T02:40:44Z</time></trkpt>
<trkpt lat="-27.305709" lon="152.694928"><ele>186.8</ele><time>2026-01-01T02:40:46Z</time></trkpt>
<trkpt lat="-27.305631" lon="152.69489"><ele>187.4</ele><time>2026-01-01T02:40:47Z</time></trkpt>
<trkpt lat="-27.305472" lon="152.694753"><ele>188.5</ele><time>2026-01-01T02:40:50Z</time></trkpt>
<trkpt lat="-27.30537" lon="152.694698"><ele>188.8</ele><time>2026-01-01T02:40:52Z</time></trkpt>
<trkpt lat="-27.305299" lon="152.694671"><ele>188.9</ele><time>2026-01-01T02:40:53Z</time></trkpt>
<trkpt lat="-27.305019" lon="152.694522"><ele>188.7</ele><time>2026-01-01T02:40:57Z</time></trkpt>
<trkpt lat="-27.304913" lon="152.694453"><ele>188.4</ele><time>2026-01-01T02:40:59Z</time></trkpt>
<trkpt lat="-27.304786" lon="152.694375"><ele>187.9</ele><time>2026-01-01T02:41:01Z</time></trkpt>
<trkpt lat="-27.304654" lon="152.694274"><ele>187.4</ele><time>2026-01-01T02:41:03Z</time></trkpt>
<trkpt lat="-27.304601" lon="152.694215"><ele>187.2</ele><time>2026-01-01T02:41:04Z</time></trkpt>
<trkpt lat="-27.304548" lon="152.69415"><ele>186.9</ele><time>2026-01-01T02:41:05Z</time></trkpt>
<trkpt lat="-27.304507" lon="152.694071"><ele>186.7</ele><time>2026-01-01T02:41:06Z</time></trkpt>
<trkpt lat="-27.304482" lon="152.694007"><ele>186.6</ele><time>2026-01-01T02:41:07Z</time></trkpt>
<trkpt lat="-27.304455" lon="152.693926"><ele>186.4</ele><time>2026-01-01T02:41:08Z</time></trkpt>
<trkpt lat="-27.304436" lon="152.693751"><ele>185.9</ele><time>2026-01-01T02:41:10Z</time></trkpt>
<trkpt lat="-27.304488" lon="152.693473"><ele>185.3</ele><time>2026-01-01T02:41:13Z</time></trkpt>
<trkpt lat="-27.304523" lon="152.693301"><ele>184.9</ele><time>2026-01-01T02:41:15Z</time></trkpt>
<trkpt lat="-27.304517" lon="152.693152"><ele>184.6</ele><time>2026-01-01T02:41:17Z</time></trkpt>
<trkpt lat="-27.304508" lon="152.693041"><ele>184.4</ele><time>2026-01-01T02:41:18Z</time></trkpt>
<trkpt lat="-27.304486" lon="152.692952"><ele>184.3</ele><time>2026-01-01T02:41:19Z</time></trkpt>
<trkpt lat="-27.304402" lon="152.692798"><ele>184.2</ele><time>2026-01-01T02:41:21Z</time></trkpt>
<trkpt lat="-27.304074" lon="152.692408"><ele>184.5</ele><time>2026-01-01T02:41:27Z</time></trkpt>
<trkpt lat="-27.304024" lon="152.692348"><ele>184.6</ele><time>2026-01-01T02:41:28Z</time></trkpt>
<trkpt lat="-27.303971" lon="152.692294"><ele>184.8</ele><time>2026-01-01T02:41:29Z</time></trkpt>
<trkpt lat="-27.303886" lon="152.69218"><ele>185</ele><time>2026-01-01T02:41:31Z</time></trkpt>
<trkpt lat="-27.303843" lon="152.692125"><ele>185</ele><time>2026-01-01T02:41:32Z</time></trkpt>
<trkpt lat="-27.303729" lon="152.691964"><ele>184.3</ele><time>2026-01-01T02:41:35Z</time></trkpt>
<trkpt lat="-27.303673" lon="152.691839"><ele>183.3</ele><time>2026-01-01T02:41:37Z</time></trkpt>
<trkpt lat="-27.303657" lon="152.691767"><ele>182.6</ele><time>2026-01-01T02:41:38Z</time></trkpt>
<trkpt lat="-27.303658" lon="152.69161"><ele>180.7</ele><time>2026-01-01T02:41:40Z</time></trkpt>
<trkpt lat="-27.303706" lon="152.691434"><ele>178</ele><time>2026-01-01T02:41:42Z</time></trkpt>
<trkpt lat="-27.303744" lon="152.691365"><ele>176.7</ele><time>2026-01-01T02:41:43Z</time></trkpt>
<trkpt lat="-27.303811" lon="152.691268"><ele>174.8</ele><time>2026-01-01T02:41:44Z</time></trkpt>
<trkpt lat="-27.304002" lon="152.69103"><ele>171.3</ele><time>2026-01-01T02:41:47Z</time></trkpt>
<trkpt lat="-27.304066" lon="152.690958"><ele>171</ele><time>2026-01-01T02:41:48Z</time></trkpt>
<trkpt lat="-27.304113" lon="152.690906"><ele>170.8</ele><time>2026-01-01T02:41:49Z</time></trkpt>
<trkpt lat="-27.30425" lon="152.690774"><ele>170</ele><time>2026-01-01T02:41:51Z</time></trkpt>
<trkpt lat="-27.304313" lon="152.690732"><ele>169.7</ele><time>2026-01-01T02:41:52Z</time></trkpt>
<trkpt lat="-27.304387" lon="152.690703"><ele>169.4</ele><time>2026-01-01T02:41:53Z</time></trkpt>
<trkpt lat="-27.304498" lon="152.690665"><ele>169.1</ele><time>2026-01-01T02:41:54Z</time></trkpt>
<trkpt lat="-27.304638" lon="152.690629"><ele>168.9</ele><time>2026-01-01T02:41:55Z</time></trkpt>
<trkpt lat="-27.304796" lon="152.690585"><ele>169.2</ele><time>2026-01-01T02:41:56Z</time></trkpt>
<trkpt lat="-27.304949" lon="152.690541"><ele>169.5</ele><time>2026-01-01T02:41:57Z</time></trkpt>
<trkpt lat="-27.30523" lon="152.69046"><ele>169.7</ele><time>2026-01-01T02:41:59Z</time></trkpt>
<trkpt lat="-27.30544" lon="152.690361"><ele>170.2</ele><time>2026-01-01T02:42:01Z</time></trkpt>
<trkpt lat="-27.30551" lon="152.69031"><ele>170.2</ele><time>2026-01-01T02:42:02Z</time></trkpt>
<trkpt lat="-27.305577" lon="152.690261"><ele>170.1</ele><time>2026-01-01T02:42:03Z</time></trkpt>
<trkpt lat="-27.305679" lon="152.690166"><ele>169.8</ele><time>2026-01-01T02:42:05Z</time></trkpt>
<trkpt lat="-27.305855" lon="152.68996"><ele>168.1</ele><time>2026-01-01T02:42:08Z</time></trkpt>
<trkpt lat="-27.30595" lon="152.689822"><ele>166.6</ele><time>2026-01-01T02:42:10Z</time></trkpt>
<trkpt lat="-27.305977" lon="152.689756"><ele>165.9</ele><time>2026-01-01T02:42:11Z</time></trkpt>
<trkpt lat="-27.306062" lon="152.689562"><ele>164.3</ele><time>2026-01-01T02:42:13Z</time></trkpt>
<trkpt lat="-27.306094" lon="152.689484"><ele>164</ele><time>2026-01-01T02:42:14Z</time></trkpt>
<trkpt lat="-27.306135" lon="152.689372"><ele>163.6</ele><time>2026-01-01T02:42:15Z</time></trkpt>
<trkpt lat="-27.306314" lon="152.688968"><ele>164.9</ele><time>2026-01-01T02:42:20Z</time></trkpt>
<trkpt lat="-27.306376" lon="152.688818"><ele>165.9</ele><time>2026-01-01T02:42:22Z</time></trkpt>
<trkpt lat="-27.306403" lon="152.688755"><ele>166.4</ele><time>2026-01-01T02:42:23Z</time></trkpt>
<trkpt lat="-27.306431" lon="152.688691"><ele>166.8</ele><time>2026-01-01T02:42:24Z</time></trkpt>
<trkpt lat="-27.306492" lon="152.688501"><ele>168.3</ele><time>2026-01-01T02:42:27Z</time></trkpt>
<trkpt lat="-27.306516" lon="152.688397"><ele>169.2</ele><time>2026-01-01T02:42:29Z</time></trkpt>
<trkpt lat="-27.306537" lon="152.688325"><ele>169.8</ele><time>2026-01-01T02:42:30Z</time></trkpt>
<trkpt lat="-27.306575" lon="152.688158"><ele>171.1</ele><time>2026-01-01T02:42:33Z</time></trkpt>
<trkpt lat="-27.306593" lon="152.688017"><ele>172</ele><time>2026-01-01T02:42:35Z</time></trkpt>
<trkpt lat="-27.306593" lon="152.687969"><ele>172.2</ele><time>2026-01-01T02:42:36Z</time></trkpt>
<trkpt lat="-27.306597" lon="152.687842"><ele>172.7</ele><time>2026-01-01T02:42:38Z</time></trkpt>
<trkpt lat="-27.306599" lon="152.687794"><ele>172.8</ele><time>2026-01-01T02:42:39Z</time></trkpt>
<trkpt lat="-27.306556" lon="152.68733"><ele>173.2</ele><time>2026-01-01T02:42:47Z</time></trkpt>
<trkpt lat="-27.30653" lon="152.687207"><ele>172.9</ele><time>2026-01-01T02:42:49Z</time></trkpt>
<trkpt lat="-27.306441" lon="152.686948"><ele>172</ele><time>2026-01-01T02:42:53Z</time></trkpt>
<trkpt lat="-27.306319" lon="152.68668"><ele>170.4</ele><time>2026-01-01T02:42:57Z</time></trkpt>
<trkpt lat="-27.30628" lon="152.686602"><ele>169.9</ele><time>2026-01-01T02:42:58Z</time></trkpt>
<trkpt lat="-27.306195" lon="152.686424"><ele>168.7</ele><time>2026-01-01T02:43:00Z</time></trkpt>
<trkpt lat="-27.306116" lon="152.68626"><ele>167.7</ele><time>2026-01-01T02:43:02Z</time></trkpt>
<trkpt lat="-27.306082" lon="152.686193"><ele>167.3</ele><time>2026-01-01T02:43:03Z</time></trkpt>
<trkpt lat="-27.306039" lon="152.686111"><ele>166.8</ele><time>2026-01-01T02:43:04Z</time></trkpt>
<trkpt lat="-27.305864" lon="152.685768"><ele>165.9</ele><time>2026-01-01T02:43:08Z</time></trkpt>
<trkpt lat="-27.305746" lon="152.685546"><ele>165.2</ele><time>2026-01-01T02:43:11Z</time></trkpt>
<trkpt lat="-27.305703" lon="152.68547"><ele>165.1</ele><time>2026-01-01T02:43:12Z</time></trkpt>
<trkpt lat="-27.305566" lon="152.685214"><ele>165</ele><time>2026-01-01T02:43:15Z</time></trkpt>
<trkpt lat="-27.305273" lon="152.684696"><ele>166.8</ele><time>2026-01-01T02:43:22Z</time></trkpt>
<trkpt lat="-27.30524" lon="152.68464"><ele>167.2</ele><time>2026-01-01T02:43:23Z</time></trkpt>
<trkpt lat="-27.305179" lon="152.684478"><ele>168.2</ele><time>2026-01-01T02:43:25Z</time></trkpt>
<trkpt lat="-27.305151" lon="152.684427"><ele>168.6</ele><time>2026-01-01T02:43:26Z</time></trkpt>
<trkpt lat="-27.305052" lon="152.684241"><ele>169.8</ele><time>2026-01-01T02:43:29Z</time></trkpt>
<trkpt lat="-27.304964" lon="152.684064"><ele>170.3</ele><time>2026-01-01T02:43:32Z</time></trkpt>
<trkpt lat="-27.304853" lon="152.683736"><ele>169</ele><time>2026-01-01T02:43:37Z</time></trkpt>
<trkpt lat="-27.304842" lon="152.683639"><ele>168.2</ele><time>2026-01-01T02:43:38Z</time></trkpt>
<trkpt lat="-27.304846" lon="152.683554"><ele>167.3</ele><time>2026-01-01T02:43:39Z</time></trkpt>
<trkpt lat="-27.304883" lon="152.683369"><ele>165.2</ele><time>2026-01-01T02:43:41Z</time></trkpt>
<trkpt lat="-27.304919" lon="152.683274"><ele>164.1</ele><time>2026-01-01T02:43:42Z</time></trkpt>
<trkpt lat="-27.304971" lon="152.683184"><ele>162.9</ele><time>2026-01-01T02:43:43Z</time></trkpt>
<trkpt lat="-27.305105" lon="152.683024"><ele>160.9</ele><time>2026-01-01T02:43:45Z</time></trkpt>
<trkpt lat="-27.305198" lon="152.682966"><ele>160.1</ele><time>2026-01-01T02:43:46Z</time></trkpt>
<trkpt lat="-27.305288" lon="152.682923"><ele>159.6</ele><time>2026-01-01T02:43:47Z</time></trkpt>
<trkpt lat="-27.305383" lon="152.682899"><ele>159.2</ele><time>2026-01-01T02:43:48Z</time></trkpt>
<trkpt lat="-27.305576" lon="152.682889"><ele>158.7</ele><time>2026-01-01T02:43:50Z</time></trkpt>
<trkpt lat="-27.305671" lon="152.682905"><ele>158.6</ele><time>2026-01-01T02:43:51Z</time></trkpt>
<trkpt lat="-27.305863" lon="152.682956"><ele>158.4</ele><time>2026-01-01T02:43:53Z</time></trkpt>
<trkpt lat="-27.306058" lon="152.682967"><ele>157.9</ele><time>2026-01-01T02:43:55Z</time></trkpt>
<trkpt lat="-27.306321" lon="152.682903"><ele>157.5</ele><time>2026-01-01T02:43:58Z</time></trkpt>
<trkpt lat="-27.306423" lon="152.68285"><ele>157.4</ele><time>2026-01-01T02:43:59Z</time></trkpt>
<trkpt lat="-27.306567" lon="152.682733"><ele>157.5</ele><time>2026-01-01T02:44:01Z</time></trkpt>
<trkpt lat="-27.306685" lon="152.682584"><ele>157.8</ele><time>2026-01-01T02:44:03Z</time></trkpt>
<trkpt lat="-27.306727" lon="152.682502"><ele>158</ele><time>2026-01-01T02:44:04Z</time></trkpt>
<trkpt lat="-27.306792" lon="152.682321"><ele>158.6</ele><time>2026-01-01T02:44:06Z</time></trkpt>
<trkpt lat="-27.306836" lon="152.682149"><ele>159.1</ele><time>2026-01-01T02:44:08Z</time></trkpt>
<trkpt lat="-27.306847" lon="152.681803"><ele>159.6</ele><time>2026-01-01T02:44:12Z</time></trkpt>
<trkpt lat="-27.306843" lon="152.68172"><ele>159.6</ele><time>2026-01-01T02:44:13Z</time></trkpt>
<trkpt lat="-27.306837" lon="152.681325"><ele>158.8</ele><time>2026-01-01T02:44:18Z</time></trkpt>
<trkpt lat="-27.306831" lon="152.681157"><ele>157.8</ele><time>2026-01-01T02:44:20Z</time></trkpt>
<trkpt lat="-27.306852" lon="152.680983"><ele>156.4</ele><time>2026-01-01T02:44:22Z</time></trkpt>
<trkpt lat="-27.306875" lon="152.680903"><ele>155.7</ele><time>2026-01-01T02:44:23Z</time></trkpt>
<trkpt lat="-27.306904" lon="152.680822"><ele>154.9</ele><time>2026-01-01T02:44:24Z</time></trkpt>
<trkpt lat="-27.306981" lon="152.680656"><ele>153.3</ele><time>2026-01-01T02:44:26Z</time></trkpt>
<trkpt lat="-27.30704" lon="152.680582"><ele>152.6</ele><time>2026-01-01T02:44:27Z</time></trkpt>
<trkpt lat="-27.307147" lon="152.680449"><ele>151.7</ele><time>2026-01-01T02:44:29Z</time></trkpt>
<trkpt lat="-27.307269" lon="152.680336"><ele>151.5</ele><time>2026-01-01T02:44:31Z</time></trkpt>
<trkpt lat="-27.307387" lon="152.680195"><ele>151.9</ele><time>2026-01-01T02:44:33Z</time></trkpt>
<trkpt lat="-27.307435" lon="152.680118"><ele>152.4</ele><time>2026-01-01T02:44:34Z</time></trkpt>
<trkpt lat="-27.307471" lon="152.680038"><ele>153</ele><time>2026-01-01T02:44:35Z</time></trkpt>
<trkpt lat="-27.307491" lon="152.67995"><ele>153.7</ele><time>2026-01-01T02:44:36Z</time></trkpt>
<trkpt lat="-27.30751" lon="152.679784"><ele>155.4</ele><time>2026-01-01T02:44:38Z</time></trkpt>
<trkpt lat="-27.307512" lon="152.679696"><ele>156.5</ele><time>2026-01-01T02:44:39Z</time></trkpt>
<trkpt lat="-27.30747" lon="152.679459"><ele>159.4</ele><time>2026-01-01T02:44:42Z</time></trkpt>
<trkpt lat="-27.307434" lon="152.679303"><ele>160.7</ele><time>2026-01-01T02:44:44Z</time></trkpt>
<trkpt lat="-27.307422" lon="152.679251"><ele>161.1</ele><time>2026-01-01T02:44:45Z</time></trkpt>
<trkpt lat="-27.307407" lon="152.67918"><ele>161.4</ele><time>2026-01-01T02:44:46Z</time></trkpt>
<trkpt lat="-27.307391" lon="152.67911"><ele>161.7</ele><time>2026-01-01T02:44:47Z</time></trkpt>
<trkpt lat="-27.307343" lon="152.678884"><ele>161.7</ele><time>2026-01-01T02:44:50Z</time></trkpt>
<trkpt lat="-27.307295" lon="152.678665"><ele>161.3</ele><time>2026-01-01T02:44:53Z</time></trkpt>
<trkpt lat="-27.307201" lon="152.678238"><ele>160.1</ele><time>2026-01-01T02:44:59Z</time></trkpt>
<trkpt lat="-27.307114" lon="152.677779"><ele>158.8</ele><time>2026-01-01T02:45:05Z</time></trkpt>
<trkpt lat="-27.307085" lon="152.677647"><ele>158.4</ele><time>2026-01-01T02:45:07Z</time></trkpt>
<trkpt lat="-27.307023" lon="152.677268"><ele>157.4</ele><time>2026-01-01T02:45:12Z</time></trkpt>
<trkpt lat="-27.306999" lon="152.677124"><ele>157.1</ele><time>2026-01-01T02:45:14Z</time></trkpt>
<trkpt lat="-27.306957" lon="152.676921"><ele>156.5</ele><time>2026-01-01T02:45:17Z</time></trkpt>
<trkpt lat="-27.306892" lon="152.676431"><ele>155.1</ele><time>2026-01-01T02:45:23Z</time></trkpt>
<trkpt lat="-27.306832" lon="152.676061"><ele>154.3</ele><time>2026-01-01T02:45:28Z</time></trkpt>
<trkpt lat="-27.30682" lon="152.675978"><ele>154.1</ele><time>2026-01-01T02:45:29Z</time></trkpt>
<trkpt lat="-27.306793" lon="152.6758"><ele>153.7</ele><time>2026-01-01T02:45:31Z</time></trkpt>
<trkpt lat="-27.306706" lon="152.675445"><ele>151.8</ele><time>2026-01-01T02:45:35Z</time></trkpt>
<trkpt lat="-27.306605" lon="152.675257"><ele>149.5</ele><time>2026-01-01T02:45:37Z</time></trkpt>
<trkpt lat="-27.306532" lon="152.675177"><ele>148</ele><time>2026-01-01T02:45:38Z</time></trkpt>
<trkpt lat="-27.306445" lon="152.675102"><ele>146.6</ele><time>2026-01-01T02:45:39Z</time></trkpt>
<trkpt lat="-27.306342" lon="152.675039"><ele>145.2</ele><time>2026-01-01T02:45:40Z</time></trkpt>
<trkpt lat="-27.306233" lon="152.674991"><ele>144</ele><time>2026-01-01T02:45:41Z</time></trkpt>
<trkpt lat="-27.306121" lon="152.674961"><ele>143.1</ele><time>2026-01-01T02:45:42Z</time></trkpt>
<trkpt lat="-27.305893" lon="152.674924"><ele>142.6</ele><time>2026-01-01T02:45:44Z</time></trkpt>
<trkpt lat="-27.305424" lon="152.674873"><ele>146</ele><time>2026-01-01T02:45:48Z</time></trkpt>
<trkpt lat="-27.305326" lon="152.674869"><ele>147.4</ele><time>2026-01-01T02:45:49Z</time></trkpt>
<trkpt lat="-27.305153" lon="152.674869"><ele>149.8</ele><time>2026-01-01T02:45:51Z</time></trkpt>
<trkpt lat="-27.304999" lon="152.674859"><ele>151.6</ele><time>2026-01-01T02:45:53Z</time></trkpt>
<trkpt lat="-27.304805" lon="152.674844"><ele>153</ele><time>2026-01-01T02:45:56Z</time></trkpt>
<trkpt lat="-27.30454" lon="152.674829"><ele>153.6</ele><time>2026-01-01T02:46:00Z</time></trkpt>
<trkpt lat="-27.304434" lon="152.674831"><ele>153.5</ele><time>2026-01-01T02:46:02Z</time></trkpt>
<trkpt lat="-27.304256" lon="152.674821"><ele>152.8</ele><time>2026-01-01T02:46:05Z</time></trkpt>
<trkpt lat="-27.303885" lon="152.674739"><ele>149.3</ele><time>2026-01-01T02:46:10Z</time></trkpt>
<trkpt lat="-27.303798" lon="152.674711"><ele>148.4</ele><time>2026-01-01T02:46:11Z</time></trkpt>
<trkpt lat="-27.303617" lon="152.674639"><ele>146.4</ele><time>2026-01-01T02:46:13Z</time></trkpt>
<trkpt lat="-27.303525" lon="152.674596"><ele>145.4</ele><time>2026-01-01T02:46:14Z</time></trkpt>
<trkpt lat="-27.303432" lon="152.674552"><ele>144.6</ele><time>2026-01-01T02:46:15Z</time></trkpt>
<trkpt lat="-27.303343" lon="152.674508"><ele>144.1</ele><time>2026-01-01T02:46:16Z</time></trkpt>
<trkpt lat="-27.303072" lon="152.674386"><ele>143.4</ele><time>2026-01-01T02:46:19Z</time></trkpt>
<trkpt lat="-27.302986" lon="152.674362"><ele>143.4</ele><time>2026-01-01T02:46:20Z</time></trkpt>
<trkpt lat="-27.302902" lon="152.674342"><ele>143.4</ele><time>2026-01-01T02:46:21Z</time></trkpt>
<trkpt lat="-27.302816" lon="152.674314"><ele>143.6</ele><time>2026-01-01T02:46:22Z</time></trkpt>
<trkpt lat="-27.302649" lon="152.674279"><ele>143.9</ele><time>2026-01-01T02:46:24Z</time></trkpt>
<trkpt lat="-27.302566" lon="152.67427"><ele>144.1</ele><time>2026-01-01T02:46:25Z</time></trkpt>
<trkpt lat="-27.302395" lon="152.674256"><ele>144.5</ele><time>2026-01-01T02:46:27Z</time></trkpt>
<trkpt lat="-27.30214" lon="152.67427"><ele>145</ele><time>2026-01-01T02:46:30Z</time></trkpt>
<trkpt lat="-27.301895" lon="152.674328"><ele>145.4</ele><time>2026-01-01T02:46:33Z</time></trkpt>
<trkpt lat="-27.301657" lon="152.674362"><ele>145.6</ele><time>2026-01-01T02:46:36Z</time></trkpt>
<trkpt lat="-27.301573" lon="152.674373"><ele>145.5</ele><time>2026-01-01T02:46:37Z</time></trkpt>
<trkpt lat="-27.301317" lon="152.674413"><ele>145</ele><time>2026-01-01T02:46:40Z</time></trkpt>
<trkpt lat="-27.301229" lon="152.674414"><ele>144.6</ele><time>2026-01-01T02:46:41Z</time></trkpt>
<trkpt lat="-27.30103" lon="152.674365"><ele>143.7</ele><time>2026-01-01T02:46:43Z</time></trkpt>
<trkpt lat="-27.300872" lon="152.674277"><ele>143.3</ele><time>2026-01-01T02:46:45Z</time></trkpt>
<trkpt lat="-27.300795" lon="152.674218"><ele>143.2</ele><time>2026-01-01T02:46:46Z</time></trkpt>
<trkpt lat="-27.300724" lon="152.674143"><ele>143.3</ele><time>2026-01-01T02:46:47Z</time></trkpt>
<trkpt lat="-27.30052" lon="152.673916"><ele>144.3</ele><time>2026-01-01T02:46:50Z</time></trkpt>
<trkpt lat="-27.30046" lon="152.67385"><ele>144.6</ele><time>2026-01-01T02:46:51Z</time></trkpt>
<trkpt lat="-27.300345" lon="152.673735"><ele>145.4</ele><time>2026-01-01T02:46:53Z</time></trkpt>
<trkpt lat="-27.300146" lon="152.673512"><ele>146.8</ele><time>2026-01-01T02:46:57Z</time></trkpt>
<trkpt lat="-27.300043" lon="152.67342"><ele>147.1</ele><time>2026-01-01T02:46:59Z</time></trkpt>
<trkpt lat="-27.299744" lon="152.673107"><ele>146.5</ele><time>2026-01-01T02:47:05Z</time></trkpt>
<trkpt lat="-27.299693" lon="152.673059"><ele>146.3</ele><time>2026-01-01T02:47:06Z</time></trkpt>
<trkpt lat="-27.29934" lon="152.672679"><ele>144.9</ele><time>2026-01-01T02:47:13Z</time></trkpt>
<trkpt lat="-27.299232" lon="152.67257"><ele>144.5</ele><time>2026-01-01T02:47:15Z</time></trkpt>
<trkpt lat="-27.298972" lon="152.672299"><ele>143.6</ele><time>2026-01-01T02:47:20Z</time></trkpt>
<trkpt lat="-27.2988" lon="152.672111"><ele>142.9</ele><time>2026-01-01T02:47:23Z</time></trkpt>
<trkpt lat="-27.298709" lon="152.671968"><ele>142.4</ele><time>2026-01-01T02:47:25Z</time></trkpt>
<trkpt lat="-27.298651" lon="152.671824"><ele>142</ele><time>2026-01-01T02:47:27Z</time></trkpt>
<trkpt lat="-27.298622" lon="152.671725"><ele>141.6</ele><time>2026-01-01T02:47:28Z</time></trkpt>
<trkpt lat="-27.298591" lon="152.671459"><ele>141</ele><time>2026-01-01T02:47:31Z</time></trkpt>
<trkpt lat="-27.298593" lon="152.671369"><ele>140.7</ele><time>2026-01-01T02:47:32Z</time></trkpt>
<trkpt lat="-27.298607" lon="152.671273"><ele>140.4</ele><time>2026-01-01T02:47:33Z</time></trkpt>
<trkpt lat="-27.298657" lon="152.671088"><ele>139.8</ele><time>2026-01-01T02:47:35Z</time></trkpt>
<trkpt lat="-27.298722" lon="152.670917"><ele>139.2</ele><time>2026-01-01T02:47:37Z</time></trkpt>
<trkpt lat="-27.298796" lon="152.670745"><ele>138.5</ele><time>2026-01-01T02:47:39Z</time></trkpt>
<trkpt lat="-27.298822" lon="152.670676"><ele>138.3</ele><time>2026-01-01T02:47:40Z</time></trkpt>
<trkpt lat="-27.298848" lon="152.670584"><ele>138</ele><time>2026-01-01T02:47:41Z</time></trkpt>
<trkpt lat="-27.298866" lon="152.670486"><ele>137.8</ele><time>2026-01-01T02:47:42Z</time></trkpt>
<trkpt lat="-27.298874" lon="152.670276"><ele>137.5</ele><time>2026-01-01T02:47:44Z</time></trkpt>
<trkpt lat="-27.298806" lon="152.66983"><ele>138.1</ele><time>2026-01-01T02:47:49Z</time></trkpt>
<trkpt lat="-27.29871" lon="152.669401"><ele>139.7</ele><time>2026-01-01T02:47:54Z</time></trkpt>
<trkpt lat="-27.298691" lon="152.669323"><ele>139.9</ele><time>2026-01-01T02:47:55Z</time></trkpt>
<trkpt lat="-27.298581" lon="152.668839"><ele>138.7</ele><time>2026-01-01T02:48:01Z</time></trkpt>
<trkpt lat="-27.298539" lon="152.668667"><ele>137.3</ele><time>2026-01-01T02:48:03Z</time></trkpt>
<trkpt lat="-27.298448" lon="152.668288"><ele>135</ele><time>2026-01-01T02:48:07Z</time></trkpt>
<trkpt lat="-27.298405" lon="152.668112"><ele>135</ele><time>2026-01-01T02:48:09Z</time></trkpt>
<trkpt lat="-27.298362" lon="152.667923"><ele>135.7</ele><time>2026-01-01T02:48:11Z</time></trkpt>
<trkpt lat="-27.298291" lon="152.667601"><ele>136.7</ele><time>2026-01-01T02:48:15Z</time></trkpt>
<trkpt lat="-27.298231" lon="152.66713"><ele>137</ele><time>2026-01-01T02:48:21Z</time></trkpt>
<trkpt lat="-27.298175" lon="152.666649"><ele>136.9</ele><time>2026-01-01T02:48:27Z</time></trkpt>
<trkpt lat="-27.298125" lon="152.666413"><ele>136.7</ele><time>2026-01-01T02:48:30Z</time></trkpt>
<trkpt lat="-27.298023" lon="152.666178"><ele>136.6</ele><time>2026-01-01T02:48:33Z</time></trkpt>
<trkpt lat="-27.297791" lon="152.665665"><ele>137.4</ele><time>2026-01-01T02:48:40Z</time></trkpt>
<trkpt lat="-27.297772" lon="152.665588"><ele>137.5</ele><time>2026-01-01T02:48:41Z</time></trkpt>
<trkpt lat="-27.297754" lon="152.665512"><ele>137.7</ele><time>2026-01-01T02:48:42Z</time></trkpt>
<trkpt lat="-27.297741" lon="152.665436"><ele>137.9</ele><time>2026-01-01T02:48:43Z</time></trkpt>
<trkpt lat="-27.297741" lon="152.665199"><ele>138.5</ele><time>2026-01-01T02:48:46Z</time></trkpt>
<trkpt lat="-27.297764" lon="152.665035"><ele>138.7</ele><time>2026-01-01T02:48:48Z</time></trkpt>
<trkpt lat="-27.297784" lon="152.664978"><ele>138.7</ele><time>2026-01-01T02:48:49Z</time></trkpt>
<trkpt lat="-27.297819" lon="152.664896"><ele>138.7</ele><time>2026-01-01T02:48:50Z</time></trkpt>
<trkpt lat="-27.297877" lon="152.664775"><ele>138.5</ele><time>2026-01-01T02:48:52Z</time></trkpt>
<trkpt lat="-27.298028" lon="152.664493"><ele>137.6</ele><time>2026-01-01T02:48:56Z</time></trkpt>
<trkpt lat="-27.298069" lon="152.664407"><ele>137.3</ele><time>2026-01-01T02:48:57Z</time></trkpt>
<trkpt lat="-27.298128" lon="152.664264"><ele>136.4</ele><time>2026-01-01T02:48:59Z</time></trkpt>
<trkpt lat="-27.298182" lon="152.664082"><ele>135.1</ele><time>2026-01-01T02:49:01Z</time></trkpt>
<trkpt lat="-27.298203" lon="152.663984"><ele>134.3</ele><time>2026-01-01T02:49:02Z</time></trkpt>
<trkpt lat="-27.298224" lon="152.663863"><ele>133.4</ele><time>2026-01-01T02:49:03Z</time></trkpt>
<trkpt lat="-27.298251" lon="152.663658"><ele>132</ele><time>2026-01-01T02:49:05Z</time></trkpt>
<trkpt lat="-27.29826" lon="152.663556"><ele>131.4</ele><time>2026-01-01T02:49:06Z</time></trkpt>
<trkpt lat="-27.298268" lon="152.663451"><ele>130.9</ele><time>2026-01-01T02:49:07Z</time></trkpt>
<trkpt lat="-27.298302" lon="152.662932"><ele>131.1</ele><time>2026-01-01T02:49:12Z</time></trkpt>
<trkpt lat="-27.298321" lon="152.662757"><ele>131.5</ele><time>2026-01-01T02:49:14Z</time></trkpt>
<trkpt lat="-27.298339" lon="152.662643"><ele>131.9</ele><time>2026-01-01T02:49:15Z</time></trkpt>
<trkpt lat="-27.298359" lon="152.66255"><ele>132.3</ele><time>2026-01-01T02:49:16Z</time></trkpt>
<trkpt lat="-27.298438" lon="152.662297"><ele>133.4</ele><time>2026-01-01T02:49:19Z</time></trkpt>
<trkpt lat="-27.29847" lon="152.662211"><ele>133.7</ele><time>2026-01-01T02:49:20Z</time></trkpt>
<trkpt lat="-27.298496" lon="152.662125"><ele>133.9</ele><time>2026-01-01T02:49:21Z</time></trkpt>
<trkpt lat="-27.298554" lon="152.661831"><ele>133.8</ele><time>2026-01-01T02:49:24Z</time></trkpt>
<trkpt lat="-27.298552" lon="152.661754"><ele>133.7</ele><time>2026-01-01T02:49:25Z</time></trkpt>
<trkpt lat="-27.298549" lon="152.661657"><ele>133.6</ele><time>2026-01-01T02:49:26Z</time></trkpt>
<trkpt lat="-27.298533" lon="152.661469"><ele>133.4</ele><time>2026-01-01T02:49:28Z</time></trkpt>
<trkpt lat="-27.298471" lon="152.660997"><ele>133.7</ele><time>2026-01-01T02:49:33Z</time></trkpt>
<trkpt lat="-27.298473" lon="152.6609"><ele>134.1</ele><time>2026-01-01T02:49:34Z</time></trkpt>
<trkpt lat="-27.298473" lon="152.660811"><ele>134.6</ele><time>2026-01-01T02:49:35Z</time></trkpt>
<trkpt lat="-27.298492" lon="152.660647"><ele>135.8</ele><time>2026-01-01T02:49:37Z</time></trkpt>
<trkpt lat="-27.298514" lon="152.660567"><ele>136.4</ele><time>2026-01-01T02:49:38Z</time></trkpt>
<trkpt lat="-27.298547" lon="152.660489"><ele>137.2</ele><time>2026-01-01T02:49:39Z</time></trkpt>
<trkpt lat="-27.298676" lon="152.660284"><ele>139.3</ele><time>2026-01-01T02:49:42Z</time></trkpt>
<trkpt lat="-27.298718" lon="152.660223"><ele>140</ele><time>2026-01-01T02:49:43Z</time></trkpt>
<trkpt lat="-27.298764" lon="152.660154"><ele>140.7</ele><time>2026-01-01T02:49:44Z</time></trkpt>
<trkpt lat="-27.298802" lon="152.660098"><ele>141.2</ele><time>2026-01-01T02:49:45Z</time></trkpt>
<trkpt lat="-27.298834" lon="152.660056"><ele>141.6</ele><time>2026-01-01T02:49:46Z</time></trkpt>
<trkpt lat="-27.298872" lon="152.659992"><ele>142.1</ele><time>2026-01-01T02:49:47Z</time></trkpt>
<trkpt lat="-27.298951" lon="152.659904"><ele>142.9</ele><time>2026-01-01T02:49:49Z</time></trkpt>
<trkpt lat="-27.299086" lon="152.659755"><ele>143.8</ele><time>2026-01-01T02:49:52Z</time></trkpt>
<trkpt lat="-27.299195" lon="152.659624"><ele>144</ele><time>2026-01-01T02:49:55Z</time></trkpt>
<trkpt lat="-27.299343" lon="152.659403"><ele>143.7</ele><time>2026-01-01T02:49:59Z</time></trkpt>
<trkpt lat="-27.2994" lon="152.65932"><ele>143.4</ele><time>2026-01-01T02:50:00Z</time></trkpt>
<trkpt lat="-27.299432" lon="152.659251"><ele>143.1</ele><time>2026-01-01T02:50:01Z</time></trkpt>
<trkpt lat="-27.299492" lon="152.659045"><ele>142</ele><time>2026-01-01T02:50:04Z</time></trkpt>
<trkpt lat="-27.299499" lon="152.658947"><ele>141.4</ele><time>2026-01-01T02:50:05Z</time></trkpt>
<trkpt lat="-27.299521" lon="152.658716"><ele>140.1</ele><time>2026-01-01T02:50:08Z</time></trkpt>
<trkpt lat="-27.299521" lon="152.658621"><ele>139.5</ele><time>2026-01-01T02:50:09Z</time></trkpt>
<trkpt lat="-27.299503" lon="152.658309"><ele>137.7</ele><time>2026-01-01T02:50:13Z</time></trkpt>
<trkpt lat="-27.299498" lon="152.65822"><ele>137.2</ele><time>2026-01-01T02:50:14Z</time></trkpt>
<trkpt lat="-27.29949" lon="152.65811"><ele>136.6</ele><time>2026-01-01T02:50:15Z</time></trkpt>
<trkpt lat="-27.299491" lon="152.657934"><ele>135.6</ele><time>2026-01-01T02:50:17Z</time></trkpt>
<trkpt lat="-27.299544" lon="152.657404"><ele>132.7</ele><time>2026-01-01T02:50:22Z</time></trkpt>
<trkpt lat="-27.299581" lon="152.657075"><ele>130.2</ele><time>2026-01-01T02:50:25Z</time></trkpt>
<trkpt lat="-27.29961" lon="152.65687"><ele>128.4</ele><time>2026-01-01T02:50:27Z</time></trkpt>
<trkpt lat="-27.299625" lon="152.656744"><ele>127.3</ele><time>2026-01-01T02:50:28Z</time></trkpt>
<trkpt lat="-27.299594" lon="152.656472"><ele>125.6</ele><time>2026-01-01T02:50:30Z</time></trkpt>
<trkpt lat="-27.299508" lon="152.656236"><ele>124.5</ele><time>2026-01-01T02:50:32Z</time></trkpt>
<trkpt lat="-27.299449" lon="152.656129"><ele>124.2</ele><time>2026-01-01T02:50:33Z</time></trkpt>
<trkpt lat="-27.29938" lon="152.656038"><ele>124</ele><time>2026-01-01T02:50:34Z</time></trkpt>
<trkpt lat="-27.299316" lon="152.655987"><ele>124</ele><time>2026-01-01T02:50:35Z</time></trkpt>
<trkpt lat="-27.299214" lon="152.655913"><ele>123.9</ele><time>2026-01-01T02:50:36Z</time></trkpt>
<trkpt lat="-27.299046" lon="152.655785"><ele>123.8</ele><time>2026-01-01T02:50:38Z</time></trkpt>
<trkpt lat="-27.298955" lon="152.655705"><ele>123.8</ele><time>2026-01-01T02:50:39Z</time></trkpt>
<trkpt lat="-27.298852" lon="152.655601"><ele>123.7</ele><time>2026-01-01T02:50:40Z</time></trkpt>
<trkpt lat="-27.298789" lon="152.655502"><ele>123.6</ele><time>2026-01-01T02:50:41Z</time></trkpt>
<trkpt lat="-27.298751" lon="152.655386"><ele>123.5</ele><time>2026-01-01T02:50:42Z</time></trkpt>
<trkpt lat="-27.298707" lon="152.655155"><ele>123.2</ele><time>2026-01-01T02:50:44Z</time></trkpt>
<trkpt lat="-27.298713" lon="152.655057"><ele>123.2</ele><time>2026-01-01T02:50:45Z</time></trkpt>
<trkpt lat="-27.298707" lon="152.654516"><ele>123.9</ele><time>2026-01-01T02:50:50Z</time></trkpt>
<trkpt lat="-27.298655" lon="152.654187"><ele>125.3</ele><time>2026-01-01T02:50:53Z</time></trkpt>
<trkpt lat="-27.298626" lon="152.654108"><ele>125.6</ele><time>2026-01-01T02:50:54Z</time></trkpt>
<trkpt lat="-27.298588" lon="152.654017"><ele>126.1</ele><time>2026-01-01T02:50:55Z</time></trkpt>
<trkpt lat="-27.298457" lon="152.653778"><ele>127.5</ele><time>2026-01-01T02:50:58Z</time></trkpt>
<trkpt lat="-27.298406" lon="152.653705"><ele>128</ele><time>2026-01-01T02:50:59Z</time></trkpt>
<trkpt lat="-27.298139" lon="152.653353"><ele>131.6</ele><time>2026-01-01T02:51:04Z</time></trkpt>
<trkpt lat="-27.297874" lon="152.653093"><ele>135.6</ele><time>2026-01-01T02:51:09Z</time></trkpt>
<trkpt lat="-27.297819" lon="152.65305"><ele>136.4</ele><time>2026-01-01T02:51:10Z</time></trkpt>
<trkpt lat="-27.297764" lon="152.653004"><ele>137.1</ele><time>2026-01-01T02:51:11Z</time></trkpt>
<trkpt lat="-27.29771" lon="152.652965"><ele>137.6</ele><time>2026-01-01T02:51:12Z</time></trkpt>
<trkpt lat="-27.297609" lon="152.652884"><ele>138.6</ele><time>2026-01-01T02:51:14Z</time></trkpt>
<trkpt lat="-27.297571" lon="152.652857"><ele>138.9</ele><time>2026-01-01T02:51:15Z</time></trkpt>
<trkpt lat="-27.297417" lon="152.652756"><ele>139.7</ele><time>2026-01-01T02:51:18Z</time></trkpt>
<trkpt lat="-27.297255" lon="152.652666"><ele>139.8</ele><time>2026-01-01T02:51:21Z</time></trkpt>
<trkpt lat="-27.297135" lon="152.652604"><ele>139.5</ele><time>2026-01-01T02:51:23Z</time></trkpt>
<trkpt lat="-27.296932" lon="152.652411"><ele>137.8</ele><time>2026-01-01T02:51:27Z</time></trkpt>
<trkpt lat="-27.296755" lon="152.652253"><ele>135.2</ele><time>2026-01-01T02:51:30Z</time></trkpt>
<trkpt lat="-27.296643" lon="152.652129"><ele>132.9</ele><time>2026-01-01T02:51:32Z</time></trkpt>
<trkpt lat="-27.29659" lon="152.652056"><ele>131.6</ele><time>2026-01-01T02:51:33Z</time></trkpt>
<trkpt lat="-27.29654" lon="152.651976"><ele>130.2</ele><time>2026-01-01T02:51:34Z</time></trkpt>
<trkpt lat="-27.296502" lon="152.651902"><ele>129</ele><time>2026-01-01T02:51:35Z</time></trkpt>
<trkpt lat="-27.29645" lon="152.651785"><ele>127.3</ele><time>2026-01-01T02:51:36Z</time></trkpt>
<trkpt lat="-27.29642" lon="152.6517"><ele>126.2</ele><time>2026-01-01T02:51:37Z</time></trkpt>
<trkpt lat="-27.29639" lon="152.651588"><ele>124.9</ele><time>2026-01-01T02:51:38Z</time></trkpt>
<trkpt lat="-27.296356" lon="152.651451"><ele>123.7</ele><time>2026-01-01T02:51:39Z</time></trkpt>
<trkpt lat="-27.296331" lon="152.651335"><ele>122.8</ele><time>2026-01-01T02:51:40Z</time></trkpt>
<trkpt lat="-27.296267" lon="152.651006"><ele>121.1</ele><time>2026-01-01T02:51:43Z</time></trkpt>
<trkpt lat="-27.296218" lon="152.650761"><ele>120.6</ele><time>2026-01-01T02:51:45Z</time></trkpt>
<trkpt lat="-27.296117" lon="152.65022"><ele>120.3</ele><time>2026-01-01T02:51:50Z</time></trkpt>
<trkpt lat="-27.296074" lon="152.650009"><ele>120.3</ele><time>2026-01-01T02:51:52Z</time></trkpt>
<trkpt lat="-27.295949" lon="152.649399"><ele>120.1</ele><time>2026-01-01T02:51:58Z</time></trkpt>
<trkpt lat="-27.295935" lon="152.649319"><ele>120</ele><time>2026-01-01T02:51:59Z</time></trkpt>
<trkpt lat="-27.295863" lon="152.648719"><ele>119.1</ele><time>2026-01-01T02:52:05Z</time></trkpt>
<trkpt lat="-27.295862" lon="152.648596"><ele>118.8</ele><time>2026-01-01T02:52:06Z</time></trkpt>
<trkpt lat="-27.29588" lon="152.648319"><ele>118.1</ele><time>2026-01-01T02:52:09Z</time></trkpt>
<trkpt lat="-27.295895" lon="152.64822"><ele>117.9</ele><time>2026-01-01T02:52:10Z</time></trkpt>
<trkpt lat="-27.295939" lon="152.648"><ele>117.7</ele><time>2026-01-01T02:52:12Z</time></trkpt>
<trkpt lat="-27.296042" lon="152.647532"><ele>118.2</ele><time>2026-01-01T02:52:17Z</time></trkpt>
<trkpt lat="-27.296133" lon="152.647278"><ele>118.8</ele><time>2026-01-01T02:52:20Z</time></trkpt>
<trkpt lat="-27.296168" lon="152.647197"><ele>118.9</ele><time>2026-01-01T02:52:21Z</time></trkpt>
<trkpt lat="-27.296204" lon="152.647121"><ele>119</ele><time>2026-01-01T02:52:22Z</time></trkpt>
<trkpt lat="-27.296292" lon="152.646978"><ele>119</ele><time>2026-01-01T02:52:24Z</time></trkpt>
<trkpt lat="-27.29634" lon="152.646909"><ele>118.9</ele><time>2026-01-01T02:52:25Z</time></trkpt>
<trkpt lat="-27.29674" lon="152.646443"><ele>117.3</ele><time>2026-01-01T02:52:32Z</time></trkpt>
<trkpt lat="-27.296799" lon="152.646381"><ele>117.1</ele><time>2026-01-01T02:52:33Z</time></trkpt>
<trkpt lat="-27.297146" lon="152.646006"><ele>116.3</ele><time>2026-01-01T02:52:39Z</time></trkpt>
<trkpt lat="-27.297394" lon="152.64575"><ele>116.5</ele><time>2026-01-01T02:52:43Z</time></trkpt>
<trkpt lat="-27.297557" lon="152.645565"><ele>116.8</ele><time>2026-01-01T02:52:46Z</time></trkpt>
<trkpt lat="-27.297809" lon="152.645175"><ele>117.7</ele><time>2026-01-01T02:52:52Z</time></trkpt>
<trkpt lat="-27.297841" lon="152.645103"><ele>117.9</ele><time>2026-01-01T02:52:53Z</time></trkpt>
<trkpt lat="-27.297938" lon="152.644806"><ele>118.1</ele><time>2026-01-01T02:52:57Z</time></trkpt>
<trkpt lat="-27.297998" lon="152.644491"><ele>117.8</ele><time>2026-01-01T02:53:01Z</time></trkpt>
<trkpt lat="-27.298003" lon="152.644409"><ele>117.7</ele><time>2026-01-01T02:53:02Z</time></trkpt>
<trkpt lat="-27.297971" lon="152.644089"><ele>117.2</ele><time>2026-01-01T02:53:06Z</time></trkpt>
<trkpt lat="-27.297949" lon="152.643926"><ele>117</ele><time>2026-01-01T02:53:08Z</time></trkpt>
<trkpt lat="-27.297908" lon="152.643594"><ele>116.6</ele><time>2026-01-01T02:53:12Z</time></trkpt>
<trkpt lat="-27.297866" lon="152.643258"><ele>116.2</ele><time>2026-01-01T02:53:16Z</time></trkpt>
<trkpt lat="-27.297853" lon="152.643172"><ele>116.2</ele><time>2026-01-01T02:53:17Z</time></trkpt>
<trkpt lat="-27.297785" lon="152.642674"><ele>115.9</ele><time>2026-01-01T02:53:23Z</time></trkpt>
<trkpt lat="-27.297758" lon="152.642245"><ele>115.7</ele><time>2026-01-01T02:53:28Z</time></trkpt>
<trkpt lat="-27.297761" lon="152.64216"><ele>115.6</ele><time>2026-01-01T02:53:29Z</time></trkpt>
<trkpt lat="-27.297768" lon="152.642077"><ele>115.6</ele><time>2026-01-01T02:53:30Z</time></trkpt>
<trkpt lat="-27.297823" lon="152.641738"><ele>115.4</ele><time>2026-01-01T02:53:34Z</time></trkpt>
<trkpt lat="-27.297848" lon="152.641656"><ele>115.4</ele><time>2026-01-01T02:53:35Z</time></trkpt>
<trkpt lat="-27.297975" lon="152.641347"><ele>115.2</ele><time>2026-01-01T02:53:39Z</time></trkpt>
<trkpt lat="-27.298044" lon="152.641202"><ele>115.1</ele><time>2026-01-01T02:53:41Z</time></trkpt>
<trkpt lat="-27.298357" lon="152.640643"><ele>114.6</ele><time>2026-01-01T02:53:49Z</time></trkpt>
<trkpt lat="-27.298519" lon="152.640338"><ele>114.4</ele><time>2026-01-01T02:53:53Z</time></trkpt>
<trkpt lat="-27.298655" lon="152.640013"><ele>114.1</ele><time>2026-01-01T02:53:57Z</time></trkpt>
<trkpt lat="-27.29869" lon="152.639929"><ele>114</ele><time>2026-01-01T02:53:58Z</time></trkpt>
<trkpt lat="-27.29881" lon="152.639594"><ele>113.8</ele><time>2026-01-01T02:54:02Z</time></trkpt>
<trkpt lat="-27.298837" lon="152.639513"><ele>113.7</ele><time>2026-01-01T02:54:03Z</time></trkpt>
<trkpt lat="-27.299005" lon="152.638912"><ele>112.9</ele><time>2026-01-01T02:54:10Z</time></trkpt>
<trkpt lat="-27.299019" lon="152.638819"><ele>112.8</ele><time>2026-01-01T02:54:11Z</time></trkpt>
<trkpt lat="-27.299035" lon="152.638728"><ele>112.8</ele><time>2026-01-01T02:54:12Z</time></trkpt>
<trkpt lat="-27.299059" lon="152.638543"><ele>112.6</ele><time>2026-01-01T02:54:14Z</time></trkpt>
<trkpt lat="-27.299097" lon="152.63827"><ele>112.4</ele><time>2026-01-01T02:54:17Z</time></trkpt>
<trkpt lat="-27.29912" lon="152.638089"><ele>112.4</ele><time>2026-01-01T02:54:19Z</time></trkpt>
<trkpt lat="-27.299145" lon="152.637814"><ele>112.3</ele><time>2026-01-01T02:54:22Z</time></trkpt>
<trkpt lat="-27.299171" lon="152.637464"><ele>112.2</ele><time>2026-01-01T02:54:26Z</time></trkpt>
<trkpt lat="-27.299173" lon="152.637384"><ele>112.1</ele><time>2026-01-01T02:54:27Z</time></trkpt>
<trkpt lat="-27.299185" lon="152.637115"><ele>111.9</ele><time>2026-01-01T02:54:30Z</time></trkpt>
<trkpt lat="-27.299185" lon="152.637023"><ele>111.9</ele><time>2026-01-01T02:54:31Z</time></trkpt>
<trkpt lat="-27.299137" lon="152.636573"><ele>111.8</ele><time>2026-01-01T02:54:36Z</time></trkpt>
<trkpt lat="-27.299127" lon="152.636485"><ele>111.7</ele><time>2026-01-01T02:54:37Z</time></trkpt>
<trkpt lat="-27.298985" lon="152.635955"><ele>111.5</ele><time>2026-01-01T02:54:43Z</time></trkpt>
<trkpt lat="-27.298812" lon="152.635572"><ele>111.7</ele><time>2026-01-01T02:54:48Z</time></trkpt>
<trkpt lat="-27.298729" lon="152.635423"><ele>111.8</ele><time>2026-01-01T02:54:50Z</time></trkpt>
<trkpt lat="-27.298648" lon="152.63527"><ele>112</ele><time>2026-01-01T02:54:52Z</time></trkpt>
<trkpt lat="-27.298602" lon="152.635199"><ele>112.1</ele><time>2026-01-01T02:54:53Z</time></trkpt>
<trkpt lat="-27.298456" lon="152.634983"><ele>112.1</ele><time>2026-01-01T02:54:56Z</time></trkpt>
<trkpt lat="-27.298263" lon="152.63469"><ele>111.7</ele><time>2026-01-01T02:55:00Z</time></trkpt>
<trkpt lat="-27.298214" lon="152.634615"><ele>111.5</ele><time>2026-01-01T02:55:01Z</time></trkpt>
<trkpt lat="-27.298064" lon="152.634394"><ele>111.1</ele><time>2026-01-01T02:55:04Z</time></trkpt>
<trkpt lat="-27.29793" lon="152.634158"><ele>110.7</ele><time>2026-01-01T02:55:07Z</time></trkpt>
<trkpt lat="-27.297769" lon="152.633733"><ele>110</ele><time>2026-01-01T02:55:12Z</time></trkpt>
<trkpt lat="-27.29772" lon="152.63335"><ele>109.4</ele><time>2026-01-01T02:55:16Z</time></trkpt>
<trkpt lat="-27.29772" lon="152.633255"><ele>109.2</ele><time>2026-01-01T02:55:17Z</time></trkpt>
<trkpt lat="-27.297784" lon="152.632796"><ele>108.8</ele><time>2026-01-01T02:55:22Z</time></trkpt>
<trkpt lat="-27.297931" lon="152.632268"><ele>108.4</ele><time>2026-01-01T02:55:28Z</time></trkpt>
<trkpt lat="-27.298031" lon="152.632008"><ele>108.1</ele><time>2026-01-01T02:55:31Z</time></trkpt>
<trkpt lat="-27.298098" lon="152.631837"><ele>107.9</ele><time>2026-01-01T02:55:33Z</time></trkpt>
<trkpt lat="-27.298135" lon="152.631748"><ele>107.8</ele><time>2026-01-01T02:55:34Z</time></trkpt>
<trkpt lat="-27.298209" lon="152.631578"><ele>107.6</ele><time>2026-01-01T02:55:36Z</time></trkpt>
<trkpt lat="-27.29831" lon="152.631312"><ele>107.3</ele><time>2026-01-01T02:55:39Z</time></trkpt>
<trkpt lat="-27.298342" lon="152.631223"><ele>107.2</ele><time>2026-01-01T02:55:40Z</time></trkpt>
<trkpt lat="-27.29852" lon="152.630674"><ele>106</ele><time>2026-01-01T02:55:46Z</time></trkpt>
<trkpt lat="-27.298658" lon="152.630203"><ele>105.3</ele><time>2026-01-01T02:55:51Z</time></trkpt>
<trkpt lat="-27.298722" lon="152.630018"><ele>105</ele><time>2026-01-01T02:55:53Z</time></trkpt>
<trkpt lat="-27.298925" lon="152.629446"><ele>103.8</ele><time>2026-01-01T02:55:59Z</time></trkpt>
<trkpt lat="-27.298958" lon="152.629374"><ele>103.7</ele><time>2026-01-01T02:56:00Z</time></trkpt>
<trkpt lat="-27.299144" lon="152.629042"><ele>102.9</ele><time>2026-01-01T02:56:04Z</time></trkpt>
<trkpt lat="-27.299248" lon="152.628892"><ele>102.5</ele><time>2026-01-01T02:56:06Z</time></trkpt>
<trkpt lat="-27.299315" lon="152.628803"><ele>102.4</ele><time>2026-01-01T02:56:07Z</time></trkpt>
<trkpt lat="-27.299567" lon="152.628538"><ele>101.9</ele><time>2026-01-01T02:56:11Z</time></trkpt>
<trkpt lat="-27.299775" lon="152.628364"><ele>101.7</ele><time>2026-01-01T02:56:14Z</time></trkpt>
<trkpt lat="-27.299919" lon="152.62825"><ele>101.7</ele><time>2026-01-01T02:56:16Z</time></trkpt>
<trkpt lat="-27.300061" lon="152.628136"><ele>101.9</ele><time>2026-01-01T02:56:18Z</time></trkpt>
<trkpt lat="-27.300201" lon="152.628024"><ele>102.3</ele><time>2026-01-01T02:56:20Z</time></trkpt>
<trkpt lat="-27.300407" lon="152.627857"><ele>103.6</ele><time>2026-01-01T02:56:23Z</time></trkpt>
<trkpt lat="-27.300656" lon="152.627649"><ele>106.4</ele><time>2026-01-01T02:56:27Z</time></trkpt>
<trkpt lat="-27.300824" lon="152.62751"><ele>108.7</ele><time>2026-01-01T02:56:30Z</time></trkpt>
<trkpt lat="-27.300924" lon="152.627427"><ele>110.2</ele><time>2026-01-01T02:56:32Z</time></trkpt>
<trkpt lat="-27.300971" lon="152.627388"><ele>110.8</ele><time>2026-01-01T02:56:33Z</time></trkpt>
<trkpt lat="-27.301058" lon="152.627316"><ele>112.1</ele><time>2026-01-01T02:56:35Z</time></trkpt>
<trkpt lat="-27.301171" lon="152.627215"><ele>113.4</ele><time>2026-01-01T02:56:38Z</time></trkpt>
<trkpt lat="-27.301237" lon="152.627163"><ele>113.9</ele><time>2026-01-01T02:56:40Z</time></trkpt>
<trkpt lat="-27.301283" lon="152.627132"><ele>114.3</ele><time>2026-01-01T02:56:41Z</time></trkpt>
<trkpt lat="-27.301362" lon="152.627068"><ele>114.7</ele><time>2026-01-01T02:56:43Z</time></trkpt>
<trkpt lat="-27.301521" lon="152.626931"><ele>115.1</ele><time>2026-01-01T02:56:47Z</time></trkpt>
<trkpt lat="-27.301602" lon="152.626863"><ele>115</ele><time>2026-01-01T02:56:49Z</time></trkpt>
<trkpt lat="-27.30172" lon="152.626754"><ele>114.6</ele><time>2026-01-01T02:56:52Z</time></trkpt>
<trkpt lat="-27.301763" lon="152.626716"><ele>114.4</ele><time>2026-01-01T02:56:53Z</time></trkpt>
<trkpt lat="-27.301903" lon="152.626595"><ele>113.3</ele><time>2026-01-01T02:56:56Z</time></trkpt>
<trkpt lat="-27.302055" lon="152.626466"><ele>111.6</ele><time>2026-01-01T02:56:59Z</time></trkpt>
<trkpt lat="-27.302165" lon="152.626371"><ele>110.3</ele><time>2026-01-01T02:57:01Z</time></trkpt>
<trkpt lat="-27.302349" lon="152.626233"><ele>108.5</ele><time>2026-01-01T02:57:04Z</time></trkpt>
<trkpt lat="-27.302486" lon="152.626146"><ele>107.5</ele><time>2026-01-01T02:57:06Z</time></trkpt>
<trkpt lat="-27.302765" lon="152.626006"><ele>106.2</ele><time>2026-01-01T02:57:10Z</time></trkpt>
<trkpt lat="-27.30328" lon="152.625846"><ele>106.1</ele><time>2026-01-01T02:57:17Z</time></trkpt>
<trkpt lat="-27.303501" lon="152.625803"><ele>106.8</ele><time>2026-01-01T02:57:20Z</time></trkpt>
<trkpt lat="-27.303684" lon="152.625769"><ele>107.8</ele><time>2026-01-01T02:57:23Z</time></trkpt>
<trkpt lat="-27.303991" lon="152.625715"><ele>109.9</ele><time>2026-01-01T02:57:28Z</time></trkpt>
<trkpt lat="-27.304042" lon="152.625707"><ele>110.3</ele><time>2026-01-01T02:57:29Z</time></trkpt>
<trkpt lat="-27.304095" lon="152.625699"><ele>110.8</ele><time>2026-01-01T02:57:30Z</time></trkpt>
<trkpt lat="-27.304295" lon="152.625668"><ele>112.6</ele><time>2026-01-01T02:57:34Z</time></trkpt>
<trkpt lat="-27.304425" lon="152.625646"><ele>113.9</ele><time>2026-01-01T02:57:37Z</time></trkpt>
<trkpt lat="-27.30447" lon="152.625641"><ele>114.2</ele><time>2026-01-01T02:57:38Z</time></trkpt>
<trkpt lat="-27.304521" lon="152.625631"><ele>114.6</ele><time>2026-01-01T02:57:39Z</time></trkpt>
<trkpt lat="-27.304606" lon="152.625616"><ele>115.2</ele><time>2026-01-01T02:57:41Z</time></trkpt>
<trkpt lat="-27.304652" lon="152.625608"><ele>115.6</ele><time>2026-01-01T02:57:42Z</time></trkpt>
<trkpt lat="-27.30478" lon="152.62558"><ele>116.6</ele><time>2026-01-01T02:57:45Z</time></trkpt>
<trkpt lat="-27.304945" lon="152.625542"><ele>117.8</ele><time>2026-01-01T02:57:49Z</time></trkpt>
<trkpt lat="-27.305122" lon="152.625495"><ele>118.9</ele><time>2026-01-01T02:57:53Z</time></trkpt>
<trkpt lat="-27.305252" lon="152.625446"><ele>119.6</ele><time>2026-01-01T02:57:56Z</time></trkpt>
<trkpt lat="-27.305423" lon="152.625388"><ele>120.4</ele><time>2026-01-01T02:58:00Z</time></trkpt>
<trkpt lat="-27.305652" lon="152.625285"><ele>121.3</ele><time>2026-01-01T02:58:05Z</time></trkpt>
<trkpt lat="-27.305982" lon="152.625111"><ele>122.1</ele><time>2026-01-01T02:58:12Z</time></trkpt>
<trkpt lat="-27.306343" lon="152.624877"><ele>122.1</ele><time>2026-01-01T02:58:20Z</time></trkpt>
<trkpt lat="-27.30668" lon="152.62462"><ele>121.3</ele><time>2026-01-01T02:58:27Z</time></trkpt>
<trkpt lat="-27.306729" lon="152.624584"><ele>121.1</ele><time>2026-01-01T02:58:28Z</time></trkpt>
<trkpt lat="-27.307038" lon="152.624358"><ele>119.7</ele><time>2026-01-01T02:58:34Z</time></trkpt>
<trkpt lat="-27.307078" lon="152.624329"><ele>119.4</ele><time>2026-01-01T02:58:35Z</time></trkpt>
<trkpt lat="-27.307243" lon="152.624197"><ele>118.3</ele><time>2026-01-01T02:58:38Z</time></trkpt>
<trkpt lat="-27.307298" lon="152.624155"><ele>117.9</ele><time>2026-01-01T02:58:39Z</time></trkpt>
<trkpt lat="-27.307426" lon="152.624072"><ele>116.9</ele><time>2026-01-01T02:58:41Z</time></trkpt>
<trkpt lat="-27.307595" lon="152.62394"><ele>115.3</ele><time>2026-01-01T02:58:44Z</time></trkpt>
<trkpt lat="-27.307704" lon="152.623854"><ele>114.2</ele><time>2026-01-01T02:58:46Z</time></trkpt>
<trkpt lat="-27.30776" lon="152.623806"><ele>113.6</ele><time>2026-01-01T02:58:47Z</time></trkpt>
<trkpt lat="-27.307922" lon="152.623668"><ele>111.7</ele><time>2026-01-01T02:58:50Z</time></trkpt>
<trkpt lat="-27.307985" lon="152.623617"><ele>110.9</ele><time>2026-01-01T02:58:51Z</time></trkpt>
<trkpt lat="-27.308065" lon="152.623552"><ele>109.9</ele><time>2026-01-01T02:58:52Z</time></trkpt>
<trkpt lat="-27.308139" lon="152.623486"><ele>108.9</ele><time>2026-01-01T02:58:53Z</time></trkpt>
<trkpt lat="-27.308287" lon="152.623341"><ele>106.6</ele><time>2026-01-01T02:58:55Z</time></trkpt>
<trkpt lat="-27.308359" lon="152.623265"><ele>105.5</ele><time>2026-01-01T02:58:56Z</time></trkpt>
<trkpt lat="-27.308518" lon="152.623095"><ele>102.8</ele><time>2026-01-01T02:58:58Z</time></trkpt>
<trkpt lat="-27.308683" lon="152.622895"><ele>99.8</ele><time>2026-01-01T02:59:00Z</time></trkpt>
<trkpt lat="-27.308835" lon="152.622681"><ele>96.7</ele><time>2026-01-01T02:59:02Z</time></trkpt>
<trkpt lat="-27.308906" lon="152.622567"><ele>95.2</ele><time>2026-01-01T02:59:03Z</time></trkpt>
<trkpt lat="-27.309024" lon="152.622344"><ele>92.4</ele><time>2026-01-01T02:59:05Z</time></trkpt>
<trkpt lat="-27.309104" lon="152.622187"><ele>90.5</ele><time>2026-01-01T02:59:06Z</time></trkpt>
<trkpt lat="-27.309171" lon="152.62205"><ele>88.8</ele><time>2026-01-01T02:59:07Z</time></trkpt>
<trkpt lat="-27.309238" lon="152.621908"><ele>87.1</ele><time>2026-01-01T02:59:08Z</time></trkpt>
<trkpt lat="-27.309306" lon="152.621762"><ele>85.3</ele><time>2026-01-01T02:59:09Z</time></trkpt>
<trkpt lat="-27.309452" lon="152.621467"><ele>82</ele><time>2026-01-01T02:59:11Z</time></trkpt>
<trkpt lat="-27.309604" lon="152.621204"><ele>79.3</ele><time>2026-01-01T02:59:13Z</time></trkpt>
<trkpt lat="-27.309777" lon="152.620995"><ele>77.6</ele><time>2026-01-01T02:59:15Z</time></trkpt>
<trkpt lat="-27.309868" lon="152.620907"><ele>77.1</ele><time>2026-01-01T02:59:16Z</time></trkpt>
<trkpt lat="-27.309955" lon="152.620821"><ele>76.7</ele><time>2026-01-01T02:59:17Z</time></trkpt>
<trkpt lat="-27.310043" lon="152.620738"><ele>76.4</ele><time>2026-01-01T02:59:18Z</time></trkpt>
<trkpt lat="-27.310118" lon="152.620675"><ele>76.2</ele><time>2026-01-01T02:59:19Z</time></trkpt>
<trkpt lat="-27.310312" lon="152.620501"><ele>76.1</ele><time>2026-01-01T02:59:21Z</time></trkpt>
<trkpt lat="-27.310462" lon="152.62034"><ele>76.1</ele><time>2026-01-01T02:59:23Z</time></trkpt>
<trkpt lat="-27.3106" lon="152.620171"><ele>76.3</ele><time>2026-01-01T02:59:25Z</time></trkpt>
<trkpt lat="-27.310661" lon="152.620085"><ele>76.5</ele><time>2026-01-01T02:59:26Z</time></trkpt>
<trkpt lat="-27.310774" lon="152.61992"><ele>77.5</ele><time>2026-01-01T02:59:28Z</time></trkpt>
<trkpt lat="-27.310826" lon="152.619848"><ele>78.1</ele><time>2026-01-01T02:59:29Z</time></trkpt>
<trkpt lat="-27.310877" lon="152.619786"><ele>78.6</ele><time>2026-01-01T02:59:30Z</time></trkpt>
<trkpt lat="-27.310975" lon="152.619706"><ele>79.5</ele><time>2026-01-01T02:59:32Z</time></trkpt>
<trkpt lat="-27.311027" lon="152.619701"><ele>79.7</ele><time>2026-01-01T02:59:33Z</time></trkpt>
<trkpt lat="-27.311077" lon="152.619716"><ele>79.8</ele><time>2026-01-01T02:59:34Z</time></trkpt>
<trkpt lat="-27.311192" lon="152.619794"><ele>79.7</ele><time>2026-01-01T02:59:36Z</time></trkpt>
<trkpt lat="-27.311652" lon="152.620103"><ele>80.1</ele><time>2026-01-01T02:59:43Z</time></trkpt>
<trkpt lat="-27.312142" lon="152.620416"><ele>80.1</ele><time>2026-01-01T02:59:50Z</time></trkpt>
<trkpt lat="-27.312211" lon="152.620456"><ele>80.1</ele><time>2026-01-01T02:59:51Z</time></trkpt>
<trkpt lat="-27.312633" lon="152.620698"><ele>80</ele><time>2026-01-01T02:59:57Z</time></trkpt>
<trkpt lat="-27.312783" lon="152.620775"><ele>80</ele><time>2026-01-01T02:59:59Z</time></trkpt>
<trkpt lat="-27.313218" lon="152.621009"><ele>80.2</ele><time>2026-01-01T03:00:05Z</time></trkpt>
<trkpt lat="-27.313288" lon="152.621045"><ele>80.2</ele><time>2026-01-01T03:00:06Z</time></trkpt>
<trkpt lat="-27.313574" lon="152.621208"><ele>80.4</ele><time>2026-01-01T03:00:10Z</time></trkpt>
<trkpt lat="-27.313645" lon="152.621247"><ele>80.4</ele><time>2026-01-01T03:00:11Z</time></trkpt>
<trkpt lat="-27.313771" lon="152.621323"><ele>80.6</ele><time>2026-01-01T03:00:13Z</time></trkpt>
<trkpt lat="-27.313843" lon="152.621365"><ele>80.7</ele><time>2026-01-01T03:00:14Z</time></trkpt>
<trkpt lat="-27.31435" lon="152.621647"><ele>82.3</ele><time>2026-01-01T03:00:21Z</time></trkpt>
<trkpt lat="-27.314421" lon="152.621687"><ele>82.6</ele><time>2026-01-01T03:00:22Z</time></trkpt>
<trkpt lat="-27.314919" lon="152.621955"><ele>84.6</ele><time>2026-01-01T03:00:29Z</time></trkpt>
<trkpt lat="-27.314975" lon="152.621986"><ele>84.8</ele><time>2026-01-01T03:00:30Z</time></trkpt>
<trkpt lat="-27.315127" lon="152.62207"><ele>85.2</ele><time>2026-01-01T03:00:32Z</time></trkpt>
<trkpt lat="-27.315316" lon="152.622175"><ele>85.6</ele><time>2026-01-01T03:00:35Z</time></trkpt>
<trkpt lat="-27.31552" lon="152.622293"><ele>85.9</ele><time>2026-01-01T03:00:38Z</time></trkpt>
<trkpt lat="-27.315604" lon="152.622339"><ele>85.9</ele><time>2026-01-01T03:00:39Z</time></trkpt>
<trkpt lat="-27.316168" lon="152.622656"><ele>85.4</ele><time>2026-01-01T03:00:47Z</time></trkpt>
<trkpt lat="-27.316301" lon="152.622726"><ele>85.2</ele><time>2026-01-01T03:00:49Z</time></trkpt>
<trkpt lat="-27.316538" lon="152.622855"><ele>84.5</ele><time>2026-01-01T03:00:52Z</time></trkpt>
<trkpt lat="-27.316908" lon="152.623065"><ele>83.2</ele><time>2026-01-01T03:00:57Z</time></trkpt>
<trkpt lat="-27.317067" lon="152.623154"><ele>82.7</ele><time>2026-01-01T03:00:59Z</time></trkpt>
<trkpt lat="-27.317635" lon="152.623469"><ele>81.6</ele><time>2026-01-01T03:01:06Z</time></trkpt>
<trkpt lat="-27.317714" lon="152.623513"><ele>81.6</ele><time>2026-01-01T03:01:07Z</time></trkpt>
<trkpt lat="-27.317951" lon="152.623641"><ele>81.7</ele><time>2026-01-01T03:01:10Z</time></trkpt>
<trkpt lat="-27.31833" lon="152.623856"><ele>82.6</ele><time>2026-01-01T03:01:15Z</time></trkpt>
<trkpt lat="-27.31861" lon="152.624045"><ele>83.8</ele><time>2026-01-01T03:01:19Z</time></trkpt>
<trkpt lat="-27.31881" lon="152.6242"><ele>84.8</ele><time>2026-01-01T03:01:22Z</time></trkpt>
<trkpt lat="-27.318871" lon="152.624251"><ele>85.1</ele><time>2026-01-01T03:01:23Z</time></trkpt>
<trkpt lat="-27.319098" lon="152.62447"><ele>86.2</ele><time>2026-01-01T03:01:27Z</time></trkpt>
<trkpt lat="-27.319207" lon="152.624583"><ele>86.7</ele><time>2026-01-01T03:01:29Z</time></trkpt>
<trkpt lat="-27.31936" lon="152.624764"><ele>87.3</ele><time>2026-01-01T03:01:32Z</time></trkpt>
<trkpt lat="-27.319462" lon="152.624894"><ele>87.6</ele><time>2026-01-01T03:01:34Z</time></trkpt>
<trkpt lat="-27.31951" lon="152.62496"><ele>87.8</ele><time>2026-01-01T03:01:35Z</time></trkpt>
<trkpt lat="-27.319759" lon="152.625388"><ele>88.3</ele><time>2026-01-01T03:01:41Z</time></trkpt>
<trkpt lat="-27.319983" lon="152.625963"><ele>88.4</ele><time>2026-01-01T03:01:48Z</time></trkpt>
<trkpt lat="-27.320098" lon="152.626314"><ele>88.5</ele><time>2026-01-01T03:01:52Z</time></trkpt>
<trkpt lat="-27.320186" lon="152.626567"><ele>88.7</ele><time>2026-01-01T03:01:55Z</time></trkpt>
<trkpt lat="-27.320395" lon="152.627029"><ele>89.9</ele><time>2026-01-01T03:02:01Z</time></trkpt>
<trkpt lat="-27.320434" lon="152.627103"><ele>90.2</ele><time>2026-01-01T03:02:02Z</time></trkpt>
<trkpt lat="-27.320556" lon="152.627312"><ele>91.2</ele><time>2026-01-01T03:02:05Z</time></trkpt>
<trkpt lat="-27.320677" lon="152.627503"><ele>92.3</ele><time>2026-01-01T03:02:08Z</time></trkpt>
<trkpt lat="-27.320841" lon="152.627717"><ele>94.1</ele><time>2026-01-01T03:02:12Z</time></trkpt>
<trkpt lat="-27.320925" lon="152.62782"><ele>95.1</ele><time>2026-01-01T03:02:14Z</time></trkpt>
<trkpt lat="-27.321008" lon="152.627914"><ele>96.1</ele><time>2026-01-01T03:02:16Z</time></trkpt>
<trkpt lat="-27.321131" lon="152.62805"><ele>97.6</ele><time>2026-01-01T03:02:19Z</time></trkpt>
<trkpt lat="-27.321215" lon="152.628133"><ele>98.6</ele><time>2026-01-01T03:02:21Z</time></trkpt>
<trkpt lat="-27.321474" lon="152.62835"><ele>101.7</ele><time>2026-01-01T03:02:27Z</time></trkpt>
<trkpt lat="-27.32167" lon="152.628486"><ele>103.7</ele><time>2026-01-01T03:02:31Z</time></trkpt>
<trkpt lat="-27.321768" lon="152.628552"><ele>104.5</ele><time>2026-01-01T03:02:33Z</time></trkpt>
<trkpt lat="-27.321867" lon="152.628615"><ele>105.2</ele><time>2026-01-01T03:02:35Z</time></trkpt>
<trkpt lat="-27.321964" lon="152.628678"><ele>105.7</ele><time>2026-01-01T03:02:37Z</time></trkpt>
<trkpt lat="-27.322054" lon="152.628744"><ele>106.2</ele><time>2026-01-01T03:02:39Z</time></trkpt>
<trkpt lat="-27.322313" lon="152.62892"><ele>106.7</ele><time>2026-01-01T03:02:44Z</time></trkpt>
<trkpt lat="-27.32252" lon="152.629084"><ele>106</ele><time>2026-01-01T03:02:48Z</time></trkpt>
<trkpt lat="-27.322623" lon="152.629167"><ele>105.4</ele><time>2026-01-01T03:02:50Z</time></trkpt>
<trkpt lat="-27.322676" lon="152.62922"><ele>104.9</ele><time>2026-01-01T03:02:51Z</time></trkpt>
<trkpt lat="-27.322912" lon="152.629478"><ele>102</ele><time>2026-01-01T03:02:55Z</time></trkpt>
<trkpt lat="-27.323045" lon="152.629636"><ele>99.7</ele><time>2026-01-01T03:02:57Z</time></trkpt>
<trkpt lat="-27.323179" lon="152.629816"><ele>96.8</ele><time>2026-01-01T03:02:59Z</time></trkpt>
<trkpt lat="-27.323249" lon="152.629911"><ele>95.3</ele><time>2026-01-01T03:03:00Z</time></trkpt>
<trkpt lat="-27.323321" lon="152.630014"><ele>93.7</ele><time>2026-01-01T03:03:01Z</time></trkpt>
<trkpt lat="-27.323473" lon="152.630235"><ele>90.2</ele><time>2026-01-01T03:03:03Z</time></trkpt>
<trkpt lat="-27.323555" lon="152.630335"><ele>88.5</ele><time>2026-01-01T03:03:04Z</time></trkpt>
<trkpt lat="-27.323645" lon="152.630434"><ele>86.7</ele><time>2026-01-01T03:03:05Z</time></trkpt>
<trkpt lat="-27.323848" lon="152.630643"><ele>83</ele><time>2026-01-01T03:03:07Z</time></trkpt>
<trkpt lat="-27.323959" lon="152.630747"><ele>81.2</ele><time>2026-01-01T03:03:08Z</time></trkpt>
<trkpt lat="-27.324075" lon="152.630849"><ele>79.4</ele><time>2026-01-01T03:03:09Z</time></trkpt>
<trkpt lat="-27.324191" lon="152.630954"><ele>77.8</ele><time>2026-01-01T03:03:10Z</time></trkpt>
<trkpt lat="-27.324284" lon="152.631039"><ele>76.7</ele><time>2026-01-01T03:03:11Z</time></trkpt>
<trkpt lat="-27.324429" lon="152.631161"><ele>75.3</ele><time>2026-01-01T03:03:12Z</time></trkpt>
<trkpt lat="-27.324657" lon="152.631356"><ele>73.9</ele><time>2026-01-01T03:03:14Z</time></trkpt>
<trkpt lat="-27.324871" lon="152.631533"><ele>73.4</ele><time>2026-01-01T03:03:16Z</time></trkpt>
<trkpt lat="-27.324949" lon="152.631605"><ele>73.3</ele><time>2026-01-01T03:03:17Z</time></trkpt>
<trkpt lat="-27.325248" lon="152.63186"><ele>73.8</ele><time>2026-01-01T03:03:20Z</time></trkpt>
<trkpt lat="-27.325336" lon="152.631936"><ele>74.1</ele><time>2026-01-01T03:03:21Z</time></trkpt>
<trkpt lat="-27.325505" lon="152.632079"><ele>74.7</ele><time>2026-01-01T03:03:23Z</time></trkpt>
<trkpt lat="-27.325828" lon="152.632348"><ele>75.7</ele><time>2026-01-01T03:03:27Z</time></trkpt>
<trkpt lat="-27.326237" lon="152.6327"><ele>76.2</ele><time>2026-01-01T03:03:32Z</time></trkpt>
<trkpt lat="-27.326387" lon="152.632833"><ele>76.5</ele><time>2026-01-01T03:03:34Z</time></trkpt>
<trkpt lat="-27.32673" lon="152.633177"><ele>77</ele><time>2026-01-01T03:03:39Z</time></trkpt>
<trkpt lat="-27.326836" lon="152.633315"><ele>77.1</ele><time>2026-01-01T03:03:41Z</time></trkpt>
<trkpt lat="-27.327067" lon="152.633642"><ele>77.3</ele><time>2026-01-01T03:03:45Z</time></trkpt>
<trkpt lat="-27.327343" lon="152.634132"><ele>77.5</ele><time>2026-01-01T03:03:51Z</time></trkpt>
<trkpt lat="-27.327427" lon="152.634284"><ele>77.5</ele><time>2026-01-01T03:03:53Z</time></trkpt>
<trkpt lat="-27.327544" lon="152.634538"><ele>77.8</ele><time>2026-01-01T03:03:56Z</time></trkpt>
<trkpt lat="-27.327832" lon="152.635087"><ele>78.4</ele><time>2026-01-01T03:04:03Z</time></trkpt>
<trkpt lat="-27.327876" lon="152.635164"><ele>78.5</ele><time>2026-01-01T03:04:04Z</time></trkpt>
<trkpt lat="-27.328243" lon="152.635652"><ele>79.1</ele><time>2026-01-01T03:04:11Z</time></trkpt>
<trkpt lat="-27.328418" lon="152.635832"><ele>79.4</ele><time>2026-01-01T03:04:14Z</time></trkpt>
<trkpt lat="-27.328601" lon="152.635987"><ele>79.6</ele><time>2026-01-01T03:04:17Z</time></trkpt>
<trkpt lat="-27.328975" lon="152.636246"><ele>79.9</ele><time>2026-01-01T03:04:23Z</time></trkpt>
<trkpt lat="-27.3291" lon="152.636327"><ele>80</ele><time>2026-01-01T03:04:25Z</time></trkpt>
<trkpt lat="-27.329228" lon="152.636402"><ele>80.2</ele><time>2026-01-01T03:04:27Z</time></trkpt>
<trkpt lat="-27.329409" lon="152.636487"><ele>80.3</ele><time>2026-01-01T03:04:30Z</time></trkpt>
<trkpt lat="-27.329919" lon="152.636668"><ele>80.7</ele><time>2026-01-01T03:04:37Z</time></trkpt>
<trkpt lat="-27.329995" lon="152.636691"><ele>80.7</ele><time>2026-01-01T03:04:38Z</time></trkpt>
<trkpt lat="-27.330538" lon="152.636794"><ele>81.2</ele><time>2026-01-01T03:04:45Z</time></trkpt>
<trkpt lat="-27.331002" lon="152.6368"><ele>81.8</ele><time>2026-01-01T03:04:51Z</time></trkpt>
<trkpt lat="-27.33108" lon="152.636793"><ele>81.9</ele><time>2026-01-01T03:04:52Z</time></trkpt>
<trkpt lat="-27.331466" lon="152.636741"><ele>82.8</ele><time>2026-01-01T03:04:57Z</time></trkpt>
<trkpt lat="-27.331746" lon="152.636661"><ele>83.6</ele><time>2026-01-01T03:05:01Z</time></trkpt>
<trkpt lat="-27.33188" lon="152.636618"><ele>84</ele><time>2026-01-01T03:05:03Z</time></trkpt>
<trkpt lat="-27.332144" lon="152.636514"><ele>84.9</ele><time>2026-01-01T03:05:07Z</time></trkpt>
<trkpt lat="-27.332262" lon="152.636458"><ele>85.4</ele><time>2026-01-01T03:05:09Z</time></trkpt>
<trkpt lat="-27.332499" lon="152.636342"><ele>86.3</ele><time>2026-01-01T03:05:13Z</time></trkpt>
<trkpt lat="-27.332577" lon="152.636303"><ele>86.7</ele><time>2026-01-01T03:05:14Z</time></trkpt>
<trkpt lat="-27.332875" lon="152.636137"><ele>87.9</ele><time>2026-01-01T03:05:19Z</time></trkpt>
<trkpt lat="-27.333056" lon="152.636035"><ele>88.6</ele><time>2026-01-01T03:05:22Z</time></trkpt>
<trkpt lat="-27.33317" lon="152.635968"><ele>89.1</ele><time>2026-01-01T03:05:24Z</time></trkpt>
<trkpt lat="-27.333401" lon="152.635839"><ele>90</ele><time>2026-01-01T03:05:28Z</time></trkpt>
<trkpt lat="-27.333519" lon="152.635774"><ele>90.4</ele><time>2026-01-01T03:05:30Z</time></trkpt>
<trkpt lat="-27.333695" lon="152.63568"><ele>91.1</ele><time>2026-01-01T03:05:33Z</time></trkpt>
<trkpt lat="-27.333817" lon="152.635616"><ele>91.6</ele><time>2026-01-01T03:05:35Z</time></trkpt>
<trkpt lat="-27.334047" lon="152.635485"><ele>92.5</ele><time>2026-01-01T03:05:39Z</time></trkpt>
<trkpt lat="-27.334279" lon="152.635362"><ele>93.3</ele><time>2026-01-01T03:05:43Z</time></trkpt>
<trkpt lat="-27.3345" lon="152.635254"><ele>94.1</ele><time>2026-01-01T03:05:47Z</time></trkpt>
<trkpt lat="-27.334736" lon="152.635146"><ele>95</ele><time>2026-01-01T03:05:51Z</time></trkpt>
<trkpt lat="-27.334854" lon="152.635095"><ele>95.4</ele><time>2026-01-01T03:05:53Z</time></trkpt>
<trkpt lat="-27.335084" lon="152.635011"><ele>96.2</ele><time>2026-01-01T03:05:57Z</time></trkpt>
<trkpt lat="-27.335269" lon="152.634951"><ele>96.8</ele><time>2026-01-01T03:06:00Z</time></trkpt>
<trkpt lat="-27.335463" lon="152.634883"><ele>97.5</ele><time>2026-01-01T03:06:03Z</time></trkpt>
<trkpt lat="-27.335665" lon="152.634833"><ele>98.1</ele><time>2026-01-01T03:06:06Z</time></trkpt>
<trkpt lat="-27.335928" lon="152.634763"><ele>99</ele><time>2026-01-01T03:06:10Z</time></trkpt>
<trkpt lat="-27.336129" lon="152.634718"><ele>99.7</ele><time>2026-01-01T03:06:13Z</time></trkpt>
<trkpt lat="-27.336193" lon="152.634706"><ele>99.9</ele><time>2026-01-01T03:06:14Z</time></trkpt>
<trkpt lat="-27.336259" lon="152.634692"><ele>100.2</ele><time>2026-01-01T03:06:15Z</time></trkpt>
<trkpt lat="-27.336447" lon="152.634663"><ele>100.7</ele><time>2026-01-01T03:06:18Z</time></trkpt>
<trkpt lat="-27.336635" lon="152.63463"><ele>101.1</ele><time>2026-01-01T03:06:21Z</time></trkpt>
<trkpt lat="-27.337208" lon="152.634523"><ele>100.6</ele><time>2026-01-01T03:06:30Z</time></trkpt>
<trkpt lat="-27.337421" lon="152.634483"><ele>99.2</ele><time>2026-01-01T03:06:33Z</time></trkpt>
<trkpt lat="-27.337584" lon="152.634447"><ele>97.6</ele><time>2026-01-01T03:06:35Z</time></trkpt>
<trkpt lat="-27.337948" lon="152.634333"><ele>92.9</ele><time>2026-01-01T03:06:39Z</time></trkpt>
<trkpt lat="-27.338047" lon="152.634283"><ele>91.4</ele><time>2026-01-01T03:06:40Z</time></trkpt>
<trkpt lat="-27.338245" lon="152.63416"><ele>88.3</ele><time>2026-01-01T03:06:42Z</time></trkpt>
<trkpt lat="-27.338343" lon="152.634082"><ele>86.8</ele><time>2026-01-01T03:06:43Z</time></trkpt>
<trkpt lat="-27.338439" lon="152.633994"><ele>85.4</ele><time>2026-01-01T03:06:44Z</time></trkpt>
<trkpt lat="-27.338702" lon="152.633692"><ele>82.2</ele><time>2026-01-01T03:06:47Z</time></trkpt>
<trkpt lat="-27.338776" lon="152.633586"><ele>81.6</ele><time>2026-01-01T03:06:48Z</time></trkpt>
<trkpt lat="-27.338904" lon="152.633367"><ele>80.6</ele><time>2026-01-01T03:06:50Z</time></trkpt>
<trkpt lat="-27.338957" lon="152.633254"><ele>80.3</ele><time>2026-01-01T03:06:51Z</time></trkpt>
<trkpt lat="-27.339041" lon="152.633019"><ele>80.1</ele><time>2026-01-01T03:06:53Z</time></trkpt>
<trkpt lat="-27.339136" lon="152.63265"><ele>80.5</ele><time>2026-01-01T03:06:56Z</time></trkpt>
<trkpt lat="-27.339252" lon="152.632193"><ele>81.4</ele><time>2026-01-01T03:07:00Z</time></trkpt>
<trkpt lat="-27.339279" lon="152.63208"><ele>81.6</ele><time>2026-01-01T03:07:01Z</time></trkpt>
<trkpt lat="-27.339332" lon="152.631858"><ele>82</ele><time>2026-01-01T03:07:03Z</time></trkpt>
<trkpt lat="-27.339419" lon="152.631415"><ele>82.6</ele><time>2026-01-01T03:07:07Z</time></trkpt>
<trkpt lat="-27.339439" lon="152.631306"><ele>82.7</ele><time>2026-01-01T03:07:08Z</time></trkpt>
<trkpt lat="-27.339534" lon="152.630905"><ele>83</ele><time>2026-01-01T03:07:12Z</time></trkpt>
<trkpt lat="-27.33964" lon="152.630523"><ele>82.9</ele><time>2026-01-01T03:07:16Z</time></trkpt>
<trkpt lat="-27.339697" lon="152.630335"><ele>82.7</ele><time>2026-01-01T03:07:18Z</time></trkpt>
<trkpt lat="-27.339809" lon="152.630064"><ele>82.4</ele><time>2026-01-01T03:07:21Z</time></trkpt>
<trkpt lat="-27.3399" lon="152.629891"><ele>82.2</ele><time>2026-01-01T03:07:23Z</time></trkpt>
<trkpt lat="-27.340198" lon="152.62954"><ele>81.5</ele><time>2026-01-01T03:07:28Z</time></trkpt>
<trkpt lat="-27.340424" lon="152.629385"><ele>80.9</ele><time>2026-01-01T03:07:31Z</time></trkpt>
<trkpt lat="-27.340595" lon="152.629304"><ele>80.5</ele><time>2026-01-01T03:07:33Z</time></trkpt>
<trkpt lat="-27.34068" lon="152.629276"><ele>80.3</ele><time>2026-01-01T03:07:34Z</time></trkpt>
<trkpt lat="-27.341023" lon="152.629228"><ele>79.2</ele><time>2026-01-01T03:07:38Z</time></trkpt>
<trkpt lat="-27.341204" lon="152.629244"><ele>78.6</ele><time>2026-01-01T03:07:40Z</time></trkpt>
<trkpt lat="-27.341295" lon="152.629262"><ele>78.3</ele><time>2026-01-01T03:07:41Z</time></trkpt>
<trkpt lat="-27.341386" lon="152.629291"><ele>78</ele><time>2026-01-01T03:07:42Z</time></trkpt>
<trkpt lat="-27.341559" lon="152.629361"><ele>77.4</ele><time>2026-01-01T03:07:44Z</time></trkpt>
<trkpt lat="-27.34172" lon="152.629465"><ele>76.8</ele><time>2026-01-01T03:07:46Z</time></trkpt>
<trkpt lat="-27.342005" lon="152.629733"><ele>75.9</ele><time>2026-01-01T03:07:50Z</time></trkpt>
<trkpt lat="-27.342066" lon="152.629807"><ele>75.8</ele><time>2026-01-01T03:07:51Z</time></trkpt>
<trkpt lat="-27.342301" lon="152.630104"><ele>75.8</ele><time>2026-01-01T03:07:55Z</time></trkpt>
<trkpt lat="-27.342415" lon="152.630256"><ele>76</ele><time>2026-01-01T03:07:57Z</time></trkpt>
<trkpt lat="-27.342796" lon="152.630744"><ele>76.8</ele><time>2026-01-01T03:08:04Z</time></trkpt>
<trkpt lat="-27.343002" lon="152.630973"><ele>78.1</ele><time>2026-01-01T03:08:08Z</time></trkpt>
<trkpt lat="-27.343108" lon="152.631069"><ele>79</ele><time>2026-01-01T03:08:10Z</time></trkpt>
<trkpt lat="-27.343162" lon="152.631114"><ele>79.4</ele><time>2026-01-01T03:08:11Z</time></trkpt>
<trkpt lat="-27.343385" lon="152.63127"><ele>81.5</ele><time>2026-01-01T03:08:15Z</time></trkpt>
<trkpt lat="-27.343434" lon="152.631303"><ele>82</ele><time>2026-01-01T03:08:16Z</time></trkpt>
<trkpt lat="-27.34357" lon="152.631382"><ele>83.5</ele><time>2026-01-01T03:08:19Z</time></trkpt>
<trkpt lat="-27.343613" lon="152.631406"><ele>84</ele><time>2026-01-01T03:08:20Z</time></trkpt>
<trkpt lat="-27.343738" lon="152.631473"><ele>85.4</ele><time>2026-01-01T03:08:23Z</time></trkpt>
<trkpt lat="-27.343781" lon="152.631495"><ele>85.9</ele><time>2026-01-01T03:08:24Z</time></trkpt>
<trkpt lat="-27.343825" lon="152.631515"><ele>86.4</ele><time>2026-01-01T03:08:25Z</time></trkpt>
<trkpt lat="-27.343944" lon="152.631561"><ele>87.7</ele><time>2026-01-01T03:08:28Z</time></trkpt>
<trkpt lat="-27.343981" lon="152.631576"><ele>88.2</ele><time>2026-01-01T03:08:29Z</time></trkpt>
<trkpt lat="-27.344019" lon="152.63159"><ele>88.6</ele><time>2026-01-01T03:08:30Z</time></trkpt>
<trkpt lat="-27.344099" lon="152.631619"><ele>89.5</ele><time>2026-01-01T03:08:32Z</time></trkpt>
<trkpt lat="-27.344172" lon="152.631652"><ele>90.3</ele><time>2026-01-01T03:08:34Z</time></trkpt>
<trkpt lat="-27.344249" lon="152.631676"><ele>91.2</ele><time>2026-01-01T03:08:36Z</time></trkpt>
<trkpt lat="-27.344402" lon="152.631711"><ele>92.9</ele><time>2026-01-01T03:08:40Z</time></trkpt>
<trkpt lat="-27.344481" lon="152.631733"><ele>93.7</ele><time>2026-01-01T03:08:42Z</time></trkpt>
<trkpt lat="-27.344686" lon="152.631772"><ele>95.6</ele><time>2026-01-01T03:08:48Z</time></trkpt>
<trkpt lat="-27.344828" lon="152.631784"><ele>96.8</ele><time>2026-01-01T03:08:52Z</time></trkpt>
<trkpt lat="-27.345027" lon="152.631785"><ele>98.2</ele><time>2026-01-01T03:08:57Z</time></trkpt>
<trkpt lat="-27.345151" lon="152.631781"><ele>99</ele><time>2026-01-01T03:09:00Z</time></trkpt>
<trkpt lat="-27.345278" lon="152.631774"><ele>99.8</ele><time>2026-01-01T03:09:03Z</time></trkpt>
<trkpt lat="-27.345415" lon="152.631759"><ele>100.4</ele><time>2026-01-01T03:09:06Z</time></trkpt>
<trkpt lat="-27.34546" lon="152.631748"><ele>100.6</ele><time>2026-01-01T03:09:07Z</time></trkpt>
<trkpt lat="-27.345635" lon="152.631707"><ele>101.1</ele><time>2026-01-01T03:09:11Z</time></trkpt>
<trkpt lat="-27.345863" lon="152.631649"><ele>101.5</ele><time>2026-01-01T03:09:16Z</time></trkpt>
<trkpt lat="-27.346243" lon="152.631523"><ele>100.8</ele><time>2026-01-01T03:09:24Z</time></trkpt>
<trkpt lat="-27.346574" lon="152.63141"><ele>99.2</ele><time>2026-01-01T03:09:30Z</time></trkpt>
<trkpt lat="-27.346833" lon="152.631315"><ele>97.2</ele><time>2026-01-01T03:09:34Z</time></trkpt>
<trkpt lat="-27.346972" lon="152.631267"><ele>95.9</ele><time>2026-01-01T03:09:36Z</time></trkpt>
<trkpt lat="-27.347119" lon="152.631211"><ele>94.3</ele><time>2026-01-01T03:09:38Z</time></trkpt>
<trkpt lat="-27.347199" lon="152.631186"><ele>93.4</ele><time>2026-01-01T03:09:39Z</time></trkpt>
<trkpt lat="-27.34728" lon="152.631166"><ele>92.5</ele><time>2026-01-01T03:09:40Z</time></trkpt>
<trkpt lat="-27.347542" lon="152.631072"><ele>89.5</ele><time>2026-01-01T03:09:43Z</time></trkpt>
<trkpt lat="-27.347728" lon="152.631002"><ele>87.4</ele><time>2026-01-01T03:09:45Z</time></trkpt>
<trkpt lat="-27.347921" lon="152.630937"><ele>85.6</ele><time>2026-01-01T03:09:47Z</time></trkpt>
<trkpt lat="-27.34833" lon="152.630793"><ele>82.8</ele><time>2026-01-01T03:09:51Z</time></trkpt>
<trkpt lat="-27.348423" lon="152.630755"><ele>82.3</ele><time>2026-01-01T03:09:52Z</time></trkpt>
<trkpt lat="-27.348497" lon="152.630727"><ele>81.9</ele><time>2026-01-01T03:09:53Z</time></trkpt>
<trkpt lat="-27.348689" lon="152.630662"><ele>81.2</ele><time>2026-01-01T03:09:55Z</time></trkpt>
<trkpt lat="-27.349065" lon="152.63053"><ele>80.8</ele><time>2026-01-01T03:09:59Z</time></trkpt>
<trkpt lat="-27.349615" lon="152.630328"><ele>80.7</ele><time>2026-01-01T03:10:05Z</time></trkpt>
<trkpt lat="-27.349795" lon="152.630263"><ele>80.7</ele><time>2026-01-01T03:10:07Z</time></trkpt>
<trkpt lat="-27.350145" lon="152.630143"><ele>80.8</ele><time>2026-01-01T03:10:11Z</time></trkpt>
<trkpt lat="-27.3504" lon="152.630052"><ele>80.8</ele><time>2026-01-01T03:10:14Z</time></trkpt>
<trkpt lat="-27.350484" lon="152.630021"><ele>80.8</ele><time>2026-01-01T03:10:15Z</time></trkpt>
<trkpt lat="-27.350838" lon="152.629899"><ele>80.3</ele><time>2026-01-01T03:10:19Z</time></trkpt>
<trkpt lat="-27.350903" lon="152.629875"><ele>80.2</ele><time>2026-01-01T03:10:20Z</time></trkpt>
<trkpt lat="-27.351234" lon="152.629754"><ele>80.2</ele><time>2026-01-01T03:10:24Z</time></trkpt>
<trkpt lat="-27.351469" lon="152.629662"><ele>80.9</ele><time>2026-01-01T03:10:27Z</time></trkpt>
<trkpt lat="-27.351623" lon="152.629602"><ele>81.6</ele><time>2026-01-01T03:10:29Z</time></trkpt>
<trkpt lat="-27.351697" lon="152.629578"><ele>82</ele><time>2026-01-01T03:10:30Z</time></trkpt>
<trkpt lat="-27.351838" lon="152.629535"><ele>82.8</ele><time>2026-01-01T03:10:32Z</time></trkpt>
<trkpt lat="-27.351921" lon="152.629507"><ele>83.4</ele><time>2026-01-01T03:10:33Z</time></trkpt>
<trkpt lat="-27.35211" lon="152.629452"><ele>84.9</ele><time>2026-01-01T03:10:36Z</time></trkpt>
<trkpt lat="-27.352299" lon="152.629383"><ele>86.6</ele><time>2026-01-01T03:10:39Z</time></trkpt>
<trkpt lat="-27.352557" lon="152.629286"><ele>88.9</ele><time>2026-01-01T03:10:43Z</time></trkpt>
<trkpt lat="-27.352621" lon="152.629264"><ele>89.4</ele><time>2026-01-01T03:10:44Z</time></trkpt>
<trkpt lat="-27.35268" lon="152.629242"><ele>89.9</ele><time>2026-01-01T03:10:45Z</time></trkpt>
<trkpt lat="-27.352856" lon="152.629172"><ele>91.3</ele><time>2026-01-01T03:10:48Z</time></trkpt>
<trkpt lat="-27.352913" lon="152.62915"><ele>91.7</ele><time>2026-01-01T03:10:49Z</time></trkpt>
<trkpt lat="-27.353162" lon="152.629067"><ele>93.1</ele><time>2026-01-01T03:10:53Z</time></trkpt>
<trkpt lat="-27.353551" lon="152.628939"><ele>94.7</ele><time>2026-01-01T03:10:59Z</time></trkpt>
<trkpt lat="-27.353678" lon="152.628898"><ele>95.1</ele><time>2026-01-01T03:11:01Z</time></trkpt>
<trkpt lat="-27.353994" lon="152.62879"><ele>96</ele><time>2026-01-01T03:11:06Z</time></trkpt>
<trkpt lat="-27.354139" lon="152.628744"><ele>96.3</ele><time>2026-01-01T03:11:08Z</time></trkpt>
<trkpt lat="-27.354363" lon="152.628654"><ele>96.5</ele><time>2026-01-01T03:11:12Z</time></trkpt>
<trkpt lat="-27.354562" lon="152.628593"><ele>96.7</ele><time>2026-01-01T03:11:15Z</time></trkpt>
<trkpt lat="-27.354687" lon="152.62855"><ele>96.7</ele><time>2026-01-01T03:11:17Z</time></trkpt>
<trkpt lat="-27.354886" lon="152.628482"><ele>96.7</ele><time>2026-01-01T03:11:20Z</time></trkpt>
<trkpt lat="-27.354987" lon="152.628451"><ele>96.6</ele><time>2026-01-01T03:11:22Z</time></trkpt>
<trkpt lat="-27.355172" lon="152.628386"><ele>96.5</ele><time>2026-01-01T03:11:25Z</time></trkpt>
<trkpt lat="-27.355318" lon="152.628335"><ele>96.3</ele><time>2026-01-01T03:11:27Z</time></trkpt>
<trkpt lat="-27.355436" lon="152.628296"><ele>96.1</ele><time>2026-01-01T03:11:29Z</time></trkpt>
<trkpt lat="-27.355701" lon="152.628204"><ele>95.6</ele><time>2026-01-01T03:11:33Z</time></trkpt>
<trkpt lat="-27.356204" lon="152.628038"><ele>93.8</ele><time>2026-01-01T03:11:40Z</time></trkpt>
<trkpt lat="-27.356519" lon="152.627955"><ele>92.3</ele><time>2026-01-01T03:11:44Z</time></trkpt>
<trkpt lat="-27.356664" lon="152.627934"><ele>91.4</ele><time>2026-01-01T03:11:46Z</time></trkpt>
<trkpt lat="-27.356745" lon="152.627921"><ele>91</ele><time>2026-01-01T03:11:47Z</time></trkpt>
<trkpt lat="-27.357091" lon="152.627891"><ele>88.8</ele><time>2026-01-01T03:11:51Z</time></trkpt>
<trkpt lat="-27.357183" lon="152.627884"><ele>88.2</ele><time>2026-01-01T03:11:52Z</time></trkpt>
<trkpt lat="-27.357294" lon="152.627877"><ele>87.5</ele><time>2026-01-01T03:11:53Z</time></trkpt>
<trkpt lat="-27.357461" lon="152.627873"><ele>86.5</ele><time>2026-01-01T03:11:55Z</time></trkpt>
<trkpt lat="-27.357741" lon="152.627894"><ele>84.9</ele><time>2026-01-01T03:11:58Z</time></trkpt>
<trkpt lat="-27.358022" lon="152.627929"><ele>83.6</ele><time>2026-01-01T03:12:01Z</time></trkpt>
<trkpt lat="-27.358401" lon="152.62801"><ele>82.8</ele><time>2026-01-01T03:12:05Z</time></trkpt>
<trkpt lat="-27.358557" lon="152.628051"><ele>82.6</ele><time>2026-01-01T03:12:07Z</time></trkpt>
<trkpt lat="-27.358789" lon="152.62815"><ele>82.5</ele><time>2026-01-01T03:12:10Z</time></trkpt>
<trkpt lat="-27.359244" lon="152.628324"><ele>83.7</ele><time>2026-01-01T03:12:16Z</time></trkpt>
<trkpt lat="-27.359313" lon="152.628354"><ele>84.2</ele><time>2026-01-01T03:12:17Z</time></trkpt>
<trkpt lat="-27.359382" lon="152.628381"><ele>84.8</ele><time>2026-01-01T03:12:18Z</time></trkpt>
<trkpt lat="-27.359624" lon="152.628474"><ele>87.2</ele><time>2026-01-01T03:12:22Z</time></trkpt>
<trkpt lat="-27.359684" lon="152.6285"><ele>87.9</ele><time>2026-01-01T03:12:23Z</time></trkpt>
<trkpt lat="-27.359911" lon="152.628588"><ele>90.6</ele><time>2026-01-01T03:12:27Z</time></trkpt>
<trkpt lat="-27.360042" lon="152.628648"><ele>92.2</ele><time>2026-01-01T03:12:30Z</time></trkpt>
<trkpt lat="-27.360167" lon="152.628694"><ele>93.6</ele><time>2026-01-01T03:12:33Z</time></trkpt>
<trkpt lat="-27.36033" lon="152.628753"><ele>95.4</ele><time>2026-01-01T03:12:37Z</time></trkpt>
<trkpt lat="-27.360488" lon="152.628805"><ele>97.1</ele><time>2026-01-01T03:12:41Z</time></trkpt>
<trkpt lat="-27.360597" lon="152.628834"><ele>98.2</ele><time>2026-01-01T03:12:44Z</time></trkpt>
<trkpt lat="-27.360703" lon="152.628862"><ele>99.4</ele><time>2026-01-01T03:12:47Z</time></trkpt>
<trkpt lat="-27.360747" lon="152.62887"><ele>99.8</ele><time>2026-01-01T03:12:48Z</time></trkpt>
<trkpt lat="-27.360783" lon="152.62888"><ele>100.2</ele><time>2026-01-01T03:12:49Z</time></trkpt>
<trkpt lat="-27.36085" lon="152.628892"><ele>100.9</ele><time>2026-01-01T03:12:51Z</time></trkpt>
<trkpt lat="-27.360963" lon="152.628909"><ele>102.1</ele><time>2026-01-01T03:12:54Z</time></trkpt>
<trkpt lat="-27.361107" lon="152.628924"><ele>103.5</ele><time>2026-01-01T03:12:58Z</time></trkpt>
<trkpt lat="-27.361146" lon="152.628931"><ele>103.9</ele><time>2026-01-01T03:12:59Z</time></trkpt>
<trkpt lat="-27.361223" lon="152.628939"><ele>104.6</ele><time>2026-01-01T03:13:01Z</time></trkpt>
<trkpt lat="-27.361342" lon="152.628944"><ele>105.7</ele><time>2026-01-01T03:13:04Z</time></trkpt>
<trkpt lat="-27.361456" lon="152.628945"><ele>106.6</ele><time>2026-01-01T03:13:07Z</time></trkpt>
<trkpt lat="-27.361568" lon="152.628945"><ele>107.5</ele><time>2026-01-01T03:13:10Z</time></trkpt>
<trkpt lat="-27.361683" lon="152.628941"><ele>108.2</ele><time>2026-01-01T03:13:13Z</time></trkpt>
<trkpt lat="-27.361803" lon="152.628935"><ele>108.9</ele><time>2026-01-01T03:13:16Z</time></trkpt>
<trkpt lat="-27.36184" lon="152.628933"><ele>109.1</ele><time>2026-01-01T03:13:17Z</time></trkpt>
<trkpt lat="-27.361993" lon="152.628916"><ele>109.9</ele><time>2026-01-01T03:13:21Z</time></trkpt>
<trkpt lat="-27.362067" lon="152.628907"><ele>110.3</ele><time>2026-01-01T03:13:23Z</time></trkpt>
<trkpt lat="-27.362143" lon="152.628897"><ele>110.6</ele><time>2026-01-01T03:13:25Z</time></trkpt>
<trkpt lat="-27.362313" lon="152.628874"><ele>111.2</ele><time>2026-01-01T03:13:29Z</time></trkpt>
<trkpt lat="-27.362474" lon="152.628847"><ele>111.8</ele><time>2026-01-01T03:13:33Z</time></trkpt>
<trkpt lat="-27.362555" lon="152.628835"><ele>112</ele><time>2026-01-01T03:13:35Z</time></trkpt>
<trkpt lat="-27.362825" lon="152.628798"><ele>112.5</ele><time>2026-01-01T03:13:41Z</time></trkpt>
<trkpt lat="-27.362874" lon="152.628793"><ele>112.5</ele><time>2026-01-01T03:13:42Z</time></trkpt>
<trkpt lat="-27.363357" lon="152.628769"><ele>112.7</ele><time>2026-01-01T03:13:52Z</time></trkpt>
<trkpt lat="-27.363509" lon="152.628774"><ele>112.9</ele><time>2026-01-01T03:13:55Z</time></trkpt>
<trkpt lat="-27.36372" lon="152.628802"><ele>113.4</ele><time>2026-01-01T03:14:00Z</time></trkpt>
<trkpt lat="-27.363771" lon="152.628812"><ele>113.6</ele><time>2026-01-01T03:14:01Z</time></trkpt>
<trkpt lat="-27.363858" lon="152.628836"><ele>114</ele><time>2026-01-01T03:14:03Z</time></trkpt>
<trkpt lat="-27.363939" lon="152.628864"><ele>114.3</ele><time>2026-01-01T03:14:05Z</time></trkpt>
<trkpt lat="-27.363981" lon="152.628875"><ele>114.5</ele><time>2026-01-01T03:14:06Z</time></trkpt>
<trkpt lat="-27.364272" lon="152.628966"><ele>116.3</ele><time>2026-01-01T03:14:13Z</time></trkpt>
<trkpt lat="-27.36435" lon="152.628996"><ele>116.8</ele><time>2026-01-01T03:14:15Z</time></trkpt>
<trkpt lat="-27.36439" lon="152.629017"><ele>117.1</ele><time>2026-01-01T03:14:16Z</time></trkpt>
<trkpt lat="-27.364467" lon="152.629052"><ele>117.7</ele><time>2026-01-01T03:14:18Z</time></trkpt>
<trkpt lat="-27.364541" lon="152.629086"><ele>118.3</ele><time>2026-01-01T03:14:20Z</time></trkpt>
<trkpt lat="-27.36464" lon="152.629138"><ele>119.2</ele><time>2026-01-01T03:14:23Z</time></trkpt>
<trkpt lat="-27.364671" lon="152.629158"><ele>119.6</ele><time>2026-01-01T03:14:24Z</time></trkpt>
<trkpt lat="-27.36482" lon="152.629244"><ele>121.1</ele><time>2026-01-01T03:14:29Z</time></trkpt>
<trkpt lat="-27.364912" lon="152.629304"><ele>122</ele><time>2026-01-01T03:14:32Z</time></trkpt>
<trkpt lat="-27.364942" lon="152.629325"><ele>122.4</ele><time>2026-01-01T03:14:33Z</time></trkpt>
<trkpt lat="-27.365003" lon="152.629372"><ele>123.1</ele><time>2026-01-01T03:14:35Z</time></trkpt>
<trkpt lat="-27.365112" lon="152.629455"><ele>124.4</ele><time>2026-01-01T03:14:39Z</time></trkpt>
<trkpt lat="-27.365137" lon="152.62948"><ele>124.8</ele><time>2026-01-01T03:14:40Z</time></trkpt>
<trkpt lat="-27.365211" lon="152.629547"><ele>125.8</ele><time>2026-01-01T03:14:43Z</time></trkpt>
<trkpt lat="-27.365307" lon="152.629633"><ele>127.2</ele><time>2026-01-01T03:14:47Z</time></trkpt>
<trkpt lat="-27.365331" lon="152.629653"><ele>127.6</ele><time>2026-01-01T03:14:48Z</time></trkpt>
<trkpt lat="-27.365425" lon="152.629734"><ele>129</ele><time>2026-01-01T03:14:52Z</time></trkpt>
<trkpt lat="-27.365491" lon="152.62979"><ele>130</ele><time>2026-01-01T03:14:55Z</time></trkpt>
<trkpt lat="-27.365513" lon="152.629806"><ele>130.4</ele><time>2026-01-01T03:14:56Z</time></trkpt>
<trkpt lat="-27.365555" lon="152.629843"><ele>131.1</ele><time>2026-01-01T03:14:58Z</time></trkpt>
<trkpt lat="-27.365622" lon="152.629896"><ele>132.1</ele><time>2026-01-01T03:15:01Z</time></trkpt>
<trkpt lat="-27.36568" lon="152.629942"><ele>133.1</ele><time>2026-01-01T03:15:04Z</time></trkpt>
<trkpt lat="-27.365759" lon="152.630012"><ele>134.4</ele><time>2026-01-01T03:15:08Z</time></trkpt>
<trkpt lat="-27.365833" lon="152.630074"><ele>135.6</ele><time>2026-01-01T03:15:12Z</time></trkpt>
<trkpt lat="-27.365873" lon="152.630104"><ele>136.3</ele><time>2026-01-01T03:15:14Z</time></trkpt>
<trkpt lat="-27.365932" lon="152.630151"><ele>137.3</ele><time>2026-01-01T03:15:17Z</time></trkpt>
<trkpt lat="-27.36595" lon="152.630166"><ele>137.6</ele><time>2026-01-01T03:15:18Z</time></trkpt>
<trkpt lat="-27.366036" lon="152.630241"><ele>139</ele><time>2026-01-01T03:15:22Z</time></trkpt>
<trkpt lat="-27.366145" lon="152.630319"><ele>140.7</ele><time>2026-01-01T03:15:27Z</time></trkpt>
<trkpt lat="-27.36623" lon="152.630382"><ele>142</ele><time>2026-01-01T03:15:31Z</time></trkpt>
<trkpt lat="-27.366251" lon="152.6304"><ele>142.4</ele><time>2026-01-01T03:15:32Z</time></trkpt>
<trkpt lat="-27.366304" lon="152.630438"><ele>143.2</ele><time>2026-01-01T03:15:35Z</time></trkpt>
<trkpt lat="-27.36637" lon="152.630489"><ele>144.3</ele><time>2026-01-01T03:15:38Z</time></trkpt>
<trkpt lat="-27.366429" lon="152.630551"><ele>145.3</ele><time>2026-01-01T03:15:41Z</time></trkpt>
<trkpt lat="-27.366485" lon="152.630614"><ele>146.4</ele><time>2026-01-01T03:15:44Z</time></trkpt>
<trkpt lat="-27.366542" lon="152.630657"><ele>147.3</ele><time>2026-01-01T03:15:47Z</time></trkpt>
<trkpt lat="-27.366565" lon="152.63067"><ele>147.7</ele><time>2026-01-01T03:15:48Z</time></trkpt>
<trkpt lat="-27.366642" lon="152.630731"><ele>149</ele><time>2026-01-01T03:15:52Z</time></trkpt>
<trkpt lat="-27.366692" lon="152.630771"><ele>149.8</ele><time>2026-01-01T03:15:54Z</time></trkpt>
<trkpt lat="-27.366714" lon="152.630785"><ele>150.1</ele><time>2026-01-01T03:15:55Z</time></trkpt>
<trkpt lat="-27.36682" lon="152.630875"><ele>151.9</ele><time>2026-01-01T03:16:00Z</time></trkpt>
<trkpt lat="-27.36686" lon="152.630912"><ele>152.7</ele><time>2026-01-01T03:16:02Z</time></trkpt>
<trkpt lat="-27.366922" lon="152.630968"><ele>153.8</ele><time>2026-01-01T03:16:05Z</time></trkpt>
<trkpt lat="-27.366939" lon="152.630986"><ele>154.1</ele><time>2026-01-01T03:16:06Z</time></trkpt>
<trkpt lat="-27.367015" lon="152.631067"><ele>155.5</ele><time>2026-01-01T03:16:10Z</time></trkpt>
<trkpt lat="-27.367076" lon="152.63113"><ele>156.7</ele><time>2026-01-01T03:16:13Z</time></trkpt>
<trkpt lat="-27.367114" lon="152.631172"><ele>157.4</ele><time>2026-01-01T03:16:15Z</time></trkpt>
<trkpt lat="-27.367136" lon="152.631193"><ele>157.8</ele><time>2026-01-01T03:16:16Z</time></trkpt>
<trkpt lat="-27.367206" lon="152.631277"><ele>159.3</ele><time>2026-01-01T03:16:20Z</time></trkpt>
<trkpt lat="-27.367258" lon="152.631336"><ele>160.3</ele><time>2026-01-01T03:16:23Z</time></trkpt>
<trkpt lat="-27.36731" lon="152.631402"><ele>161.4</ele><time>2026-01-01T03:16:26Z</time></trkpt>
<trkpt lat="-27.367375" lon="152.631508"><ele>163</ele><time>2026-01-01T03:16:30Z</time></trkpt>
<trkpt lat="-27.36741" lon="152.63156"><ele>163.8</ele><time>2026-01-01T03:16:32Z</time></trkpt>
<trkpt lat="-27.367429" lon="152.631587"><ele>164.3</ele><time>2026-01-01T03:16:33Z</time></trkpt>
<trkpt lat="-27.367477" lon="152.63166"><ele>165.4</ele><time>2026-01-01T03:16:36Z</time></trkpt>
<trkpt lat="-27.367544" lon="152.631761"><ele>167</ele><time>2026-01-01T03:16:40Z</time></trkpt>
<trkpt lat="-27.367596" lon="152.631839"><ele>168.3</ele><time>2026-01-01T03:16:43Z</time></trkpt>
<trkpt lat="-27.367611" lon="152.631867"><ele>168.7</ele><time>2026-01-01T03:16:44Z</time></trkpt>
<trkpt lat="-27.367654" lon="152.631945"><ele>169.9</ele><time>2026-01-01T03:16:47Z</time></trkpt>
<trkpt lat="-27.367697" lon="152.632013"><ele>170.9</ele><time>2026-01-01T03:16:50Z</time></trkpt>
<trkpt lat="-27.36772" lon="152.63206"><ele>171.6</ele><time>2026-01-01T03:16:52Z</time></trkpt>
<trkpt lat="-27.367731" lon="152.632086"><ele>172</ele><time>2026-01-01T03:16:53Z</time></trkpt>
<trkpt lat="-27.367759" lon="152.632136"><ele>172.8</ele><time>2026-01-01T03:16:55Z</time></trkpt>
<trkpt lat="-27.367802" lon="152.632214"><ele>174</ele><time>2026-01-01T03:16:58Z</time></trkpt>
<trkpt lat="-27.367836" lon="152.632288"><ele>175.1</ele><time>2026-01-01T03:17:01Z</time></trkpt>
<trkpt lat="-27.367879" lon="152.632364"><ele>176.3</ele><time>2026-01-01T03:17:04Z</time></trkpt>
<trkpt lat="-27.367892" lon="152.632385"><ele>176.6</ele><time>2026-01-01T03:17:05Z</time></trkpt>
<trkpt lat="-27.367937" lon="152.632481"><ele>178.1</ele><time>2026-01-01T03:17:09Z</time></trkpt>
<trkpt lat="-27.367977" lon="152.632562"><ele>179.4</ele><time>2026-01-01T03:17:12Z</time></trkpt>
<trkpt lat="-27.36799" lon="152.632589"><ele>179.8</ele><time>2026-01-01T03:17:13Z</time></trkpt>
<trkpt lat="-27.368083" lon="152.632757"><ele>182.4</ele><time>2026-01-01T03:17:19Z</time></trkpt>
<trkpt lat="-27.368111" lon="152.632814"><ele>183.3</ele><time>2026-01-01T03:17:21Z</time></trkpt>
<trkpt lat="-27.368127" lon="152.632843"><ele>183.7</ele><time>2026-01-01T03:17:22Z</time></trkpt>
<trkpt lat="-27.368173" lon="152.632931"><ele>184.9</ele><time>2026-01-01T03:17:25Z</time></trkpt>
<trkpt lat="-27.368236" lon="152.633042"><ele>186.3</ele><time>2026-01-01T03:17:29Z</time></trkpt>
<trkpt lat="-27.36827" lon="152.633094"><ele>187</ele><time>2026-01-01T03:17:31Z</time></trkpt>
<trkpt lat="-27.368401" lon="152.633284"><ele>189.1</ele><time>2026-01-01T03:17:38Z</time></trkpt>
<trkpt lat="-27.368426" lon="152.633319"><ele>189.5</ele><time>2026-01-01T03:17:39Z</time></trkpt>
<trkpt lat="-27.368466" lon="152.633382"><ele>190</ele><time>2026-01-01T03:17:41Z</time></trkpt>
<trkpt lat="-27.368508" lon="152.633439"><ele>190.5</ele><time>2026-01-01T03:17:43Z</time></trkpt>
<trkpt lat="-27.368553" lon="152.633495"><ele>191</ele><time>2026-01-01T03:17:45Z</time></trkpt>
<trkpt lat="-27.36864" lon="152.633607"><ele>191.6</ele><time>2026-01-01T03:17:49Z</time></trkpt>
<trkpt lat="-27.368758" lon="152.633743"><ele>192.2</ele><time>2026-01-01T03:17:54Z</time></trkpt>
<trkpt lat="-27.368843" lon="152.633828"><ele>192.3</ele><time>2026-01-01T03:17:57Z</time></trkpt>
<trkpt lat="-27.369062" lon="152.634044"><ele>191.9</ele><time>2026-01-01T03:18:04Z</time></trkpt>
<trkpt lat="-27.369095" lon="152.634082"><ele>191.7</ele><time>2026-01-01T03:18:05Z</time></trkpt>
<trkpt lat="-27.369133" lon="152.634121"><ele>191.5</ele><time>2026-01-01T03:18:06Z</time></trkpt>
<trkpt lat="-27.369307" lon="152.634271"><ele>190.2</ele><time>2026-01-01T03:18:10Z</time></trkpt>
<trkpt lat="-27.369608" lon="152.63446"><ele>186.7</ele><time>2026-01-01T03:18:15Z</time></trkpt>
<trkpt lat="-27.369824" lon="152.634597"><ele>183.1</ele><time>2026-01-01T03:18:18Z</time></trkpt>
<trkpt lat="-27.369907" lon="152.634645"><ele>181.6</ele><time>2026-01-01T03:18:19Z</time></trkpt>
<trkpt lat="-27.369998" lon="152.634692"><ele>179.9</ele><time>2026-01-01T03:18:20Z</time></trkpt>
<trkpt lat="-27.370094" lon="152.634745"><ele>178.1</ele><time>2026-01-01T03:18:21Z</time></trkpt>
<trkpt lat="-27.370195" lon="152.634794"><ele>176.3</ele><time>2026-01-01T03:18:22Z</time></trkpt>
<trkpt lat="-27.370413" lon="152.634888"><ele>172.4</ele><time>2026-01-01T03:18:24Z</time></trkpt>
<trkpt lat="-27.370507" lon="152.634924"><ele>170.8</ele><time>2026-01-01T03:18:25Z</time></trkpt>
<trkpt lat="-27.370776" lon="152.635009"><ele>166.9</ele><time>2026-01-01T03:18:27Z</time></trkpt>
<trkpt lat="-27.371027" lon="152.635074"><ele>163.7</ele><time>2026-01-01T03:18:29Z</time></trkpt>
<trkpt lat="-27.371154" lon="152.635102"><ele>162.3</ele><time>2026-01-01T03:18:30Z</time></trkpt>
<trkpt lat="-27.371285" lon="152.635123"><ele>161.2</ele><time>2026-01-01T03:18:31Z</time></trkpt>
<trkpt lat="-27.371418" lon="152.635141"><ele>160.7</ele><time>2026-01-01T03:18:32Z</time></trkpt>
<trkpt lat="-27.371684" lon="152.635169"><ele>160.3</ele><time>2026-01-01T03:18:34Z</time></trkpt>
<trkpt lat="-27.372066" lon="152.635199"><ele>160.3</ele><time>2026-01-01T03:18:37Z</time></trkpt>
<trkpt lat="-27.372409" lon="152.635225"><ele>160.6</ele><time>2026-01-01T03:18:40Z</time></trkpt>
<trkpt lat="-27.372648" lon="152.635239"><ele>160.8</ele><time>2026-01-01T03:18:42Z</time></trkpt>
<trkpt lat="-27.373103" lon="152.635272"><ele>161.2</ele><time>2026-01-01T03:18:46Z</time></trkpt>
<trkpt lat="-27.373339" lon="152.635291"><ele>161.6</ele><time>2026-01-01T03:18:48Z</time></trkpt>
<trkpt lat="-27.373649" lon="152.635314"><ele>161.9</ele><time>2026-01-01T03:18:51Z</time></trkpt>
<trkpt lat="-27.373953" lon="152.635359"><ele>161.6</ele><time>2026-01-01T03:18:54Z</time></trkpt>
<trkpt lat="-27.374146" lon="152.635398"><ele>161.5</ele><time>2026-01-01T03:18:56Z</time></trkpt>
<trkpt lat="-27.374428" lon="152.635498"><ele>161.4</ele><time>2026-01-01T03:18:59Z</time></trkpt>
<trkpt lat="-27.374602" lon="152.635592"><ele>161.4</ele><time>2026-01-01T03:19:01Z</time></trkpt>
<trkpt lat="-27.374747" lon="152.635687"><ele>161.3</ele><time>2026-01-01T03:19:03Z</time></trkpt>
<trkpt lat="-27.375044" lon="152.63597"><ele>161</ele><time>2026-01-01T03:19:07Z</time></trkpt>
<trkpt lat="-27.375152" lon="152.636113"><ele>160.8</ele><time>2026-01-01T03:19:09Z</time></trkpt>
<trkpt lat="-27.37522" lon="152.636213"><ele>160.6</ele><time>2026-01-01T03:19:10Z</time></trkpt>
<trkpt lat="-27.375318" lon="152.636395"><ele>160.2</ele><time>2026-01-01T03:19:12Z</time></trkpt>
<trkpt lat="-27.375361" lon="152.636494"><ele>159.9</ele><time>2026-01-01T03:19:13Z</time></trkpt>
<trkpt lat="-27.375488" lon="152.636912"><ele>157.9</ele><time>2026-01-01T03:19:17Z</time></trkpt>
<trkpt lat="-27.375522" lon="152.637133"><ele>156.6</ele><time>2026-01-01T03:19:19Z</time></trkpt>
<trkpt lat="-27.375532" lon="152.637246"><ele>155.9</ele><time>2026-01-01T03:19:20Z</time></trkpt>
<trkpt lat="-27.375535" lon="152.637362"><ele>155.1</ele><time>2026-01-01T03:19:21Z</time></trkpt>
<trkpt lat="-27.375524" lon="152.637566"><ele>153.5</ele><time>2026-01-01T03:19:23Z</time></trkpt>
<trkpt lat="-27.375507" lon="152.637693"><ele>152.4</ele><time>2026-01-01T03:19:24Z</time></trkpt>
<trkpt lat="-27.375489" lon="152.637783"><ele>151.6</ele><time>2026-01-01T03:19:25Z</time></trkpt>
<trkpt lat="-27.375421" lon="152.638043"><ele>149</ele><time>2026-01-01T03:19:27Z</time></trkpt>
<trkpt lat="-27.375315" lon="152.638413"><ele>144.6</ele><time>2026-01-01T03:19:30Z</time></trkpt>
<trkpt lat="-27.375241" lon="152.638678"><ele>141.1</ele><time>2026-01-01T03:19:32Z</time></trkpt>
<trkpt lat="-27.3752" lon="152.638816"><ele>139.2</ele><time>2026-01-01T03:19:33Z</time></trkpt>
<trkpt lat="-27.37512" lon="152.639098"><ele>135.5</ele><time>2026-01-01T03:19:35Z</time></trkpt>
<trkpt lat="-27.375073" lon="152.639246"><ele>133.6</ele><time>2026-01-01T03:19:36Z</time></trkpt>
<trkpt lat="-27.375026" lon="152.639403"><ele>131.5</ele><time>2026-01-01T03:19:37Z</time></trkpt>
<trkpt lat="-27.374978" lon="152.639567"><ele>129.4</ele><time>2026-01-01T03:19:38Z</time></trkpt>
<trkpt lat="-27.374938" lon="152.639729"><ele>127.3</ele><time>2026-01-01T03:19:39Z</time></trkpt>
<trkpt lat="-27.374904" lon="152.639893"><ele>125.2</ele><time>2026-01-01T03:19:40Z</time></trkpt>
<trkpt lat="-27.374872" lon="152.64006"><ele>123.1</ele><time>2026-01-01T03:19:41Z</time></trkpt>
<trkpt lat="-27.374844" lon="152.640227"><ele>121.1</ele><time>2026-01-01T03:19:42Z</time></trkpt>
<trkpt lat="-27.374827" lon="152.640399"><ele>119</ele><time>2026-01-01T03:19:43Z</time></trkpt>
<trkpt lat="-27.374822" lon="152.64057"><ele>116.9</ele><time>2026-01-01T03:19:44Z</time></trkpt>
<trkpt lat="-27.37482" lon="152.640708"><ele>115.1</ele><time>2026-01-01T03:19:45Z</time></trkpt>
<trkpt lat="-27.374831" lon="152.640882"><ele>112.9</ele><time>2026-01-01T03:19:46Z</time></trkpt>
<trkpt lat="-27.374877" lon="152.641277"><ele>107.9</ele><time>2026-01-01T03:19:48Z</time></trkpt>
<trkpt lat="-27.374913" lon="152.641456"><ele>105.5</ele><time>2026-01-01T03:19:49Z</time></trkpt>
<trkpt lat="-27.374954" lon="152.641633"><ele>103.2</ele><time>2026-01-01T03:19:50Z</time></trkpt>
<trkpt lat="-27.375006" lon="152.641809"><ele>101</ele><time>2026-01-01T03:19:51Z</time></trkpt>
<trkpt lat="-27.375067" lon="152.641982"><ele>98.9</ele><time>2026-01-01T03:19:52Z</time></trkpt>
<trkpt lat="-27.375122" lon="152.642116"><ele>97.4</ele><time>2026-01-01T03:19:53Z</time></trkpt>
<trkpt lat="-27.37521" lon="152.642315"><ele>95.3</ele><time>2026-01-01T03:19:54Z</time></trkpt>
<trkpt lat="-27.375277" lon="152.642445"><ele>94</ele><time>2026-01-01T03:19:55Z</time></trkpt>
<trkpt lat="-27.375386" lon="152.642632"><ele>92.1</ele><time>2026-01-01T03:19:56Z</time></trkpt>
<trkpt lat="-27.375489" lon="152.642777"><ele>90.6</ele><time>2026-01-01T03:19:57Z</time></trkpt>
<trkpt lat="-27.375711" lon="152.643044"><ele>88.1</ele><time>2026-01-01T03:19:59Z</time></trkpt>
<trkpt lat="-27.37583" lon="152.643163"><ele>87.1</ele><time>2026-01-01T03:20:00Z</time></trkpt>
<trkpt lat="-27.376078" lon="152.643379"><ele>85.5</ele><time>2026-01-01T03:20:02Z</time></trkpt>
<trkpt lat="-27.376205" lon="152.643473"><ele>85</ele><time>2026-01-01T03:20:03Z</time></trkpt>
<trkpt lat="-27.376334" lon="152.643565"><ele>84.6</ele><time>2026-01-01T03:20:04Z</time></trkpt>
<trkpt lat="-27.376599" lon="152.643725"><ele>83.9</ele><time>2026-01-01T03:20:06Z</time></trkpt>
<trkpt lat="-27.37671" lon="152.643773"><ele>83.7</ele><time>2026-01-01T03:20:07Z</time></trkpt>
<trkpt lat="-27.377132" lon="152.64391"><ele>83.3</ele><time>2026-01-01T03:20:10Z</time></trkpt>
<trkpt lat="-27.3773" lon="152.643948"><ele>83.3</ele><time>2026-01-01T03:20:11Z</time></trkpt>
<trkpt lat="-27.377441" lon="152.64397"><ele>83.5</ele><time>2026-01-01T03:20:12Z</time></trkpt>
<trkpt lat="-27.377717" lon="152.643995"><ele>83.9</ele><time>2026-01-01T03:20:14Z</time></trkpt>
<trkpt lat="-27.37785" lon="152.644001"><ele>84</ele><time>2026-01-01T03:20:15Z</time></trkpt>
<trkpt lat="-27.37798" lon="152.644003"><ele>84.1</ele><time>2026-01-01T03:20:16Z</time></trkpt>
<trkpt lat="-27.378108" lon="152.644009"><ele>84.2</ele><time>2026-01-01T03:20:17Z</time></trkpt>
<trkpt lat="-27.378504" lon="152.644024"><ele>84.5</ele><time>2026-01-01T03:20:20Z</time></trkpt>
<trkpt lat="-27.378633" lon="152.644033"><ele>84.6</ele><time>2026-01-01T03:20:21Z</time></trkpt>
<trkpt lat="-27.37902" lon="152.644086"><ele>84.7</ele><time>2026-01-01T03:20:24Z</time></trkpt>
<trkpt lat="-27.379266" lon="152.644147"><ele>84.8</ele><time>2026-01-01T03:20:26Z</time></trkpt>
<trkpt lat="-27.379388" lon="152.644187"><ele>84.7</ele><time>2026-01-01T03:20:27Z</time></trkpt>
<trkpt lat="-27.379622" lon="152.644289"><ele>84.6</ele><time>2026-01-01T03:20:29Z</time></trkpt>
<trkpt lat="-27.379731" lon="152.644341"><ele>84.5</ele><time>2026-01-01T03:20:30Z</time></trkpt>
<trkpt lat="-27.379936" lon="152.644451"><ele>84.1</ele><time>2026-01-01T03:20:32Z</time></trkpt>
<trkpt lat="-27.380131" lon="152.644588"><ele>83.8</ele><time>2026-01-01T03:20:34Z</time></trkpt>
<trkpt lat="-27.380313" lon="152.644737"><ele>83.5</ele><time>2026-01-01T03:20:36Z</time></trkpt>
<trkpt lat="-27.380569" lon="152.644986"><ele>83.3</ele><time>2026-01-01T03:20:39Z</time></trkpt>
<trkpt lat="-27.380913" lon="152.645452"><ele>83.2</ele><time>2026-01-01T03:20:44Z</time></trkpt>
<trkpt lat="-27.381161" lon="152.64589"><ele>83.1</ele><time>2026-01-01T03:20:49Z</time></trkpt>
<trkpt lat="-27.381201" lon="152.645984"><ele>83.1</ele><time>2026-01-01T03:20:50Z</time></trkpt>
<trkpt lat="-27.381328" lon="152.646364"><ele>83.4</ele><time>2026-01-01T03:20:54Z</time></trkpt>
<trkpt lat="-27.381443" lon="152.64692"><ele>84</ele><time>2026-01-01T03:21:00Z</time></trkpt>
<trkpt lat="-27.381458" lon="152.647507"><ele>84.5</ele><time>2026-01-01T03:21:06Z</time></trkpt>
<trkpt lat="-27.381468" lon="152.647789"><ele>84.7</ele><time>2026-01-01T03:21:09Z</time></trkpt>
<trkpt lat="-27.381458" lon="152.647969"><ele>84.8</ele><time>2026-01-01T03:21:11Z</time></trkpt>
<trkpt lat="-27.381461" lon="152.648154"><ele>84.9</ele><time>2026-01-01T03:21:13Z</time></trkpt>
<trkpt lat="-27.381466" lon="152.648243"><ele>85</ele><time>2026-01-01T03:21:14Z</time></trkpt>
<trkpt lat="-27.381489" lon="152.648502"><ele>85.1</ele><time>2026-01-01T03:21:17Z</time></trkpt>
<trkpt lat="-27.381561" lon="152.648846"><ele>85.2</ele><time>2026-01-01T03:21:21Z</time></trkpt>
<trkpt lat="-27.381606" lon="152.649009"><ele>85.3</ele><time>2026-01-01T03:21:23Z</time></trkpt>
<trkpt lat="-27.381757" lon="152.64941"><ele>85.4</ele><time>2026-01-01T03:21:28Z</time></trkpt>
<trkpt lat="-27.382" lon="152.649855"><ele>85.4</ele><time>2026-01-01T03:21:34Z</time></trkpt>
<trkpt lat="-27.382047" lon="152.649928"><ele>85.3</ele><time>2026-01-01T03:21:35Z</time></trkpt>
<trkpt lat="-27.382368" lon="152.650319"><ele>84.4</ele><time>2026-01-01T03:21:41Z</time></trkpt>
<trkpt lat="-27.382755" lon="152.650656"><ele>82.3</ele><time>2026-01-01T03:21:47Z</time></trkpt>
<trkpt lat="-27.382833" lon="152.650707"><ele>81.8</ele><time>2026-01-01T03:21:48Z</time></trkpt>
<trkpt lat="-27.38309" lon="152.650854"><ele>80.1</ele><time>2026-01-01T03:21:51Z</time></trkpt>
<trkpt lat="-27.383175" lon="152.650897"><ele>79.4</ele><time>2026-01-01T03:21:52Z</time></trkpt>
<trkpt lat="-27.383562" lon="152.65104"><ele>75.8</ele><time>2026-01-01T03:21:56Z</time></trkpt>
<trkpt lat="-27.383799" lon="152.651085"><ele>73.5</ele><time>2026-01-01T03:21:58Z</time></trkpt>
<trkpt lat="-27.384033" lon="152.651106"><ele>71.3</ele><time>2026-01-01T03:22:00Z</time></trkpt>
<trkpt lat="-27.384281" lon="152.651112"><ele>69.1</ele><time>2026-01-01T03:22:02Z</time></trkpt>
<trkpt lat="-27.384506" lon="152.651091"><ele>67.4</ele><time>2026-01-01T03:22:04Z</time></trkpt>
<trkpt lat="-27.384775" lon="152.651043"><ele>65.7</ele><time>2026-01-01T03:22:06Z</time></trkpt>
<trkpt lat="-27.385113" lon="152.65096"><ele>64.2</ele><time>2026-01-01T03:22:09Z</time></trkpt>
<trkpt lat="-27.385464" lon="152.650841"><ele>63.5</ele><time>2026-01-01T03:22:12Z</time></trkpt>
<trkpt lat="-27.385674" lon="152.650761"><ele>63.5</ele><time>2026-01-01T03:22:14Z</time></trkpt>
<trkpt lat="-27.385886" lon="152.650682"><ele>64</ele><time>2026-01-01T03:22:16Z</time></trkpt>
<trkpt lat="-27.386091" lon="152.650608"><ele>64.7</ele><time>2026-01-01T03:22:18Z</time></trkpt>
<trkpt lat="-27.386187" lon="152.650573"><ele>65.1</ele><time>2026-01-01T03:22:19Z</time></trkpt>
<trkpt lat="-27.386733" lon="152.650406"><ele>67.5</ele><time>2026-01-01T03:22:25Z</time></trkpt>
<trkpt lat="-27.387155" lon="152.650303"><ele>69</ele><time>2026-01-01T03:22:30Z</time></trkpt>
<trkpt lat="-27.387407" lon="152.650256"><ele>70</ele><time>2026-01-01T03:22:33Z</time></trkpt>
<trkpt lat="-27.387732" lon="152.650206"><ele>71.1</ele><time>2026-01-01T03:22:37Z</time></trkpt>
<trkpt lat="-27.387896" lon="152.650185"><ele>71.7</ele><time>2026-01-01T03:22:39Z</time></trkpt>
<trkpt lat="-27.388211" lon="152.650162"><ele>72.6</ele><time>2026-01-01T03:22:43Z</time></trkpt>
<trkpt lat="-27.38829" lon="152.650156"><ele>72.8</ele><time>2026-01-01T03:22:44Z</time></trkpt>
<trkpt lat="-27.388835" lon="152.650132"><ele>73.2</ele><time>2026-01-01T03:22:51Z</time></trkpt>
<trkpt lat="-27.389254" lon="152.650116"><ele>72.5</ele><time>2026-01-01T03:22:56Z</time></trkpt>
<trkpt lat="-27.389428" lon="152.650108"><ele>71.9</ele><time>2026-01-01T03:22:58Z</time></trkpt>
<trkpt lat="-27.389608" lon="152.650101"><ele>71.1</ele><time>2026-01-01T03:23:00Z</time></trkpt>
<trkpt lat="-27.389799" lon="152.650083"><ele>70.1</ele><time>2026-01-01T03:23:02Z</time></trkpt>
<trkpt lat="-27.389993" lon="152.65005"><ele>68.8</ele><time>2026-01-01T03:23:04Z</time></trkpt>
<trkpt lat="-27.390091" lon="152.650035"><ele>68.1</ele><time>2026-01-01T03:23:05Z</time></trkpt>
<trkpt lat="-27.390288" lon="152.65"><ele>66.4</ele><time>2026-01-01T03:23:07Z</time></trkpt>
<trkpt lat="-27.390609" lon="152.649919"><ele>63.4</ele><time>2026-01-01T03:23:10Z</time></trkpt>
<trkpt lat="-27.390715" lon="152.649883"><ele>62.3</ele><time>2026-01-01T03:23:11Z</time></trkpt>
<trkpt lat="-27.390821" lon="152.649845"><ele>61.3</ele><time>2026-01-01T03:23:12Z</time></trkpt>
<trkpt lat="-27.39093" lon="152.649803"><ele>60.3</ele><time>2026-01-01T03:23:13Z</time></trkpt>
<trkpt lat="-27.391143" lon="152.649724"><ele>58.4</ele><time>2026-01-01T03:23:15Z</time></trkpt>
<trkpt lat="-27.391248" lon="152.649681"><ele>57.7</ele><time>2026-01-01T03:23:16Z</time></trkpt>
<trkpt lat="-27.391461" lon="152.649587"><ele>57.4</ele><time>2026-01-01T03:23:18Z</time></trkpt>
<trkpt lat="-27.391564" lon="152.649535"><ele>57.4</ele><time>2026-01-01T03:23:19Z</time></trkpt>
<trkpt lat="-27.391972" lon="152.649314"><ele>57.4</ele><time>2026-01-01T03:23:23Z</time></trkpt>
<trkpt lat="-27.392164" lon="152.64919"><ele>57</ele><time>2026-01-01T03:23:25Z</time></trkpt>
<trkpt lat="-27.392616" lon="152.648863"><ele>56.6</ele><time>2026-01-01T03:23:30Z</time></trkpt>
<trkpt lat="-27.393102" lon="152.64843"><ele>56.1</ele><time>2026-01-01T03:23:36Z</time></trkpt>
<trkpt lat="-27.393564" lon="152.64794"><ele>55.7</ele><time>2026-01-01T03:23:42Z</time></trkpt>
<trkpt lat="-27.393713" lon="152.647783"><ele>55.8</ele><time>2026-01-01T03:23:44Z</time></trkpt>
<trkpt lat="-27.394065" lon="152.647407"><ele>57</ele><time>2026-01-01T03:23:49Z</time></trkpt>
<trkpt lat="-27.394196" lon="152.64727"><ele>57.6</ele><time>2026-01-01T03:23:51Z</time></trkpt>
<trkpt lat="-27.394258" lon="152.647202"><ele>57.9</ele><time>2026-01-01T03:23:52Z</time></trkpt>
<trkpt lat="-27.394556" lon="152.64692"><ele>59.7</ele><time>2026-01-01T03:23:57Z</time></trkpt>
<trkpt lat="-27.394614" lon="152.64687"><ele>60</ele><time>2026-01-01T03:23:58Z</time></trkpt>
<trkpt lat="-27.394844" lon="152.646696"><ele>61.2</ele><time>2026-01-01T03:24:02Z</time></trkpt>
<trkpt lat="-27.395163" lon="152.646508"><ele>62.1</ele><time>2026-01-01T03:24:07Z</time></trkpt>
<trkpt lat="-27.395503" lon="152.646353"><ele>61.7</ele><time>2026-01-01T03:24:12Z</time></trkpt>
<trkpt lat="-27.39565" lon="152.646301"><ele>61.2</ele><time>2026-01-01T03:24:14Z</time></trkpt>
<trkpt lat="-27.396055" lon="152.646194"><ele>59</ele><time>2026-01-01T03:24:19Z</time></trkpt>
<trkpt lat="-27.396145" lon="152.646178"><ele>58.3</ele><time>2026-01-01T03:24:20Z</time></trkpt>
<trkpt lat="-27.396436" lon="152.646151"><ele>56</ele><time>2026-01-01T03:24:23Z</time></trkpt>
<trkpt lat="-27.396533" lon="152.646146"><ele>55.2</ele><time>2026-01-01T03:24:24Z</time></trkpt>
<trkpt lat="-27.396635" lon="152.646141"><ele>54.3</ele><time>2026-01-01T03:24:25Z</time></trkpt>
<trkpt lat="-27.396951" lon="152.646147"><ele>51.6</ele><time>2026-01-01T03:24:28Z</time></trkpt>
<trkpt lat="-27.397058" lon="152.64616"><ele>50.7</ele><time>2026-01-01T03:24:29Z</time></trkpt>
<trkpt lat="-27.397167" lon="152.646175"><ele>50.7</ele><time>2026-01-01T03:24:30Z</time></trkpt>
<trkpt lat="-27.397277" lon="152.646195"><ele>50.7</ele><time>2026-01-01T03:24:31Z</time></trkpt>
<trkpt lat="-27.39749" lon="152.646233"><ele>50.9</ele><time>2026-01-01T03:24:33Z</time></trkpt>
<trkpt lat="-27.397697" lon="152.646269"><ele>51</ele><time>2026-01-01T03:24:35Z</time></trkpt>
<trkpt lat="-27.398215" lon="152.646351"><ele>51.7</ele><time>2026-01-01T03:24:40Z</time></trkpt>
<trkpt lat="-27.398517" lon="152.646403"><ele>52.2</ele><time>2026-01-01T03:24:43Z</time></trkpt>
<trkpt lat="-27.398983" lon="152.646491"><ele>52.5</ele><time>2026-01-01T03:24:48Z</time></trkpt>
<trkpt lat="-27.399355" lon="152.646563"><ele>51.7</ele><time>2026-01-01T03:24:52Z</time></trkpt>
<trkpt lat="-27.399544" lon="152.646599"><ele>51.5</ele><time>2026-01-01T03:24:54Z</time></trkpt>
<trkpt lat="-27.400092" lon="152.646704"><ele>51.1</ele><time>2026-01-01T03:25:00Z</time></trkpt>
<trkpt lat="-27.40046" lon="152.646772"><ele>50.8</ele><time>2026-01-01T03:25:04Z</time></trkpt>
<trkpt lat="-27.400641" lon="152.646807"><ele>50.6</ele><time>2026-01-01T03:25:06Z</time></trkpt>
<trkpt lat="-27.401191" lon="152.646905"><ele>50.2</ele><time>2026-01-01T03:25:12Z</time></trkpt>
<trkpt lat="-27.401281" lon="152.64692"><ele>50.1</ele><time>2026-01-01T03:25:13Z</time></trkpt>
<trkpt lat="-27.401551" lon="152.646973"><ele>49.7</ele><time>2026-01-01T03:25:16Z</time></trkpt>
<trkpt lat="-27.4018" lon="152.64702"><ele>49.5</ele><time>2026-01-01T03:25:19Z</time></trkpt>
<trkpt lat="-27.401887" lon="152.647033"><ele>49.4</ele><time>2026-01-01T03:25:20Z</time></trkpt>
<trkpt lat="-27.402427" lon="152.647139"><ele>48.7</ele><time>2026-01-01T03:25:26Z</time></trkpt>
<trkpt lat="-27.402701" lon="152.647191"><ele>48.5</ele><time>2026-01-01T03:25:29Z</time></trkpt>
<trkpt lat="-27.403249" lon="152.647273"><ele>48.8</ele><time>2026-01-01T03:25:35Z</time></trkpt>
<trkpt lat="-27.403423" lon="152.64728"><ele>49.2</ele><time>2026-01-01T03:25:37Z</time></trkpt>
<trkpt lat="-27.403927" lon="152.647247"><ele>50.9</ele><time>2026-01-01T03:25:43Z</time></trkpt>
<trkpt lat="-27.404222" lon="152.647181"><ele>52.1</ele><time>2026-01-01T03:25:47Z</time></trkpt>
<trkpt lat="-27.404297" lon="152.64716"><ele>52.4</ele><time>2026-01-01T03:25:48Z</time></trkpt>
<trkpt lat="-27.404386" lon="152.647131"><ele>52.9</ele><time>2026-01-01T03:25:49Z</time></trkpt>
<trkpt lat="-27.404647" lon="152.647026"><ele>54.2</ele><time>2026-01-01T03:25:53Z</time></trkpt>
<trkpt lat="-27.404777" lon="152.646966"><ele>54.8</ele><time>2026-01-01T03:25:55Z</time></trkpt>
<trkpt lat="-27.405095" lon="152.646792"><ele>55.9</ele><time>2026-01-01T03:26:00Z</time></trkpt>
<trkpt lat="-27.405227" lon="152.646699"><ele>56.1</ele><time>2026-01-01T03:26:02Z</time></trkpt>
<trkpt lat="-27.40553" lon="152.646481"><ele>56</ele><time>2026-01-01T03:26:07Z</time></trkpt>
<trkpt lat="-27.40566" lon="152.646395"><ele>55.7</ele><time>2026-01-01T03:26:09Z</time></trkpt>
<trkpt lat="-27.405947" lon="152.646229"><ele>54.9</ele><time>2026-01-01T03:26:13Z</time></trkpt>
<trkpt lat="-27.406116" lon="152.646144"><ele>54.1</ele><time>2026-01-01T03:26:15Z</time></trkpt>
<trkpt lat="-27.406296" lon="152.646073"><ele>52.9</ele><time>2026-01-01T03:26:17Z</time></trkpt>
<trkpt lat="-27.406482" lon="152.64601"><ele>51.6</ele><time>2026-01-01T03:26:19Z</time></trkpt>
<trkpt lat="-27.40658" lon="152.645981"><ele>50.8</ele><time>2026-01-01T03:26:20Z</time></trkpt>
<trkpt lat="-27.40699" lon="152.645897"><ele>47.4</ele><time>2026-01-01T03:26:24Z</time></trkpt>
<trkpt lat="-27.407309" lon="152.645859"><ele>44.8</ele><time>2026-01-01T03:26:27Z</time></trkpt>
<trkpt lat="-27.407529" lon="152.645859"><ele>43.5</ele><time>2026-01-01T03:26:29Z</time></trkpt>
<trkpt lat="-27.407642" lon="152.645863"><ele>42.9</ele><time>2026-01-01T03:26:30Z</time></trkpt>
<trkpt lat="-27.408106" lon="152.645919"><ele>41.2</ele><time>2026-01-01T03:26:34Z</time></trkpt>
<trkpt lat="-27.40833" lon="152.645952"><ele>40.7</ele><time>2026-01-01T03:26:36Z</time></trkpt>
<trkpt lat="-27.40855" lon="152.645969"><ele>40.4</ele><time>2026-01-01T03:26:38Z</time></trkpt>
<trkpt lat="-27.408754" lon="152.645969"><ele>40.4</ele><time>2026-01-01T03:26:40Z</time></trkpt>
<trkpt lat="-27.409341" lon="152.645904"><ele>40.7</ele><time>2026-01-01T03:26:46Z</time></trkpt>
<trkpt lat="-27.409696" lon="152.64581"><ele>41.1</ele><time>2026-01-01T03:26:50Z</time></trkpt>
<trkpt lat="-27.409787" lon="152.645781"><ele>41.2</ele><time>2026-01-01T03:26:51Z</time></trkpt>
<trkpt lat="-27.40999" lon="152.645709"><ele>41.3</ele><time>2026-01-01T03:26:53Z</time></trkpt>
<trkpt lat="-27.41017" lon="152.645639"><ele>41.4</ele><time>2026-01-01T03:26:55Z</time></trkpt>
<trkpt lat="-27.410444" lon="152.645536"><ele>41.6</ele><time>2026-01-01T03:26:58Z</time></trkpt>
<trkpt lat="-27.410722" lon="152.645439"><ele>41.6</ele><time>2026-01-01T03:27:01Z</time></trkpt>
<trkpt lat="-27.411091" lon="152.645301"><ele>41.8</ele><time>2026-01-01T03:27:05Z</time></trkpt>
<trkpt lat="-27.411631" lon="152.645103"><ele>42</ele><time>2026-01-01T03:27:11Z</time></trkpt>
<trkpt lat="-27.411721" lon="152.645073"><ele>42</ele><time>2026-01-01T03:27:12Z</time></trkpt>
<trkpt lat="-27.411987" lon="152.644978"><ele>42</ele><time>2026-01-01T03:27:15Z</time></trkpt>
<trkpt lat="-27.412415" lon="152.644787"><ele>42</ele><time>2026-01-01T03:27:20Z</time></trkpt>
<trkpt lat="-27.412494" lon="152.644744"><ele>42</ele><time>2026-01-01T03:27:21Z</time></trkpt>
<trkpt lat="-27.412866" lon="152.64449"><ele>41.9</ele><time>2026-01-01T03:27:26Z</time></trkpt>
<trkpt lat="-27.413265" lon="152.644083"><ele>41.7</ele><time>2026-01-01T03:27:32Z</time></trkpt>
<trkpt lat="-27.413527" lon="152.643716"><ele>42.4</ele><time>2026-01-01T03:27:37Z</time></trkpt>
<trkpt lat="-27.413702" lon="152.643417"><ele>43.6</ele><time>2026-01-01T03:27:41Z</time></trkpt>
<trkpt lat="-27.413772" lon="152.64327"><ele>44.3</ele><time>2026-01-01T03:27:43Z</time></trkpt>
<trkpt lat="-27.413908" lon="152.642854"><ele>46.4</ele><time>2026-01-01T03:27:49Z</time></trkpt>
<trkpt lat="-27.413965" lon="152.642582"><ele>48.1</ele><time>2026-01-01T03:27:53Z</time></trkpt>
<trkpt lat="-27.413995" lon="152.642378"><ele>49.3</ele><time>2026-01-01T03:27:56Z</time></trkpt>
<trkpt lat="-27.414012" lon="152.642178"><ele>50.5</ele><time>2026-01-01T03:27:59Z</time></trkpt>
<trkpt lat="-27.414015" lon="152.642101"><ele>50.9</ele><time>2026-01-01T03:28:00Z</time></trkpt>
<trkpt lat="-27.414016" lon="152.642036"><ele>51.3</ele><time>2026-01-01T03:28:01Z</time></trkpt>
<trkpt lat="-27.414017" lon="152.641907"><ele>51.9</ele><time>2026-01-01T03:28:03Z</time></trkpt>
<trkpt lat="-27.414006" lon="152.641658"><ele>53.3</ele><time>2026-01-01T03:28:07Z</time></trkpt>
<trkpt lat="-27.413982" lon="152.641493"><ele>54</ele><time>2026-01-01T03:28:10Z</time></trkpt>
<trkpt lat="-27.413946" lon="152.641327"><ele>54.7</ele><time>2026-01-01T03:28:13Z</time></trkpt>
<trkpt lat="-27.413886" lon="152.641101"><ele>55.5</ele><time>2026-01-01T03:28:17Z</time></trkpt>
<trkpt lat="-27.41387" lon="152.641045"><ele>55.7</ele><time>2026-01-01T03:28:18Z</time></trkpt>
<trkpt lat="-27.413759" lon="152.640698"><ele>56.9</ele><time>2026-01-01T03:28:24Z</time></trkpt>
<trkpt lat="-27.413694" lon="152.640535"><ele>57.4</ele><time>2026-01-01T03:28:27Z</time></trkpt>
<trkpt lat="-27.41362" lon="152.640366"><ele>57.7</ele><time>2026-01-01T03:28:30Z</time></trkpt>
<trkpt lat="-27.413506" lon="152.640136"><ele>58</ele><time>2026-01-01T03:28:34Z</time></trkpt>
<trkpt lat="-27.413391" lon="152.639904"><ele>58.2</ele><time>2026-01-01T03:28:38Z</time></trkpt>
<trkpt lat="-27.413304" lon="152.639718"><ele>58.3</ele><time>2026-01-01T03:28:41Z</time></trkpt>
<trkpt lat="-27.413239" lon="152.639575"><ele>58.2</ele><time>2026-01-01T03:28:43Z</time></trkpt>
<trkpt lat="-27.413094" lon="152.639169"><ele>58</ele><time>2026-01-01T03:28:49Z</time></trkpt>
<trkpt lat="-27.412998" lon="152.638677"><ele>57.9</ele><time>2026-01-01T03:28:55Z</time></trkpt>
<trkpt lat="-27.412968" lon="152.638186"><ele>57.9</ele><time>2026-01-01T03:29:01Z</time></trkpt>
<trkpt lat="-27.412971" lon="152.638105"><ele>58</ele><time>2026-01-01T03:29:02Z</time></trkpt>
<trkpt lat="-27.412984" lon="152.637882"><ele>58.3</ele><time>2026-01-01T03:29:05Z</time></trkpt>
<trkpt lat="-27.412993" lon="152.637814"><ele>58.4</ele><time>2026-01-01T03:29:06Z</time></trkpt>
<trkpt lat="-27.413006" lon="152.637745"><ele>58.6</ele><time>2026-01-01T03:29:07Z</time></trkpt>
<trkpt lat="-27.413063" lon="152.637511"><ele>59.2</ele><time>2026-01-01T03:29:10Z</time></trkpt>
<trkpt lat="-27.41308" lon="152.637451"><ele>59.4</ele><time>2026-01-01T03:29:11Z</time></trkpt>
<trkpt lat="-27.413141" lon="152.637301"><ele>59.8</ele><time>2026-01-01T03:29:13Z</time></trkpt>
<trkpt lat="-27.413171" lon="152.637226"><ele>60</ele><time>2026-01-01T03:29:14Z</time></trkpt>
<trkpt lat="-27.413239" lon="152.637054"><ele>60.5</ele><time>2026-01-01T03:29:16Z</time></trkpt>
<trkpt lat="-27.413258" lon="152.636993"><ele>60.6</ele><time>2026-01-01T03:29:17Z</time></trkpt>
<trkpt lat="-27.413319" lon="152.636846"><ele>60.8</ele><time>2026-01-01T03:29:19Z</time></trkpt>
<trkpt lat="-27.413429" lon="152.636628"><ele>60.6</ele><time>2026-01-01T03:29:22Z</time></trkpt>
<trkpt lat="-27.413664" lon="152.636278"><ele>59.1</ele><time>2026-01-01T03:29:27Z</time></trkpt>
<trkpt lat="-27.413833" lon="152.636069"><ele>57.5</ele><time>2026-01-01T03:29:30Z</time></trkpt>
<trkpt lat="-27.413894" lon="152.635999"><ele>56.9</ele><time>2026-01-01T03:29:31Z</time></trkpt>
<trkpt lat="-27.413956" lon="152.635929"><ele>56.2</ele><time>2026-01-01T03:29:32Z</time></trkpt>
<trkpt lat="-27.414078" lon="152.635783"><ele>54.6</ele><time>2026-01-01T03:29:34Z</time></trkpt>
<trkpt lat="-27.414197" lon="152.635634"><ele>52.8</ele><time>2026-01-01T03:29:36Z</time></trkpt>
<trkpt lat="-27.414475" lon="152.635312"><ele>48.2</ele><time>2026-01-01T03:29:40Z</time></trkpt>
<trkpt lat="-27.414636" lon="152.63513"><ele>45.4</ele><time>2026-01-01T03:29:42Z</time></trkpt>
<trkpt lat="-27.41472" lon="152.635036"><ele>43.9</ele><time>2026-01-01T03:29:43Z</time></trkpt>
<trkpt lat="-27.414884" lon="152.634848"><ele>41.2</ele><time>2026-01-01T03:29:45Z</time></trkpt>
<trkpt lat="-27.414968" lon="152.634759"><ele>40.1</ele><time>2026-01-01T03:29:46Z</time></trkpt>
<trkpt lat="-27.415044" lon="152.634673"><ele>39.3</ele><time>2026-01-01T03:29:47Z</time></trkpt>
<trkpt lat="-27.415116" lon="152.63459"><ele>38.6</ele><time>2026-01-01T03:29:48Z</time></trkpt>
<trkpt lat="-27.415249" lon="152.634451"><ele>37.9</ele><time>2026-01-01T03:29:50Z</time></trkpt>
<trkpt lat="-27.415311" lon="152.634406"><ele>37.7</ele><time>2026-01-01T03:29:51Z</time></trkpt>
<trkpt lat="-27.415389" lon="152.634373"><ele>36.9</ele><time>2026-01-01T03:29:52Z</time></trkpt>
<trkpt lat="-27.415441" lon="152.634364"><ele>36.3</ele><time>2026-01-01T03:29:53Z</time></trkpt>
<trkpt lat="-27.415504" lon="152.634369"><ele>35.7</ele><time>2026-01-01T03:29:54Z</time></trkpt>
<trkpt lat="-27.415567" lon="152.634389"><ele>35.1</ele><time>2026-01-01T03:29:55Z</time></trkpt>
<trkpt lat="-27.415626" lon="152.634428"><ele>34.5</ele><time>2026-01-01T03:29:56Z</time></trkpt>
<trkpt lat="-27.415929" lon="152.634668"><ele>32.4</ele><time>2026-01-01T03:30:01Z</time></trkpt>
<trkpt lat="-27.416061" lon="152.634767"><ele>31.8</ele><time>2026-01-01T03:30:03Z</time></trkpt>
<trkpt lat="-27.416129" lon="152.634815"><ele>31.6</ele><time>2026-01-01T03:30:04Z</time></trkpt>
<trkpt lat="-27.416481" lon="152.635068"><ele>30.7</ele><time>2026-01-01T03:30:09Z</time></trkpt>
<trkpt lat="-27.416625" lon="152.635164"><ele>30.4</ele><time>2026-01-01T03:30:11Z</time></trkpt>
<trkpt lat="-27.416849" lon="152.635304"><ele>30.1</ele><time>2026-01-01T03:30:14Z</time></trkpt>
<trkpt lat="-27.417081" lon="152.635436"><ele>29.7</ele><time>2026-01-01T03:30:17Z</time></trkpt>
<trkpt lat="-27.417547" lon="152.635684"><ele>29.1</ele><time>2026-01-01T03:30:23Z</time></trkpt>
<trkpt lat="-27.417705" lon="152.635768"><ele>29</ele><time>2026-01-01T03:30:25Z</time></trkpt>
<trkpt lat="-27.417785" lon="152.635811"><ele>29</ele><time>2026-01-01T03:30:26Z</time></trkpt>
<trkpt lat="-27.418335" lon="152.636116"><ele>29.1</ele><time>2026-01-01T03:30:33Z</time></trkpt>
<trkpt lat="-27.418572" lon="152.636261"><ele>29.2</ele><time>2026-01-01T03:30:36Z</time></trkpt>
<trkpt lat="-27.418778" lon="152.63639"><ele>29.5</ele><time>2026-01-01T03:30:39Z</time></trkpt>
<trkpt lat="-27.418852" lon="152.636436"><ele>29.6</ele><time>2026-01-01T03:30:40Z</time></trkpt>
<trkpt lat="-27.419202" lon="152.636666"><ele>30.2</ele><time>2026-01-01T03:30:45Z</time></trkpt>
<trkpt lat="-27.419532" lon="152.636908"><ele>30.9</ele><time>2026-01-01T03:30:50Z</time></trkpt>
<trkpt lat="-27.419721" lon="152.637054"><ele>31.2</ele><time>2026-01-01T03:30:53Z</time></trkpt>
<trkpt lat="-27.419848" lon="152.637156"><ele>31.6</ele><time>2026-01-01T03:30:55Z</time></trkpt>
<trkpt lat="-27.420283" lon="152.637523"><ele>32.5</ele><time>2026-01-01T03:31:02Z</time></trkpt>
<trkpt lat="-27.420469" lon="152.637689"><ele>32.9</ele><time>2026-01-01T03:31:05Z</time></trkpt>
<trkpt lat="-27.420708" lon="152.637904"><ele>33.5</ele><time>2026-01-01T03:31:09Z</time></trkpt>
<trkpt lat="-27.421013" lon="152.638168"><ele>34.2</ele><time>2026-01-01T03:31:14Z</time></trkpt>
<trkpt lat="-27.421365" lon="152.638468"><ele>34.9</ele><time>2026-01-01T03:31:20Z</time></trkpt>
<trkpt lat="-27.421523" lon="152.638604"><ele>35.2</ele><time>2026-01-01T03:31:23Z</time></trkpt>
<trkpt lat="-27.421589" lon="152.638661"><ele>35.3</ele><time>2026-01-01T03:31:24Z</time></trkpt>
<trkpt lat="-27.421758" lon="152.638799"><ele>35.6</ele><time>2026-01-01T03:31:27Z</time></trkpt>
<trkpt lat="-27.421871" lon="152.638891"><ele>35.9</ele><time>2026-01-01T03:31:29Z</time></trkpt>
<trkpt lat="-27.422043" lon="152.639022"><ele>36.2</ele><time>2026-01-01T03:31:32Z</time></trkpt>
<trkpt lat="-27.422509" lon="152.639341"><ele>37.3</ele><time>2026-01-01T03:31:40Z</time></trkpt>
<trkpt lat="-27.422626" lon="152.639416"><ele>37.6</ele><time>2026-01-01T03:31:42Z</time></trkpt>
<trkpt lat="-27.423052" lon="152.63963"><ele>38</ele><time>2026-01-01T03:31:49Z</time></trkpt>
<trkpt lat="-27.4231" lon="152.639649"><ele>38</ele><time>2026-01-01T03:31:50Z</time></trkpt>
<trkpt lat="-27.423539" lon="152.639799"><ele>38.3</ele><time>2026-01-01T03:31:57Z</time></trkpt>
<trkpt lat="-27.423591" lon="152.639812"><ele>38.4</ele><time>2026-01-01T03:31:58Z</time></trkpt>
<trkpt lat="-27.424082" lon="152.639896"><ele>38.8</ele><time>2026-01-01T03:32:05Z</time></trkpt>
<trkpt lat="-27.42452" lon="152.639959"><ele>39.2</ele><time>2026-01-01T03:32:11Z</time></trkpt>
<trkpt lat="-27.425062" lon="152.639965"><ele>39.7</ele><time>2026-01-01T03:32:18Z</time></trkpt>
<trkpt lat="-27.425209" lon="152.639955"><ele>39.8</ele><time>2026-01-01T03:32:20Z</time></trkpt>
<trkpt lat="-27.425495" lon="152.639938"><ele>40</ele><time>2026-01-01T03:32:24Z</time></trkpt>
<trkpt lat="-27.425768" lon="152.63992"><ele>40.1</ele><time>2026-01-01T03:32:28Z</time></trkpt>
<trkpt lat="-27.426359" lon="152.639881"><ele>39.8</ele><time>2026-01-01T03:32:36Z</time></trkpt>
<trkpt lat="-27.426572" lon="152.639862"><ele>39.6</ele><time>2026-01-01T03:32:39Z</time></trkpt>
<trkpt lat="-27.427186" lon="152.639826"><ele>38.8</ele><time>2026-01-01T03:32:47Z</time></trkpt>
<trkpt lat="-27.427339" lon="152.639814"><ele>38.6</ele><time>2026-01-01T03:32:49Z</time></trkpt>
<trkpt lat="-27.427645" lon="152.639799"><ele>38.3</ele><time>2026-01-01T03:32:53Z</time></trkpt>
<trkpt lat="-27.427878" lon="152.63979"><ele>38</ele><time>2026-01-01T03:32:56Z</time></trkpt>
<trkpt lat="-27.427956" lon="152.639787"><ele>37.9</ele><time>2026-01-01T03:32:57Z</time></trkpt>
<trkpt lat="-27.428106" lon="152.639781"><ele>37.7</ele><time>2026-01-01T03:32:59Z</time></trkpt>
<trkpt lat="-27.428181" lon="152.639779"><ele>37.6</ele><time>2026-01-01T03:33:00Z</time></trkpt>
<trkpt lat="-27.428412" lon="152.639769"><ele>37.3</ele><time>2026-01-01T03:33:03Z</time></trkpt>
<trkpt lat="-27.428735" lon="152.63975"><ele>37</ele><time>2026-01-01T03:33:07Z</time></trkpt>
<trkpt lat="-27.429079" lon="152.639721"><ele>36.8</ele><time>2026-01-01T03:33:11Z</time></trkpt>
<trkpt lat="-27.429669" lon="152.639681"><ele>36.9</ele><time>2026-01-01T03:33:18Z</time></trkpt>
<trkpt lat="-27.429745" lon="152.639675"><ele>37</ele><time>2026-01-01T03:33:19Z</time></trkpt>
<trkpt lat="-27.430315" lon="152.639635"><ele>36.7</ele><time>2026-01-01T03:33:26Z</time></trkpt>
<trkpt lat="-27.43057" lon="152.639616"><ele>36.7</ele><time>2026-01-01T03:33:29Z</time></trkpt>
<trkpt lat="-27.43089" lon="152.6396"><ele>36.7</ele><time>2026-01-01T03:33:33Z</time></trkpt>
<trkpt lat="-27.43145" lon="152.639571"><ele>36.7</ele><time>2026-01-01T03:33:40Z</time></trkpt>
<trkpt lat="-27.431529" lon="152.639564"><ele>36.7</ele><time>2026-01-01T03:33:41Z</time></trkpt>
<trkpt lat="-27.431677" lon="152.639553"><ele>36.7</ele><time>2026-01-01T03:33:43Z</time></trkpt>
<trkpt lat="-27.431775" lon="152.639548"><ele>36.7</ele><time>2026-01-01T03:33:44Z</time></trkpt>
<trkpt lat="-27.432342" lon="152.639524"><ele>36.9</ele><time>2026-01-01T03:33:51Z</time></trkpt>
<trkpt lat="-27.432421" lon="152.63952"><ele>37</ele><time>2026-01-01T03:33:52Z</time></trkpt>
<trkpt lat="-27.432892" lon="152.639446"><ele>37.3</ele><time>2026-01-01T03:33:58Z</time></trkpt>
<trkpt lat="-27.432954" lon="152.639432"><ele>37.4</ele><time>2026-01-01T03:33:59Z</time></trkpt>
<trkpt lat="-27.433408" lon="152.639277"><ele>37.8</ele><time>2026-01-01T03:34:05Z</time></trkpt>
<trkpt lat="-27.433477" lon="152.639249"><ele>37.9</ele><time>2026-01-01T03:34:06Z</time></trkpt>
<trkpt lat="-27.433854" lon="152.639062"><ele>38.2</ele><time>2026-01-01T03:34:12Z</time></trkpt>
<trkpt lat="-27.433969" lon="152.63899"><ele>38.2</ele><time>2026-01-01T03:34:14Z</time></trkpt>
<trkpt lat="-27.434029" lon="152.638951"><ele>38.2</ele><time>2026-01-01T03:34:15Z</time></trkpt>
<trkpt lat="-27.43432" lon="152.638745"><ele>38.3</ele><time>2026-01-01T03:34:20Z</time></trkpt>
<trkpt lat="-27.434738" lon="152.638375"><ele>37.9</ele><time>2026-01-01T03:34:28Z</time></trkpt>
<trkpt lat="-27.434905" lon="152.6382"><ele>37.5</ele><time>2026-01-01T03:34:31Z</time></trkpt>
<trkpt lat="-27.435022" lon="152.638075"><ele>37</ele><time>2026-01-01T03:34:33Z</time></trkpt>
<trkpt lat="-27.43513" lon="152.637964"><ele>36.6</ele><time>2026-01-01T03:34:35Z</time></trkpt>
<trkpt lat="-27.435205" lon="152.637895"><ele>36.4</ele><time>2026-01-01T03:34:36Z</time></trkpt>
<trkpt lat="-27.435405" lon="152.63772"><ele>35.7</ele><time>2026-01-01T03:34:39Z</time></trkpt>
<trkpt lat="-27.435471" lon="152.637661"><ele>35.4</ele><time>2026-01-01T03:34:40Z</time></trkpt>
<trkpt lat="-27.435766" lon="152.637451"><ele>34.9</ele><time>2026-01-01T03:34:44Z</time></trkpt>
<trkpt lat="-27.436331" lon="152.637144"><ele>35.2</ele><time>2026-01-01T03:34:51Z</time></trkpt>
<trkpt lat="-27.436496" lon="152.637068"><ele>35</ele><time>2026-01-01T03:34:53Z</time></trkpt>
<trkpt lat="-27.436733" lon="152.636981"><ele>35</ele><time>2026-01-01T03:34:56Z</time></trkpt>
<trkpt lat="-27.436996" lon="152.636904"><ele>35</ele><time>2026-01-01T03:34:59Z</time></trkpt>
<trkpt lat="-27.437531" lon="152.636815"><ele>36</ele><time>2026-01-01T03:35:05Z</time></trkpt>
<trkpt lat="-27.437614" lon="152.636807"><ele>36.4</ele><time>2026-01-01T03:35:06Z</time></trkpt>
<trkpt lat="-27.437999" lon="152.6368"><ele>39.1</ele><time>2026-01-01T03:35:11Z</time></trkpt>
<trkpt lat="-27.438193" lon="152.636811"><ele>40.5</ele><time>2026-01-01T03:35:14Z</time></trkpt>
<trkpt lat="-27.438275" lon="152.636818"><ele>41.1</ele><time>2026-01-01T03:35:15Z</time></trkpt>
<trkpt lat="-27.438469" lon="152.636843"><ele>42.4</ele><time>2026-01-01T03:35:18Z</time></trkpt>
<trkpt lat="-27.438581" lon="152.636865"><ele>43.1</ele><time>2026-01-01T03:35:20Z</time></trkpt>
<trkpt lat="-27.438839" lon="152.636918"><ele>44.4</ele><time>2026-01-01T03:35:24Z</time></trkpt>
<trkpt lat="-27.439021" lon="152.636962"><ele>45.2</ele><time>2026-01-01T03:35:27Z</time></trkpt>
<trkpt lat="-27.43908" lon="152.636979"><ele>45.4</ele><time>2026-01-01T03:35:28Z</time></trkpt>
<trkpt lat="-27.43925" lon="152.637035"><ele>45.9</ele><time>2026-01-01T03:35:31Z</time></trkpt>
<trkpt lat="-27.439305" lon="152.637056"><ele>46.1</ele><time>2026-01-01T03:35:32Z</time></trkpt>
<trkpt lat="-27.439361" lon="152.637079"><ele>46.2</ele><time>2026-01-01T03:35:33Z</time></trkpt>
<trkpt lat="-27.439701" lon="152.637235"><ele>46.7</ele><time>2026-01-01T03:35:39Z</time></trkpt>
<trkpt lat="-27.439756" lon="152.637265"><ele>46.7</ele><time>2026-01-01T03:35:40Z</time></trkpt>
<trkpt lat="-27.43986" lon="152.637323"><ele>46.7</ele><time>2026-01-01T03:35:42Z</time></trkpt>
<trkpt lat="-27.440099" lon="152.637465"><ele>46.5</ele><time>2026-01-01T03:35:46Z</time></trkpt>
<trkpt lat="-27.440319" lon="152.637615"><ele>46.2</ele><time>2026-01-01T03:35:50Z</time></trkpt>
<trkpt lat="-27.440428" lon="152.637698"><ele>46</ele><time>2026-01-01T03:35:52Z</time></trkpt>
<trkpt lat="-27.440854" lon="152.638079"><ele>45.2</ele><time>2026-01-01T03:36:00Z</time></trkpt>
<trkpt lat="-27.441073" lon="152.638302"><ele>44.9</ele><time>2026-01-01T03:36:04Z</time></trkpt>
<trkpt lat="-27.441248" lon="152.638484"><ele>44.4</ele><time>2026-01-01T03:36:07Z</time></trkpt>
<trkpt lat="-27.441651" lon="152.638921"><ele>43.5</ele><time>2026-01-01T03:36:14Z</time></trkpt>
<trkpt lat="-27.44183" lon="152.639113"><ele>43.5</ele><time>2026-01-01T03:36:17Z</time></trkpt>
<trkpt lat="-27.442232" lon="152.639553"><ele>44.3</ele><time>2026-01-01T03:36:24Z</time></trkpt>
<trkpt lat="-27.442664" lon="152.640008"><ele>45.4</ele><time>2026-01-01T03:36:32Z</time></trkpt>
<trkpt lat="-27.442718" lon="152.640067"><ele>45.6</ele><time>2026-01-01T03:36:33Z</time></trkpt>
<trkpt lat="-27.442824" lon="152.640185"><ele>45.9</ele><time>2026-01-01T03:36:35Z</time></trkpt>
<trkpt lat="-27.443245" lon="152.640634"><ele>46.9</ele><time>2026-01-01T03:36:43Z</time></trkpt>
<trkpt lat="-27.443296" lon="152.640693"><ele>47</ele><time>2026-01-01T03:36:44Z</time></trkpt>
<trkpt lat="-27.443725" lon="152.641154"><ele>47.2</ele><time>2026-01-01T03:36:52Z</time></trkpt>
<trkpt lat="-27.443957" lon="152.641398"><ele>47.1</ele><time>2026-01-01T03:36:56Z</time></trkpt>
<trkpt lat="-27.444387" lon="152.641859"><ele>47.3</ele><time>2026-01-01T03:37:04Z</time></trkpt>
<trkpt lat="-27.444442" lon="152.641919"><ele>47.2</ele><time>2026-01-01T03:37:05Z</time></trkpt>
<trkpt lat="-27.444883" lon="152.642391"><ele>47.1</ele><time>2026-01-01T03:37:13Z</time></trkpt>
<trkpt lat="-27.445052" lon="152.642573"><ele>47.2</ele><time>2026-01-01T03:37:16Z</time></trkpt>
<trkpt lat="-27.445272" lon="152.642813"><ele>47.2</ele><time>2026-01-01T03:37:20Z</time></trkpt>
<trkpt lat="-27.44565" lon="152.643231"><ele>47.5</ele><time>2026-01-01T03:37:27Z</time></trkpt>
</trkseg>
<trkseg>
<trkpt lat="-27.462536" lon="152.649057"><ele>83</ele><time>2026-01-01T04:09:41Z</time></trkpt>
<trkpt lat="-27.462567" lon="152.649049"><ele>83.2</ele><time>2026-01-01T04:09:42Z</time></trkpt>
<trkpt lat="-27.46284" lon="152.648993"><ele>83.7</ele><time>2026-01-01T04:09:50Z</time></trkpt>
<trkpt lat="-27.463183" lon="152.64891"><ele>82.9</ele><time>2026-01-01T04:09:58Z</time></trkpt>
<trkpt lat="-27.463615" lon="152.648802"><ele>80.6</ele><time>2026-01-01T04:10:06Z</time></trkpt>
<trkpt lat="-27.464004" lon="152.648706"><ele>79.5</ele><time>2026-01-01T04:10:12Z</time></trkpt>
<trkpt lat="-27.464479" lon="152.648569"><ele>81.7</ele><time>2026-01-01T04:10:19Z</time></trkpt>
<trkpt lat="-27.46469" lon="152.648509"><ele>83.8</ele><time>2026-01-01T04:10:23Z</time></trkpt>
<trkpt lat="-27.46475" lon="152.648496"><ele>84.4</ele><time>2026-01-01T04:10:24Z</time></trkpt>
<trkpt lat="-27.464833" lon="152.648479"><ele>85.2</ele><time>2026-01-01T04:10:26Z</time></trkpt>
<trkpt lat="-27.464986" lon="152.648429"><ele>86.8</ele><time>2026-01-01T04:10:30Z</time></trkpt>
<trkpt lat="-27.465062" lon="152.648402"><ele>87.6</ele><time>2026-01-01T04:10:32Z</time></trkpt>
<trkpt lat="-27.4651" lon="152.648392"><ele>88</ele><time>2026-01-01T04:10:33Z</time></trkpt>
<trkpt lat="-27.465201" lon="152.648355"><ele>89</ele><time>2026-01-01T04:10:36Z</time></trkpt>
<trkpt lat="-27.465243" lon="152.648347"><ele>89.4</ele><time>2026-01-01T04:10:37Z</time></trkpt>
<trkpt lat="-27.465367" lon="152.648327"><ele>90.5</ele><time>2026-01-01T04:10:40Z</time></trkpt>
<trkpt lat="-27.465438" lon="152.648308"><ele>91.1</ele><time>2026-01-01T04:10:42Z</time></trkpt>
<trkpt lat="-27.465476" lon="152.648295"><ele>91.4</ele><time>2026-01-01T04:10:43Z</time></trkpt>
<trkpt lat="-27.465631" lon="152.648255"><ele>92.4</ele><time>2026-01-01T04:10:47Z</time></trkpt>
<trkpt lat="-27.465705" lon="152.648228"><ele>92.9</ele><time>2026-01-01T04:10:49Z</time></trkpt>
<trkpt lat="-27.465748" lon="152.648219"><ele>93.1</ele><time>2026-01-01T04:10:50Z</time></trkpt>
<trkpt lat="-27.465898" lon="152.648177"><ele>93.6</ele><time>2026-01-01T04:10:54Z</time></trkpt>
<trkpt lat="-27.466262" lon="152.648074"><ele>93.6</ele><time>2026-01-01T04:11:02Z</time></trkpt>
<trkpt lat="-27.466604" lon="152.64799"><ele>92.4</ele><time>2026-01-01T04:11:08Z</time></trkpt>
<trkpt lat="-27.466957" lon="152.647922"><ele>91.4</ele><time>2026-01-01T04:11:13Z</time></trkpt>
<trkpt lat="-27.467017" lon="152.647913"><ele>91.3</ele><time>2026-01-01T04:11:14Z</time></trkpt>
<trkpt lat="-27.467486" lon="152.647856"><ele>90.4</ele><time>2026-01-01T04:11:20Z</time></trkpt>
<trkpt lat="-27.467712" lon="152.647831"><ele>90.1</ele><time>2026-01-01T04:11:23Z</time></trkpt>
<trkpt lat="-27.468082" lon="152.647774"><ele>89.3</ele><time>2026-01-01T04:11:28Z</time></trkpt>
<trkpt lat="-27.468243" lon="152.647751"><ele>89</ele><time>2026-01-01T04:11:30Z</time></trkpt>
<trkpt lat="-27.468568" lon="152.647702"><ele>88.1</ele><time>2026-01-01T04:11:34Z</time></trkpt>
<trkpt lat="-27.468643" lon="152.647693"><ele>87.8</ele><time>2026-01-01T04:11:35Z</time></trkpt>
<trkpt lat="-27.469065" lon="152.647651"><ele>86.6</ele><time>2026-01-01T04:11:40Z</time></trkpt>
<trkpt lat="-27.469156" lon="152.647638"><ele>86.5</ele><time>2026-01-01T04:11:41Z</time></trkpt>
<trkpt lat="-27.469321" lon="152.647615"><ele>86.2</ele><time>2026-01-01T04:11:43Z</time></trkpt>
<trkpt lat="-27.469583" lon="152.647574"><ele>86</ele><time>2026-01-01T04:11:46Z</time></trkpt>
<trkpt lat="-27.469689" lon="152.647545"><ele>85.9</ele><time>2026-01-01T04:11:47Z</time></trkpt>
<trkpt lat="-27.470116" lon="152.647345"><ele>85.7</ele><time>2026-01-01T04:11:52Z</time></trkpt>
<trkpt lat="-27.470688" lon="152.64706"><ele>85.6</ele><time>2026-01-01T04:11:59Z</time></trkpt>
<trkpt lat="-27.470785" lon="152.647012"><ele>85.7</ele><time>2026-01-01T04:12:00Z</time></trkpt>
<trkpt lat="-27.471222" lon="152.646784"><ele>86.3</ele><time>2026-01-01T04:12:06Z</time></trkpt>
<trkpt lat="-27.471378" lon="152.6467"><ele>86.5</ele><time>2026-01-01T04:12:08Z</time></trkpt>
<trkpt lat="-27.471815" lon="152.646407"><ele>87.2</ele><time>2026-01-01T04:12:15Z</time></trkpt>
<trkpt lat="-27.472215" lon="152.646146"><ele>87.3</ele><time>2026-01-01T04:12:21Z</time></trkpt>
<trkpt lat="-27.472643" lon="152.645919"><ele>86.7</ele><time>2026-01-01T04:12:27Z</time></trkpt>
<trkpt lat="-27.472927" lon="152.645794"><ele>86.3</ele><time>2026-01-01T04:12:31Z</time></trkpt>
<trkpt lat="-27.473003" lon="152.645761"><ele>86.3</ele><time>2026-01-01T04:12:32Z</time></trkpt>
<trkpt lat="-27.473236" lon="152.645671"><ele>86.4</ele><time>2026-01-01T04:12:35Z</time></trkpt>
<trkpt lat="-27.473338" lon="152.645636"><ele>86.5</ele><time>2026-01-01T04:12:36Z</time></trkpt>
<trkpt lat="-27.473918" lon="152.645484"><ele>87.5</ele><time>2026-01-01T04:12:44Z</time></trkpt>
<trkpt lat="-27.47436" lon="152.645383"><ele>88.4</ele><time>2026-01-01T04:12:50Z</time></trkpt>
<trkpt lat="-27.474489" lon="152.64536"><ele>88.6</ele><time>2026-01-01T04:12:52Z</time></trkpt>
<trkpt lat="-27.474794" lon="152.645303"><ele>89.4</ele><time>2026-01-01T04:12:56Z</time></trkpt>
<trkpt lat="-27.475051" lon="152.645245"><ele>89.9</ele><time>2026-01-01T04:13:00Z</time></trkpt>
<trkpt lat="-27.475583" lon="152.645128"><ele>89</ele><time>2026-01-01T04:13:08Z</time></trkpt>
<trkpt lat="-27.476052" lon="152.645083"><ele>85.4</ele><time>2026-01-01T04:13:14Z</time></trkpt>
<trkpt lat="-27.476167" lon="152.645076"><ele>84.2</ele><time>2026-01-01T04:13:15Z</time></trkpt>
<trkpt lat="-27.47625" lon="152.645073"><ele>83.4</ele><time>2026-01-01T04:13:16Z</time></trkpt>
<trkpt lat="-27.476491" lon="152.645065"><ele>80.7</ele><time>2026-01-01T04:13:18Z</time></trkpt>
<trkpt lat="-27.476605" lon="152.64506"><ele>79.5</ele><time>2026-01-01T04:13:19Z</time></trkpt>
<trkpt lat="-27.476845" lon="152.645056"><ele>77.2</ele><time>2026-01-01T04:13:21Z</time></trkpt>
<trkpt lat="-27.477068" lon="152.645051"><ele>75.4</ele><time>2026-01-01T04:13:23Z</time></trkpt>
<trkpt lat="-27.477194" lon="152.645044"><ele>74.4</ele><time>2026-01-01T04:13:24Z</time></trkpt>
<trkpt lat="-27.477321" lon="152.645036"><ele>73.6</ele><time>2026-01-01T04:13:25Z</time></trkpt>
<trkpt lat="-27.477985" lon="152.645009"><ele>69.8</ele><time>2026-01-01T04:13:30Z</time></trkpt>
<trkpt lat="-27.478575" lon="152.644951"><ele>66.5</ele><time>2026-01-01T04:13:35Z</time></trkpt>
<trkpt lat="-27.478691" lon="152.64493"><ele>65.8</ele><time>2026-01-01T04:13:36Z</time></trkpt>
<trkpt lat="-27.478832" lon="152.6449"><ele>65</ele><time>2026-01-01T04:13:37Z</time></trkpt>
<trkpt lat="-27.478929" lon="152.644877"><ele>64.4</ele><time>2026-01-01T04:13:38Z</time></trkpt>
<trkpt lat="-27.479307" lon="152.644773"><ele>62</ele><time>2026-01-01T04:13:41Z</time></trkpt>
<trkpt lat="-27.479425" lon="152.644744"><ele>61.1</ele><time>2026-01-01T04:13:42Z</time></trkpt>
<trkpt lat="-27.479638" lon="152.644696"><ele>59.6</ele><time>2026-01-01T04:13:44Z</time></trkpt>
<trkpt lat="-27.479756" lon="152.644667"><ele>58.7</ele><time>2026-01-01T04:13:45Z</time></trkpt>
<trkpt lat="-27.479873" lon="152.644633"><ele>57.9</ele><time>2026-01-01T04:13:46Z</time></trkpt>
<trkpt lat="-27.479992" lon="152.6446"><ele>57.1</ele><time>2026-01-01T04:13:47Z</time></trkpt>
<trkpt lat="-27.480141" lon="152.644562"><ele>56.3</ele><time>2026-01-01T04:13:48Z</time></trkpt>
<trkpt lat="-27.480272" lon="152.644534"><ele>55.6</ele><time>2026-01-01T04:13:49Z</time></trkpt>
<trkpt lat="-27.480525" lon="152.644471"><ele>54.7</ele><time>2026-01-01T04:13:51Z</time></trkpt>
<trkpt lat="-27.480894" lon="152.64439"><ele>54.2</ele><time>2026-01-01T04:13:54Z</time></trkpt>
<trkpt lat="-27.481013" lon="152.644364"><ele>54.1</ele><time>2026-01-01T04:13:55Z</time></trkpt>
<trkpt lat="-27.481244" lon="152.644308"><ele>53.6</ele><time>2026-01-01T04:13:57Z</time></trkpt>
<trkpt lat="-27.481539" lon="152.644227"><ele>54.1</ele><time>2026-01-01T04:14:00Z</time></trkpt>
<trkpt lat="-27.481915" lon="152.644156"><ele>56.2</ele><time>2026-01-01T04:14:04Z</time></trkpt>
<trkpt lat="-27.482331" lon="152.644059"><ele>59.4</ele><time>2026-01-01T04:14:10Z</time></trkpt>
<trkpt lat="-27.482562" lon="152.644001"><ele>60.6</ele><time>2026-01-01T04:14:14Z</time></trkpt>
<trkpt lat="-27.482674" lon="152.643974"><ele>61</ele><time>2026-01-01T04:14:16Z</time></trkpt>
<trkpt lat="-27.482719" lon="152.643967"><ele>61.1</ele><time>2026-01-01T04:14:17Z</time></trkpt>
<trkpt lat="-27.482788" lon="152.643957"><ele>61.2</ele><time>2026-01-01T04:14:18Z</time></trkpt>
<trkpt lat="-27.482842" lon="152.643943"><ele>61.3</ele><time>2026-01-01T04:14:19Z</time></trkpt>
<trkpt lat="-27.48294" lon="152.643914"><ele>61.3</ele><time>2026-01-01T04:14:21Z</time></trkpt>
<trkpt lat="-27.483" lon="152.6439"><ele>61.4</ele><time>2026-01-01T04:14:22Z</time></trkpt>
<trkpt lat="-27.483356" lon="152.643822"><ele>61</ele><time>2026-01-01T04:14:28Z</time></trkpt>
<trkpt lat="-27.483483" lon="152.643792"><ele>60.8</ele><time>2026-01-01T04:14:30Z</time></trkpt>
<trkpt lat="-27.483562" lon="152.643772"><ele>60.7</ele><time>2026-01-01T04:14:31Z</time></trkpt>
<trkpt lat="-27.483686" lon="152.643748"><ele>60.5</ele><time>2026-01-01T04:14:33Z</time></trkpt>
<trkpt lat="-27.483978" lon="152.643688"><ele>60.4</ele><time>2026-01-01T04:14:37Z</time></trkpt>
<trkpt lat="-27.484035" lon="152.643679"><ele>60.5</ele><time>2026-01-01T04:14:38Z</time></trkpt>
<trkpt lat="-27.484562" lon="152.643566"><ele>63</ele><time>2026-01-01T04:14:46Z</time></trkpt>
<trkpt lat="-27.484606" lon="152.643557"><ele>63.4</ele><time>2026-01-01T04:14:47Z</time></trkpt>
<trkpt lat="-27.484868" lon="152.643507"><ele>65.6</ele><time>2026-01-01T04:14:52Z</time></trkpt>
<trkpt lat="-27.48496" lon="152.643491"><ele>66.5</ele><time>2026-01-01T04:14:54Z</time></trkpt>
<trkpt lat="-27.485091" lon="152.64346"><ele>67.8</ele><time>2026-01-01T04:14:57Z</time></trkpt>
<trkpt lat="-27.485141" lon="152.643447"><ele>68.3</ele><time>2026-01-01T04:14:58Z</time></trkpt>
<trkpt lat="-27.485253" lon="152.64343"><ele>69.4</ele><time>2026-01-01T04:15:01Z</time></trkpt>
<trkpt lat="-27.485345" lon="152.643417"><ele>70.3</ele><time>2026-01-01T04:15:03Z</time></trkpt>
<trkpt lat="-27.485475" lon="152.64339"><ele>71.3</ele><time>2026-01-01T04:15:06Z</time></trkpt>
<trkpt lat="-27.485513" lon="152.643384"><ele>71.6</ele><time>2026-01-01T04:15:07Z</time></trkpt>
<trkpt lat="-27.485648" lon="152.643373"><ele>72.4</ele><time>2026-01-01T04:15:10Z</time></trkpt>
<trkpt lat="-27.48581" lon="152.643347"><ele>73.1</ele><time>2026-01-01T04:15:14Z</time></trkpt>
<trkpt lat="-27.486095" lon="152.64329"><ele>73.6</ele><time>2026-01-01T04:15:21Z</time></trkpt>
<trkpt lat="-27.486216" lon="152.643272"><ele>73.4</ele><time>2026-01-01T04:15:24Z</time></trkpt>
<trkpt lat="-27.4863" lon="152.643269"><ele>73.1</ele><time>2026-01-01T04:15:27Z</time></trkpt>
<trkpt lat="-27.486304" lon="152.64327"><ele>73</ele><time>2026-01-01T04:15:29Z</time></trkpt>
<trkpt lat="-27.486347" lon="152.643253"><ele>72.8</ele><time>2026-01-01T04:17:22Z</time></trkpt>
<trkpt lat="-27.486367" lon="152.643245"><ele>72.7</ele><time>2026-01-01T04:17:23Z</time></trkpt>
<trkpt lat="-27.486441" lon="152.643219"><ele>72.3</ele><time>2026-01-01T04:17:26Z</time></trkpt>
<trkpt lat="-27.486523" lon="152.643202"><ele>71.9</ele><time>2026-01-01T04:17:28Z</time></trkpt>
<trkpt lat="-27.486745" lon="152.643153"><ele>70.3</ele><time>2026-01-01T04:17:32Z</time></trkpt>
<trkpt lat="-27.486803" lon="152.643141"><ele>69.9</ele><time>2026-01-01T04:17:33Z</time></trkpt>
<trkpt lat="-27.48686" lon="152.643132"><ele>69.4</ele><time>2026-01-01T04:17:34Z</time></trkpt>
<trkpt lat="-27.486914" lon="152.643134"><ele>69</ele><time>2026-01-01T04:17:35Z</time></trkpt>
<trkpt lat="-27.486987" lon="152.643128"><ele>68.4</ele><time>2026-01-01T04:17:36Z</time></trkpt>
<trkpt lat="-27.487116" lon="152.643103"><ele>67.3</ele><time>2026-01-01T04:17:38Z</time></trkpt>
<trkpt lat="-27.487191" lon="152.643086"><ele>66.7</ele><time>2026-01-01T04:17:39Z</time></trkpt>
<trkpt lat="-27.487438" lon="152.643035"><ele>64.8</ele><time>2026-01-01T04:17:42Z</time></trkpt>
<trkpt lat="-27.487614" lon="152.643005"><ele>63.5</ele><time>2026-01-01T04:17:44Z</time></trkpt>
<trkpt lat="-27.487722" lon="152.642988"><ele>62.8</ele><time>2026-01-01T04:17:45Z</time></trkpt>
<trkpt lat="-27.488095" lon="152.642912"><ele>60</ele><time>2026-01-01T04:17:49Z</time></trkpt>
<trkpt lat="-27.488304" lon="152.642866"><ele>58.5</ele><time>2026-01-01T04:17:51Z</time></trkpt>
<trkpt lat="-27.488537" lon="152.642822"><ele>56.8</ele><time>2026-01-01T04:17:53Z</time></trkpt>
<trkpt lat="-27.488732" lon="152.642786"><ele>55.5</ele><time>2026-01-01T04:17:55Z</time></trkpt>
<trkpt lat="-27.488953" lon="152.642745"><ele>54.1</ele><time>2026-01-01T04:17:57Z</time></trkpt>
<trkpt lat="-27.489064" lon="152.642723"><ele>53.5</ele><time>2026-01-01T04:17:58Z</time></trkpt>
<trkpt lat="-27.489175" lon="152.642702"><ele>52.9</ele><time>2026-01-01T04:17:59Z</time></trkpt>
<trkpt lat="-27.489394" lon="152.64266"><ele>51.5</ele><time>2026-01-01T04:18:01Z</time></trkpt>
<trkpt lat="-27.489504" lon="152.642639"><ele>50.8</ele><time>2026-01-01T04:18:02Z</time></trkpt>
<trkpt lat="-27.489616" lon="152.642619"><ele>50.1</ele><time>2026-01-01T04:18:03Z</time></trkpt>
<trkpt lat="-27.489726" lon="152.642599"><ele>49.4</ele><time>2026-01-01T04:18:04Z</time></trkpt>
<trkpt lat="-27.490271" lon="152.642494"><ele>46.9</ele><time>2026-01-01T04:18:09Z</time></trkpt>
<trkpt lat="-27.49048" lon="152.642456"><ele>46.6</ele><time>2026-01-01T04:18:11Z</time></trkpt>
<trkpt lat="-27.490585" lon="152.642436"><ele>46.6</ele><time>2026-01-01T04:18:12Z</time></trkpt>
<trkpt lat="-27.49121" lon="152.642316"><ele>47.3</ele><time>2026-01-01T04:18:18Z</time></trkpt>
<trkpt lat="-27.491281" lon="152.642306"><ele>47.5</ele><time>2026-01-01T04:18:19Z</time></trkpt>
<trkpt lat="-27.491655" lon="152.64224"><ele>47.7</ele><time>2026-01-01T04:18:23Z</time></trkpt>
<trkpt lat="-27.491725" lon="152.642226"><ele>47.8</ele><time>2026-01-01T04:18:24Z</time></trkpt>
<trkpt lat="-27.49207" lon="152.642168"><ele>48.2</ele><time>2026-01-01T04:18:28Z</time></trkpt>
<trkpt lat="-27.49249" lon="152.642093"><ele>48.5</ele><time>2026-01-01T04:18:33Z</time></trkpt>
<trkpt lat="-27.492551" lon="152.642083"><ele>48.6</ele><time>2026-01-01T04:18:34Z</time></trkpt>
<trkpt lat="-27.492795" lon="152.64204"><ele>48.7</ele><time>2026-01-01T04:18:37Z</time></trkpt>
<trkpt lat="-27.492933" lon="152.64201"><ele>48.8</ele><time>2026-01-01T04:18:39Z</time></trkpt>
<trkpt lat="-27.493391" lon="152.641931"><ele>49.3</ele><time>2026-01-01T04:18:45Z</time></trkpt>
<trkpt lat="-27.493608" lon="152.641888"><ele>49.6</ele><time>2026-01-01T04:18:48Z</time></trkpt>
<trkpt lat="-27.493752" lon="152.641862"><ele>49.9</ele><time>2026-01-01T04:18:50Z</time></trkpt>
<trkpt lat="-27.493823" lon="152.641848"><ele>50.1</ele><time>2026-01-01T04:18:51Z</time></trkpt>
<trkpt lat="-27.49397" lon="152.641819"><ele>50.3</ele><time>2026-01-01T04:18:53Z</time></trkpt>
<trkpt lat="-27.494043" lon="152.641806"><ele>50.5</ele><time>2026-01-01T04:18:54Z</time></trkpt>
<trkpt lat="-27.494404" lon="152.641742"><ele>51.7</ele><time>2026-01-01T04:18:58Z</time></trkpt>
<trkpt lat="-27.494556" lon="152.641713"><ele>52.4</ele><time>2026-01-01T04:19:01Z</time></trkpt>
<trkpt lat="-27.494612" lon="152.641702"><ele>52.6</ele><time>2026-01-01T04:19:02Z</time></trkpt>
<trkpt lat="-27.494941" lon="152.641651"><ele>54.2</ele><time>2026-01-01T04:19:07Z</time></trkpt>
<trkpt lat="-27.495003" lon="152.641638"><ele>54.5</ele><time>2026-01-01T04:19:08Z</time></trkpt>
<trkpt lat="-27.495182" lon="152.641602"><ele>55.3</ele><time>2026-01-01T04:19:11Z</time></trkpt>
<trkpt lat="-27.495407" lon="152.641553"><ele>56.2</ele><time>2026-01-01T04:19:15Z</time></trkpt>
<trkpt lat="-27.495686" lon="152.641501"><ele>57.1</ele><time>2026-01-01T04:19:20Z</time></trkpt>
<trkpt lat="-27.495743" lon="152.641488"><ele>57.3</ele><time>2026-01-01T04:19:21Z</time></trkpt>
<trkpt lat="-27.49586" lon="152.641461"><ele>57.5</ele><time>2026-01-01T04:19:23Z</time></trkpt>
<trkpt lat="-27.49623" lon="152.641394"><ele>57.8</ele><time>2026-01-01T04:19:29Z</time></trkpt>
<trkpt lat="-27.496761" lon="152.641294"><ele>57.6</ele><time>2026-01-01T04:19:37Z</time></trkpt>
<trkpt lat="-27.496973" lon="152.641251"><ele>56.9</ele><time>2026-01-01T04:19:40Z</time></trkpt>
<trkpt lat="-27.497195" lon="152.641213"><ele>55.7</ele><time>2026-01-01T04:19:43Z</time></trkpt>
<trkpt lat="-27.497359" lon="152.641183"><ele>54.5</ele><time>2026-01-01T04:19:45Z</time></trkpt>
<trkpt lat="-27.497443" lon="152.641169"><ele>53.8</ele><time>2026-01-01T04:19:46Z</time></trkpt>
<trkpt lat="-27.497534" lon="152.64115"><ele>52.9</ele><time>2026-01-01T04:19:47Z</time></trkpt>
<trkpt lat="-27.49773" lon="152.641111"><ele>50.7</ele><time>2026-01-01T04:19:49Z</time></trkpt>
<trkpt lat="-27.497936" lon="152.641071"><ele>48.6</ele><time>2026-01-01T04:19:51Z</time></trkpt>
<trkpt lat="-27.498046" lon="152.641052"><ele>47.7</ele><time>2026-01-01T04:19:52Z</time></trkpt>
<trkpt lat="-27.498272" lon="152.641009"><ele>46.4</ele><time>2026-01-01T04:19:54Z</time></trkpt>
<trkpt lat="-27.498488" lon="152.640966"><ele>45.9</ele><time>2026-01-01T04:19:56Z</time></trkpt>
<trkpt lat="-27.498896" lon="152.640876"><ele>45.9</ele><time>2026-01-01T04:20:00Z</time></trkpt>
<trkpt lat="-27.498993" lon="152.640853"><ele>46</ele><time>2026-01-01T04:20:01Z</time></trkpt>
<trkpt lat="-27.499565" lon="152.640743"><ele>46.2</ele><time>2026-01-01T04:20:07Z</time></trkpt>
<trkpt lat="-27.499744" lon="152.640711"><ele>46.2</ele><time>2026-01-01T04:20:09Z</time></trkpt>
<trkpt lat="-27.500105" lon="152.640646"><ele>46</ele><time>2026-01-01T04:20:13Z</time></trkpt>
<trkpt lat="-27.500195" lon="152.640629"><ele>45.9</ele><time>2026-01-01T04:20:14Z</time></trkpt>
<trkpt lat="-27.500283" lon="152.640614"><ele>45.7</ele><time>2026-01-01T04:20:15Z</time></trkpt>
<trkpt lat="-27.50037" lon="152.640598"><ele>45.6</ele><time>2026-01-01T04:20:16Z</time></trkpt>
<trkpt lat="-27.500633" lon="152.640554"><ele>45.9</ele><time>2026-01-01T04:20:19Z</time></trkpt>
<trkpt lat="-27.500799" lon="152.640526"><ele>46.3</ele><time>2026-01-01T04:20:21Z</time></trkpt>
<trkpt lat="-27.50088" lon="152.640511"><ele>46.5</ele><time>2026-01-01T04:20:22Z</time></trkpt>
<trkpt lat="-27.501037" lon="152.640481"><ele>46.8</ele><time>2026-01-01T04:20:24Z</time></trkpt>
<trkpt lat="-27.501194" lon="152.640452"><ele>47</ele><time>2026-01-01T04:20:26Z</time></trkpt>
<trkpt lat="-27.501437" lon="152.640414"><ele>47.4</ele><time>2026-01-01T04:20:29Z</time></trkpt>
<trkpt lat="-27.501831" lon="152.640344"><ele>47.8</ele><time>2026-01-01T04:20:34Z</time></trkpt>
<trkpt lat="-27.50198" lon="152.640314"><ele>47.8</ele><time>2026-01-01T04:20:36Z</time></trkpt>
<trkpt lat="-27.502134" lon="152.640288"><ele>47.9</ele><time>2026-01-01T04:20:38Z</time></trkpt>
<trkpt lat="-27.502521" lon="152.640219"><ele>48</ele><time>2026-01-01T04:20:43Z</time></trkpt>
<trkpt lat="-27.502677" lon="152.640191"><ele>48</ele><time>2026-01-01T04:20:45Z</time></trkpt>
<trkpt lat="-27.502909" lon="152.640148"><ele>47.9</ele><time>2026-01-01T04:20:48Z</time></trkpt>
<trkpt lat="-27.503516" lon="152.640034"><ele>48.1</ele><time>2026-01-01T04:20:56Z</time></trkpt>
<trkpt lat="-27.503593" lon="152.640023"><ele>48.3</ele><time>2026-01-01T04:20:57Z</time></trkpt>
<trkpt lat="-27.503672" lon="152.640013"><ele>48.4</ele><time>2026-01-01T04:20:58Z</time></trkpt>
<trkpt lat="-27.504272" lon="152.639902"><ele>49.8</ele><time>2026-01-01T04:21:06Z</time></trkpt>
<trkpt lat="-27.504544" lon="152.639859"><ele>50.3</ele><time>2026-01-01T04:21:10Z</time></trkpt>
<trkpt lat="-27.504616" lon="152.63985"><ele>50.5</ele><time>2026-01-01T04:21:11Z</time></trkpt>
<trkpt lat="-27.504756" lon="152.639824"><ele>50.8</ele><time>2026-01-01T04:21:13Z</time></trkpt>
<trkpt lat="-27.505006" lon="152.639779"><ele>51.4</ele><time>2026-01-01T04:21:17Z</time></trkpt>
<trkpt lat="-27.505508" lon="152.639694"><ele>52.3</ele><time>2026-01-01T04:21:25Z</time></trkpt>
<trkpt lat="-27.505566" lon="152.639683"><ele>52.4</ele><time>2026-01-01T04:21:26Z</time></trkpt>
<trkpt lat="-27.505882" lon="152.639632"><ele>52.7</ele><time>2026-01-01T04:21:31Z</time></trkpt>
<trkpt lat="-27.506078" lon="152.639595"><ele>52.8</ele><time>2026-01-01T04:21:34Z</time></trkpt>
<trkpt lat="-27.506278" lon="152.639562"><ele>52.6</ele><time>2026-01-01T04:21:37Z</time></trkpt>
<trkpt lat="-27.506418" lon="152.639537"><ele>52.4</ele><time>2026-01-01T04:21:39Z</time></trkpt>
<trkpt lat="-27.506703" lon="152.639485"><ele>51.8</ele><time>2026-01-01T04:21:43Z</time></trkpt>
<trkpt lat="-27.50699" lon="152.639435"><ele>51</ele><time>2026-01-01T04:21:47Z</time></trkpt>
<trkpt lat="-27.50735" lon="152.639372"><ele>49.9</ele><time>2026-01-01T04:21:52Z</time></trkpt>
<trkpt lat="-27.507419" lon="152.639362"><ele>49.7</ele><time>2026-01-01T04:21:53Z</time></trkpt>
<trkpt lat="-27.507679" lon="152.639317"><ele>48.8</ele><time>2026-01-01T04:21:57Z</time></trkpt>
<trkpt lat="-27.507747" lon="152.63933"><ele>48.5</ele><time>2026-01-01T04:21:58Z</time></trkpt>
<trkpt lat="-27.507798" lon="152.639362"><ele>48.3</ele><time>2026-01-01T04:21:59Z</time></trkpt>
<trkpt lat="-27.507853" lon="152.639485"><ele>47.8</ele><time>2026-01-01T04:22:01Z</time></trkpt>
<trkpt lat="-27.507889" lon="152.639838"><ele>47</ele><time>2026-01-01T04:22:05Z</time></trkpt>
<trkpt lat="-27.507894" lon="152.63993"><ele>46.9</ele><time>2026-01-01T04:22:06Z</time></trkpt>
<trkpt lat="-27.507937" lon="152.640377"><ele>46.7</ele><time>2026-01-01T04:22:11Z</time></trkpt>
<trkpt lat="-27.508005" lon="152.64088"><ele>46.9</ele><time>2026-01-01T04:22:17Z</time></trkpt>
<trkpt lat="-27.508018" lon="152.640955"><ele>47</ele><time>2026-01-01T04:22:18Z</time></trkpt>
<trkpt lat="-27.508036" lon="152.641096"><ele>47.1</ele><time>2026-01-01T04:22:20Z</time></trkpt>
<trkpt lat="-27.50805" lon="152.641223"><ele>47.1</ele><time>2026-01-01T04:22:22Z</time></trkpt>
<trkpt lat="-27.50806" lon="152.641283"><ele>47.1</ele><time>2026-01-01T04:22:23Z</time></trkpt>
<trkpt lat="-27.508078" lon="152.641405"><ele>47.2</ele><time>2026-01-01T04:22:25Z</time></trkpt>
<trkpt lat="-27.508087" lon="152.641466"><ele>47.2</ele><time>2026-01-01T04:22:26Z</time></trkpt>
<trkpt lat="-27.508103" lon="152.641603"><ele>47.2</ele><time>2026-01-01T04:22:28Z</time></trkpt>
<trkpt lat="-27.508159" lon="152.642025"><ele>46.6</ele><time>2026-01-01T04:22:34Z</time></trkpt>
<trkpt lat="-27.508243" lon="152.642628"><ele>46.3</ele><time>2026-01-01T04:22:43Z</time></trkpt>
<trkpt lat="-27.508319" lon="152.643223"><ele>46.1</ele><time>2026-01-01T04:22:51Z</time></trkpt>
<trkpt lat="-27.508341" lon="152.643373"><ele>46.1</ele><time>2026-01-01T04:22:53Z</time></trkpt>
<trkpt lat="-27.508364" lon="152.643518"><ele>46.2</ele><time>2026-01-01T04:22:55Z</time></trkpt>
<trkpt lat="-27.508412" lon="152.643819"><ele>46</ele><time>2026-01-01T04:22:59Z</time></trkpt>
<trkpt lat="-27.508456" lon="152.644049"><ele>46</ele><time>2026-01-01T04:23:02Z</time></trkpt>
<trkpt lat="-27.508467" lon="152.644126"><ele>46</ele><time>2026-01-01T04:23:03Z</time></trkpt>
<trkpt lat="-27.508499" lon="152.644338"><ele>46.1</ele><time>2026-01-01T04:23:06Z</time></trkpt>
<trkpt lat="-27.508552" lon="152.644703"><ele>46.1</ele><time>2026-01-01T04:23:11Z</time></trkpt>
<trkpt lat="-27.508581" lon="152.644923"><ele>46.1</ele><time>2026-01-01T04:23:14Z</time></trkpt>
<trkpt lat="-27.508614" lon="152.645141"><ele>46.1</ele><time>2026-01-01T04:23:17Z</time></trkpt>
<trkpt lat="-27.508639" lon="152.645283"><ele>46.2</ele><time>2026-01-01T04:23:19Z</time></trkpt>
<trkpt lat="-27.508717" lon="152.645827"><ele>47.8</ele><time>2026-01-01T04:23:27Z</time></trkpt>
<trkpt lat="-27.508727" lon="152.645887"><ele>48.1</ele><time>2026-01-01T04:23:28Z</time></trkpt>
<trkpt lat="-27.508738" lon="152.645951"><ele>48.5</ele><time>2026-01-01T04:23:29Z</time></trkpt>
<trkpt lat="-27.50875" lon="152.646018"><ele>48.9</ele><time>2026-01-01T04:23:30Z</time></trkpt>
<trkpt lat="-27.508769" lon="152.646146"><ele>49.6</ele><time>2026-01-01T04:23:32Z</time></trkpt>
<trkpt lat="-27.508783" lon="152.646328"><ele>50.5</ele><time>2026-01-01T04:23:35Z</time></trkpt>
<trkpt lat="-27.508797" lon="152.646438"><ele>51</ele><time>2026-01-01T04:23:37Z</time></trkpt>
<trkpt lat="-27.508853" lon="152.646768"><ele>52.2</ele><time>2026-01-01T04:23:43Z</time></trkpt>
<trkpt lat="-27.508859" lon="152.646824"><ele>52.3</ele><time>2026-01-01T04:23:44Z</time></trkpt>
<trkpt lat="-27.508922" lon="152.647267"><ele>53.1</ele><time>2026-01-01T04:23:52Z</time></trkpt>
<trkpt lat="-27.508979" lon="152.647677"><ele>53.2</ele><time>2026-01-01T04:23:59Z</time></trkpt>
<trkpt lat="-27.508996" lon="152.647802"><ele>53.2</ele><time>2026-01-01T04:24:01Z</time></trkpt>
<trkpt lat="-27.509007" lon="152.647865"><ele>53.2</ele><time>2026-01-01T04:24:02Z</time></trkpt>
<trkpt lat="-27.509045" lon="152.648116"><ele>53.2</ele><time>2026-01-01T04:24:06Z</time></trkpt>
<trkpt lat="-27.509054" lon="152.648176"><ele>53.3</ele><time>2026-01-01T04:24:07Z</time></trkpt>
<trkpt lat="-27.509117" lon="152.648584"><ele>53.4</ele><time>2026-01-01T04:24:14Z</time></trkpt>
<trkpt lat="-27.509139" lon="152.64877"><ele>53.5</ele><time>2026-01-01T04:24:17Z</time></trkpt>
<trkpt lat="-27.509183" lon="152.649064"><ele>54</ele><time>2026-01-01T04:24:22Z</time></trkpt>
<trkpt lat="-27.509211" lon="152.649307"><ele>54.7</ele><time>2026-01-01T04:24:26Z</time></trkpt>
<trkpt lat="-27.509225" lon="152.649424"><ele>55.2</ele><time>2026-01-01T04:24:28Z</time></trkpt>
<trkpt lat="-27.509234" lon="152.649478"><ele>55.4</ele><time>2026-01-01T04:24:29Z</time></trkpt>
<trkpt lat="-27.509253" lon="152.649582"><ele>55.9</ele><time>2026-01-01T04:24:31Z</time></trkpt>
<trkpt lat="-27.509276" lon="152.649748"><ele>56.8</ele><time>2026-01-01T04:24:34Z</time></trkpt>
<trkpt lat="-27.509294" lon="152.64992"><ele>57.8</ele><time>2026-01-01T04:24:37Z</time></trkpt>
<trkpt lat="-27.5093" lon="152.64998"><ele>58.1</ele><time>2026-01-01T04:24:38Z</time></trkpt>
<trkpt lat="-27.509326" lon="152.650166"><ele>59.4</ele><time>2026-01-01T04:24:41Z</time></trkpt>
<trkpt lat="-27.509351" lon="152.65039"><ele>61.2</ele><time>2026-01-01T04:24:45Z</time></trkpt>
<trkpt lat="-27.509361" lon="152.650438"><ele>61.6</ele><time>2026-01-01T04:24:46Z</time></trkpt>
<trkpt lat="-27.50937" lon="152.650484"><ele>62</ele><time>2026-01-01T04:24:47Z</time></trkpt>
<trkpt lat="-27.509378" lon="152.650531"><ele>62.5</ele><time>2026-01-01T04:24:48Z</time></trkpt>
<trkpt lat="-27.509398" lon="152.65068"><ele>63.8</ele><time>2026-01-01T04:24:51Z</time></trkpt>
<trkpt lat="-27.5094" lon="152.650733"><ele>64.2</ele><time>2026-01-01T04:24:52Z</time></trkpt>
<trkpt lat="-27.509419" lon="152.650838"><ele>65.2</ele><time>2026-01-01T04:24:54Z</time></trkpt>
<trkpt lat="-27.509443" lon="152.650942"><ele>66.2</ele><time>2026-01-01T04:24:56Z</time></trkpt>
<trkpt lat="-27.509464" lon="152.651087"><ele>67.4</ele><time>2026-01-01T04:24:59Z</time></trkpt>
<trkpt lat="-27.509502" lon="152.651224"><ele>68.3</ele><time>2026-01-01T04:25:03Z</time></trkpt>
<trkpt lat="-27.509508" lon="152.651356"><ele>68.2</ele><time>2026-01-01T04:25:08Z</time></trkpt>
<trkpt lat="-27.509541" lon="152.651596"><ele>67.1</ele><time>2026-01-01T04:25:15Z</time></trkpt>
<trkpt lat="-27.509559" lon="152.651691"><ele>66.4</ele><time>2026-01-01T04:25:17Z</time></trkpt>
<trkpt lat="-27.509566" lon="152.65174"><ele>66</ele><time>2026-01-01T04:25:18Z</time></trkpt>
<trkpt lat="-27.509591" lon="152.651947"><ele>64.4</ele><time>2026-01-01T04:25:21Z</time></trkpt>
<trkpt lat="-27.5096" lon="152.652029"><ele>63.8</ele><time>2026-01-01T04:25:22Z</time></trkpt>
<trkpt lat="-27.509615" lon="152.652113"><ele>63.1</ele><time>2026-01-01T04:25:23Z</time></trkpt>
<trkpt lat="-27.509631" lon="152.652201"><ele>62.5</ele><time>2026-01-01T04:25:24Z</time></trkpt>
<trkpt lat="-27.50965" lon="152.652291"><ele>61.9</ele><time>2026-01-01T04:25:25Z</time></trkpt>
<trkpt lat="-27.509667" lon="152.652387"><ele>61.3</ele><time>2026-01-01T04:25:26Z</time></trkpt>
<trkpt lat="-27.509683" lon="152.652484"><ele>60.8</ele><time>2026-01-01T04:25:27Z</time></trkpt>
<trkpt lat="-27.509696" lon="152.652582"><ele>60.3</ele><time>2026-01-01T04:25:28Z</time></trkpt>
<trkpt lat="-27.50975" lon="152.652999"><ele>58.1</ele><time>2026-01-01T04:25:32Z</time></trkpt>
<trkpt lat="-27.509821" lon="152.653538"><ele>55.8</ele><time>2026-01-01T04:25:37Z</time></trkpt>
<trkpt lat="-27.509834" lon="152.653646"><ele>55.4</ele><time>2026-01-01T04:25:38Z</time></trkpt>
<trkpt lat="-27.509869" lon="152.653962"><ele>54.3</ele><time>2026-01-01T04:25:41Z</time></trkpt>
<trkpt lat="-27.509887" lon="152.654066"><ele>54</ele><time>2026-01-01T04:25:42Z</time></trkpt>
<trkpt lat="-27.509902" lon="152.654172"><ele>53.6</ele><time>2026-01-01T04:25:43Z</time></trkpt>
<trkpt lat="-27.509915" lon="152.654275"><ele>53.3</ele><time>2026-01-01T04:25:44Z</time></trkpt>
<trkpt lat="-27.509929" lon="152.654378"><ele>53</ele><time>2026-01-01T04:25:45Z</time></trkpt>
<trkpt lat="-27.509997" lon="152.654803"><ele>51.8</ele><time>2026-01-01T04:25:49Z</time></trkpt>
<trkpt lat="-27.510012" lon="152.654903"><ele>51.7</ele><time>2026-01-01T04:25:50Z</time></trkpt>
<trkpt lat="-27.510037" lon="152.655105"><ele>51.4</ele><time>2026-01-01T04:25:52Z</time></trkpt>
<trkpt lat="-27.510088" lon="152.655482"><ele>51.3</ele><time>2026-01-01T04:25:56Z</time></trkpt>
<trkpt lat="-27.510098" lon="152.655568"><ele>51.2</ele><time>2026-01-01T04:25:57Z</time></trkpt>
<trkpt lat="-27.51013" lon="152.655748"><ele>51.1</ele><time>2026-01-01T04:26:00Z</time></trkpt>
<trkpt lat="-27.510142" lon="152.655772"><ele>51.1</ele><time>2026-01-01T04:26:01Z</time></trkpt>
<trkpt lat="-27.510154" lon="152.655771"><ele>51.1</ele><time>2026-01-01T04:26:02Z</time></trkpt>
<trkpt lat="-27.510166" lon="152.655718"><ele>51.1</ele><time>2026-01-01T04:26:04Z</time></trkpt>
<trkpt lat="-27.510141" lon="152.655652"><ele>51.1</ele><time>2026-01-01T04:26:06Z</time></trkpt>
<trkpt lat="-27.510116" lon="152.655615"><ele>51.2</ele><time>2026-01-01T04:26:07Z</time></trkpt>
<trkpt lat="-27.510033" lon="152.655559"><ele>51.1</ele><time>2026-01-01T04:26:09Z</time></trkpt>
<trkpt lat="-27.509927" lon="152.65555"><ele>50.6</ele><time>2026-01-01T04:26:11Z</time></trkpt>
<trkpt lat="-27.509867" lon="152.655563"><ele>50.4</ele><time>2026-01-01T04:26:12Z</time></trkpt>
<trkpt lat="-27.509756" lon="152.655592"><ele>50</ele><time>2026-01-01T04:26:14Z</time></trkpt>
<trkpt lat="-27.509617" lon="152.655615"><ele>49.7</ele><time>2026-01-01T04:26:16Z</time></trkpt>
<trkpt lat="-27.509543" lon="152.655625"><ele>49.6</ele><time>2026-01-01T04:26:17Z</time></trkpt>
<trkpt lat="-27.509466" lon="152.655635"><ele>49.5</ele><time>2026-01-01T04:26:18Z</time></trkpt>
<trkpt lat="-27.509162" lon="152.655683"><ele>49.3</ele><time>2026-01-01T04:26:22Z</time></trkpt>
<trkpt lat="-27.508723" lon="152.655769"><ele>48.8</ele><time>2026-01-01T04:26:28Z</time></trkpt>
<trkpt lat="-27.508303" lon="152.655832"><ele>48.9</ele><time>2026-01-01T04:26:34Z</time></trkpt>
<trkpt lat="-27.507859" lon="152.655944"><ele>49.2</ele><time>2026-01-01T04:26:40Z</time></trkpt>
<trkpt lat="-27.507461" lon="152.656019"><ele>48.8</ele><time>2026-01-01T04:26:45Z</time></trkpt>
<trkpt lat="-27.50738" lon="152.656029"><ele>48.7</ele><time>2026-01-01T04:26:46Z</time></trkpt>
<trkpt lat="-27.507296" lon="152.656033"><ele>48.7</ele><time>2026-01-01T04:26:47Z</time></trkpt>
<trkpt lat="-27.506742" lon="152.656114"><ele>47.7</ele><time>2026-01-01T04:26:54Z</time></trkpt>
<trkpt lat="-27.506486" lon="152.656169"><ele>47</ele><time>2026-01-01T04:26:57Z</time></trkpt>
<trkpt lat="-27.506149" lon="152.656256"><ele>45.8</ele><time>2026-01-01T04:27:01Z</time></trkpt>
<trkpt lat="-27.506068" lon="152.656292"><ele>45.5</ele><time>2026-01-01T04:27:02Z</time></trkpt>
<trkpt lat="-27.505804" lon="152.656361"><ele>45.1</ele><time>2026-01-01T04:27:05Z</time></trkpt>
<trkpt lat="-27.505719" lon="152.656382"><ele>44.9</ele><time>2026-01-01T04:27:06Z</time></trkpt>
<trkpt lat="-27.505119" lon="152.656434"><ele>44.3</ele><time>2026-01-01T04:27:13Z</time></trkpt>
<trkpt lat="-27.504771" lon="152.656438"><ele>44.3</ele><time>2026-01-01T04:27:17Z</time></trkpt>
<trkpt lat="-27.504611" lon="152.656459"><ele>44.5</ele><time>2026-01-01T04:27:19Z</time></trkpt>
<trkpt lat="-27.504209" lon="152.65649"><ele>44.9</ele><time>2026-01-01T04:27:24Z</time></trkpt>
<trkpt lat="-27.504153" lon="152.656522"><ele>45</ele><time>2026-01-01T04:27:25Z</time></trkpt>
<trkpt lat="-27.503969" lon="152.656573"><ele>45.3</ele><time>2026-01-01T04:27:28Z</time></trkpt>
<trkpt lat="-27.503841" lon="152.656595"><ele>45.4</ele><time>2026-01-01T04:27:30Z</time></trkpt>
<trkpt lat="-27.503496" lon="152.656678"><ele>45.6</ele><time>2026-01-01T04:27:36Z</time></trkpt>
<trkpt lat="-27.503137" lon="152.656763"><ele>45.9</ele><time>2026-01-01T04:27:42Z</time></trkpt>
<trkpt lat="-27.50282" lon="152.656815"><ele>46.2</ele><time>2026-01-01T04:27:47Z</time></trkpt>
<trkpt lat="-27.502688" lon="152.65683"><ele>46.2</ele><time>2026-01-01T04:27:49Z</time></trkpt>
<trkpt lat="-27.502496" lon="152.656858"><ele>46.3</ele><time>2026-01-01T04:27:52Z</time></trkpt>
<trkpt lat="-27.502225" lon="152.656891"><ele>46.6</ele><time>2026-01-01T04:27:56Z</time></trkpt>
<trkpt lat="-27.501937" lon="152.656961"><ele>47.3</ele><time>2026-01-01T04:28:01Z</time></trkpt>
<trkpt lat="-27.501883" lon="152.656974"><ele>47.4</ele><time>2026-01-01T04:28:02Z</time></trkpt>
<trkpt lat="-27.501831" lon="152.656991"><ele>47.5</ele><time>2026-01-01T04:28:03Z</time></trkpt>
<trkpt lat="-27.501777" lon="152.657085"><ele>47.8</ele><time>2026-01-01T04:28:05Z</time></trkpt>
<trkpt lat="-27.501767" lon="152.657207"><ele>48.1</ele><time>2026-01-01T04:28:07Z</time></trkpt>
<trkpt lat="-27.50177" lon="152.657265"><ele>48.2</ele><time>2026-01-01T04:28:08Z</time></trkpt>
<trkpt lat="-27.501834" lon="152.657676"><ele>49.8</ele><time>2026-01-01T04:28:16Z</time></trkpt>
<trkpt lat="-27.501842" lon="152.657718"><ele>50</ele><time>2026-01-01T04:28:17Z</time></trkpt>
<trkpt lat="-27.501854" lon="152.657802"><ele>50.5</ele><time>2026-01-01T04:28:19Z</time></trkpt>
<trkpt lat="-27.501865" lon="152.657878"><ele>50.9</ele><time>2026-01-01T04:28:21Z</time></trkpt>
<trkpt lat="-27.501877" lon="152.657953"><ele>51.4</ele><time>2026-01-01T04:28:23Z</time></trkpt>
<trkpt lat="-27.501889" lon="152.658036"><ele>52</ele><time>2026-01-01T04:28:25Z</time></trkpt>
<trkpt lat="-27.50191" lon="152.658145"><ele>52.7</ele><time>2026-01-01T04:28:28Z</time></trkpt>
<trkpt lat="-27.501918" lon="152.658218"><ele>53.2</ele><time>2026-01-01T04:28:30Z</time></trkpt>
<trkpt lat="-27.501935" lon="152.658401"><ele>54.4</ele><time>2026-01-01T04:28:35Z</time></trkpt>
<trkpt lat="-27.501939" lon="152.658438"><ele>54.6</ele><time>2026-01-01T04:28:36Z</time></trkpt>
<trkpt lat="-27.501956" lon="152.658579"><ele>55.5</ele><time>2026-01-01T04:28:40Z</time></trkpt>
<trkpt lat="-27.501991" lon="152.658804"><ele>57</ele><time>2026-01-01T04:28:46Z</time></trkpt>
<trkpt lat="-27.50201" lon="152.658943"><ele>57.9</ele><time>2026-01-01T04:28:50Z</time></trkpt>
<trkpt lat="-27.502031" lon="152.659053"><ele>58.6</ele><time>2026-01-01T04:28:53Z</time></trkpt>
<trkpt lat="-27.502037" lon="152.659091"><ele>58.9</ele><time>2026-01-01T04:28:54Z</time></trkpt>
<trkpt lat="-27.502048" lon="152.65916"><ele>59.4</ele><time>2026-01-01T04:28:56Z</time></trkpt>
<trkpt lat="-27.502059" lon="152.659229"><ele>59.8</ele><time>2026-01-01T04:28:58Z</time></trkpt>
<trkpt lat="-27.502069" lon="152.659299"><ele>60.3</ele><time>2026-01-01T04:29:00Z</time></trkpt>
<trkpt lat="-27.502075" lon="152.659334"><ele>60.5</ele><time>2026-01-01T04:29:01Z</time></trkpt>
<trkpt lat="-27.502085" lon="152.659403"><ele>61</ele><time>2026-01-01T04:29:03Z</time></trkpt>
<trkpt lat="-27.502093" lon="152.659473"><ele>61.4</ele><time>2026-01-01T04:29:05Z</time></trkpt>
<trkpt lat="-27.502106" lon="152.659544"><ele>61.9</ele><time>2026-01-01T04:29:07Z</time></trkpt>
<trkpt lat="-27.502133" lon="152.659722"><ele>63.2</ele><time>2026-01-01T04:29:12Z</time></trkpt>
<trkpt lat="-27.502136" lon="152.659758"><ele>63.5</ele><time>2026-01-01T04:29:13Z</time></trkpt>
<trkpt lat="-27.502139" lon="152.659793"><ele>63.7</ele><time>2026-01-01T04:29:14Z</time></trkpt>
<trkpt lat="-27.502144" lon="152.659825"><ele>63.9</ele><time>2026-01-01T04:29:15Z</time></trkpt>
<trkpt lat="-27.50216" lon="152.659969"><ele>65</ele><time>2026-01-01T04:29:19Z</time></trkpt>
<trkpt lat="-27.502176" lon="152.660072"><ele>65.7</ele><time>2026-01-01T04:29:22Z</time></trkpt>
<trkpt lat="-27.502182" lon="152.660111"><ele>66</ele><time>2026-01-01T04:29:23Z</time></trkpt>
<trkpt lat="-27.502202" lon="152.660251"><ele>67</ele><time>2026-01-01T04:29:27Z</time></trkpt>
<trkpt lat="-27.502206" lon="152.660288"><ele>67.3</ele><time>2026-01-01T04:29:28Z</time></trkpt>
<trkpt lat="-27.502248" lon="152.660539"><ele>69.1</ele><time>2026-01-01T04:29:34Z</time></trkpt>
<trkpt lat="-27.502256" lon="152.660579"><ele>69.4</ele><time>2026-01-01T04:29:35Z</time></trkpt>
<trkpt lat="-27.502293" lon="152.660786"><ele>70.8</ele><time>2026-01-01T04:29:40Z</time></trkpt>
<trkpt lat="-27.502313" lon="152.660921"><ele>71.5</ele><time>2026-01-01T04:29:43Z</time></trkpt>
<trkpt lat="-27.502327" lon="152.661005"><ele>71.9</ele><time>2026-01-01T04:29:45Z</time></trkpt>
<trkpt lat="-27.502343" lon="152.661146"><ele>72.4</ele><time>2026-01-01T04:29:48Z</time></trkpt>
<trkpt lat="-27.502386" lon="152.661389"><ele>73</ele><time>2026-01-01T04:29:53Z</time></trkpt>
<trkpt lat="-27.502403" lon="152.661488"><ele>73.2</ele><time>2026-01-01T04:29:55Z</time></trkpt>
<trkpt lat="-27.502412" lon="152.661539"><ele>73.3</ele><time>2026-01-01T04:29:56Z</time></trkpt>
<trkpt lat="-27.502447" lon="152.661893"><ele>73.4</ele><time>2026-01-01T04:30:03Z</time></trkpt>
<trkpt lat="-27.502509" lon="152.662301"><ele>72.5</ele><time>2026-01-01T04:30:10Z</time></trkpt>
<trkpt lat="-27.502573" lon="152.662717"><ele>70.4</ele><time>2026-01-01T04:30:16Z</time></trkpt>
<trkpt lat="-27.502587" lon="152.662793"><ele>69.9</ele><time>2026-01-01T04:30:17Z</time></trkpt>
<trkpt lat="-27.502599" lon="152.66287"><ele>69.4</ele><time>2026-01-01T04:30:18Z</time></trkpt>
<trkpt lat="-27.502632" lon="152.663034"><ele>68.4</ele><time>2026-01-01T04:30:20Z</time></trkpt>
<trkpt lat="-27.502677" lon="152.6633"><ele>66.9</ele><time>2026-01-01T04:30:23Z</time></trkpt>
<trkpt lat="-27.502722" lon="152.663656"><ele>65.2</ele><time>2026-01-01T04:30:27Z</time></trkpt>
<trkpt lat="-27.502736" lon="152.663837"><ele>64.5</ele><time>2026-01-01T04:30:29Z</time></trkpt>
<trkpt lat="-27.502744" lon="152.663927"><ele>64.1</ele><time>2026-01-01T04:30:30Z</time></trkpt>
<trkpt lat="-27.50278" lon="152.664197"><ele>63.4</ele><time>2026-01-01T04:30:33Z</time></trkpt>
<trkpt lat="-27.502804" lon="152.664384"><ele>63</ele><time>2026-01-01T04:30:35Z</time></trkpt>
<trkpt lat="-27.502819" lon="152.664476"><ele>62.9</ele><time>2026-01-01T04:30:36Z</time></trkpt>
<trkpt lat="-27.502833" lon="152.664572"><ele>62.8</ele><time>2026-01-01T04:30:37Z</time></trkpt>
<trkpt lat="-27.502876" lon="152.664855"><ele>62.3</ele><time>2026-01-01T04:30:40Z</time></trkpt>
<trkpt lat="-27.502902" lon="152.66504"><ele>62.1</ele><time>2026-01-01T04:30:42Z</time></trkpt>
<trkpt lat="-27.50291" lon="152.665134"><ele>62</ele><time>2026-01-01T04:30:43Z</time></trkpt>
<trkpt lat="-27.502924" lon="152.665223"><ele>61.9</ele><time>2026-01-01T04:30:44Z</time></trkpt>
<trkpt lat="-27.503011" lon="152.665879"><ele>58.9</ele><time>2026-01-01T04:30:51Z</time></trkpt>
<trkpt lat="-27.503032" lon="152.666061"><ele>58.2</ele><time>2026-01-01T04:30:53Z</time></trkpt>
<trkpt lat="-27.503048" lon="152.666155"><ele>57.8</ele><time>2026-01-01T04:30:54Z</time></trkpt>
<trkpt lat="-27.503068" lon="152.666246"><ele>57.5</ele><time>2026-01-01T04:30:55Z</time></trkpt>
<trkpt lat="-27.503083" lon="152.666334"><ele>57.2</ele><time>2026-01-01T04:30:56Z</time></trkpt>
<trkpt lat="-27.503113" lon="152.666522"><ele>56.5</ele><time>2026-01-01T04:30:58Z</time></trkpt>
<trkpt lat="-27.503156" lon="152.666779"><ele>55.6</ele><time>2026-01-01T04:31:01Z</time></trkpt>
<trkpt lat="-27.503205" lon="152.667034"><ele>54.8</ele><time>2026-01-01T04:31:04Z</time></trkpt>
<trkpt lat="-27.503216" lon="152.667124"><ele>54.5</ele><time>2026-01-01T04:31:05Z</time></trkpt>
<trkpt lat="-27.503253" lon="152.667388"><ele>53.8</ele><time>2026-01-01T04:31:08Z</time></trkpt>
<trkpt lat="-27.503286" lon="152.66765"><ele>53.2</ele><time>2026-01-01T04:31:11Z</time></trkpt>
<trkpt lat="-27.503335" lon="152.66796"><ele>52.8</ele><time>2026-01-01T04:31:15Z</time></trkpt>
<trkpt lat="-27.503357" lon="152.668122"><ele>52.7</ele><time>2026-01-01T04:31:17Z</time></trkpt>
<trkpt lat="-27.503369" lon="152.668202"><ele>52.7</ele><time>2026-01-01T04:31:18Z</time></trkpt>
<trkpt lat="-27.503435" lon="152.668531"><ele>53</ele><time>2026-01-01T04:31:23Z</time></trkpt>
<trkpt lat="-27.50345" lon="152.668671"><ele>53.2</ele><time>2026-01-01T04:31:25Z</time></trkpt>
<trkpt lat="-27.503472" lon="152.668875"><ele>53.7</ele><time>2026-01-01T04:31:28Z</time></trkpt>
<trkpt lat="-27.50348" lon="152.668945"><ele>53.9</ele><time>2026-01-01T04:31:29Z</time></trkpt>
<trkpt lat="-27.503489" lon="152.669012"><ele>54.1</ele><time>2026-01-01T04:31:30Z</time></trkpt>
<trkpt lat="-27.503499" lon="152.669073"><ele>54.4</ele><time>2026-01-01T04:31:31Z</time></trkpt>
<trkpt lat="-27.503527" lon="152.669253"><ele>55.1</ele><time>2026-01-01T04:31:34Z</time></trkpt>
<trkpt lat="-27.503537" lon="152.669308"><ele>55.3</ele><time>2026-01-01T04:31:35Z</time></trkpt>
<trkpt lat="-27.503559" lon="152.669406"><ele>55.6</ele><time>2026-01-01T04:31:37Z</time></trkpt>
<trkpt lat="-27.503565" lon="152.669459"><ele>55.9</ele><time>2026-01-01T04:31:38Z</time></trkpt>
<trkpt lat="-27.503577" lon="152.669565"><ele>56.4</ele><time>2026-01-01T04:31:40Z</time></trkpt>
<trkpt lat="-27.503587" lon="152.669644"><ele>56.9</ele><time>2026-01-01T04:31:42Z</time></trkpt>
<trkpt lat="-27.503608" lon="152.669739"><ele>57.5</ele><time>2026-01-01T04:31:45Z</time></trkpt>
<trkpt lat="-27.503606" lon="152.66978"><ele>57.7</ele><time>2026-01-01T04:31:48Z</time></trkpt>
<trkpt lat="-27.503606" lon="152.66978"><ele>57.7</ele><time>2026-01-01T04:31:49Z</time></trkpt>
<trkpt lat="-27.503606" lon="152.66978"><ele>57.7</ele><time>2026-01-01T04:31:50Z</time></trkpt>
<trkpt lat="-27.503611" lon="152.669839"><ele>58</ele><time>2026-01-01T04:32:05Z</time></trkpt>
<trkpt lat="-27.503617" lon="152.669862"><ele>58.1</ele><time>2026-01-01T04:32:06Z</time></trkpt>
<trkpt lat="-27.503623" lon="152.669895"><ele>58.1</ele><time>2026-01-01T04:32:07Z</time></trkpt>
<trkpt lat="-27.503649" lon="152.670067"><ele>58.5</ele><time>2026-01-01T04:32:11Z</time></trkpt>
<trkpt lat="-27.503655" lon="152.670112"><ele>58.6</ele><time>2026-01-01T04:32:12Z</time></trkpt>
<trkpt lat="-27.503668" lon="152.670281"><ele>59</ele><time>2026-01-01T04:32:15Z</time></trkpt>
<trkpt lat="-27.503672" lon="152.670338"><ele>59.1</ele><time>2026-01-01T04:32:16Z</time></trkpt>
<trkpt lat="-27.503683" lon="152.670491"><ele>59.5</ele><time>2026-01-01T04:32:19Z</time></trkpt>
<trkpt lat="-27.5037" lon="152.670658"><ele>60</ele><time>2026-01-01T04:32:22Z</time></trkpt>
<trkpt lat="-27.5037" lon="152.670768"><ele>60.3</ele><time>2026-01-01T04:32:24Z</time></trkpt>
<trkpt lat="-27.503723" lon="152.670935"><ele>60.7</ele><time>2026-01-01T04:32:27Z</time></trkpt>
<trkpt lat="-27.503748" lon="152.671219"><ele>61.5</ele><time>2026-01-01T04:32:32Z</time></trkpt>
<trkpt lat="-27.503756" lon="152.671271"><ele>61.6</ele><time>2026-01-01T04:32:33Z</time></trkpt>
<trkpt lat="-27.503769" lon="152.671378"><ele>61.9</ele><time>2026-01-01T04:32:35Z</time></trkpt>
<trkpt lat="-27.503823" lon="152.671787"><ele>62.5</ele><time>2026-01-01T04:32:42Z</time></trkpt>
<trkpt lat="-27.503887" lon="152.672295"><ele>62.9</ele><time>2026-01-01T04:32:50Z</time></trkpt>
<trkpt lat="-27.503919" lon="152.672647"><ele>62.7</ele><time>2026-01-01T04:32:55Z</time></trkpt>
<trkpt lat="-27.503929" lon="152.672789"><ele>62.4</ele><time>2026-01-01T04:32:57Z</time></trkpt>
<trkpt lat="-27.503977" lon="152.673392"><ele>60.3</ele><time>2026-01-01T04:33:05Z</time></trkpt>
<trkpt lat="-27.503984" lon="152.673539"><ele>59.9</ele><time>2026-01-01T04:33:07Z</time></trkpt>
<trkpt lat="-27.503983" lon="152.674166"><ele>59.2</ele><time>2026-01-01T04:33:15Z</time></trkpt>
<trkpt lat="-27.50398" lon="152.674597"><ele>60.6</ele><time>2026-01-01T04:33:21Z</time></trkpt>
<trkpt lat="-27.503979" lon="152.674664"><ele>60.9</ele><time>2026-01-01T04:33:22Z</time></trkpt>
<trkpt lat="-27.503981" lon="152.674791"><ele>61.6</ele><time>2026-01-01T04:33:24Z</time></trkpt>
<trkpt lat="-27.503977" lon="152.675091"><ele>62.7</ele><time>2026-01-01T04:33:29Z</time></trkpt>
<trkpt lat="-27.503966" lon="152.675633"><ele>60.3</ele><time>2026-01-01T04:33:37Z</time></trkpt>
<trkpt lat="-27.503963" lon="152.675972"><ele>58.2</ele><time>2026-01-01T04:33:41Z</time></trkpt>
<trkpt lat="-27.50396" lon="152.676061"><ele>57.7</ele><time>2026-01-01T04:33:42Z</time></trkpt>
<trkpt lat="-27.503957" lon="152.676152"><ele>57.3</ele><time>2026-01-01T04:33:43Z</time></trkpt>
<trkpt lat="-27.503958" lon="152.676593"><ele>56.1</ele><time>2026-01-01T04:33:48Z</time></trkpt>
<trkpt lat="-27.503957" lon="152.676767"><ele>55.6</ele><time>2026-01-01T04:33:50Z</time></trkpt>
<trkpt lat="-27.503953" lon="152.676935"><ele>55</ele><time>2026-01-01T04:33:52Z</time></trkpt>
<trkpt lat="-27.503954" lon="152.677198"><ele>54</ele><time>2026-01-01T04:33:55Z</time></trkpt>
<trkpt lat="-27.503956" lon="152.677287"><ele>53.7</ele><time>2026-01-01T04:33:56Z</time></trkpt>
<trkpt lat="-27.503954" lon="152.677565"><ele>53</ele><time>2026-01-01T04:33:59Z</time></trkpt>
<trkpt lat="-27.503951" lon="152.67784"><ele>52.9</ele><time>2026-01-01T04:34:02Z</time></trkpt>
<trkpt lat="-27.503942" lon="152.678335"><ele>54.6</ele><time>2026-01-01T04:34:08Z</time></trkpt>
<trkpt lat="-27.503934" lon="152.67868"><ele>57.4</ele><time>2026-01-01T04:34:13Z</time></trkpt>
<trkpt lat="-27.503935" lon="152.67874"><ele>58</ele><time>2026-01-01T04:34:14Z</time></trkpt>
<trkpt lat="-27.503933" lon="152.678856"><ele>59</ele><time>2026-01-01T04:34:16Z</time></trkpt>
<trkpt lat="-27.50393" lon="152.679037"><ele>60.3</ele><time>2026-01-01T04:34:19Z</time></trkpt>
<trkpt lat="-27.503928" lon="152.679097"><ele>60.6</ele><time>2026-01-01T04:34:20Z</time></trkpt>
<trkpt lat="-27.503925" lon="152.679216"><ele>60.6</ele><time>2026-01-01T04:34:22Z</time></trkpt>
<trkpt lat="-27.503926" lon="152.679527"><ele>58.8</ele><time>2026-01-01T04:34:27Z</time></trkpt>
<trkpt lat="-27.503922" lon="152.679769"><ele>56.5</ele><time>2026-01-01T04:34:30Z</time></trkpt>
<trkpt lat="-27.503921" lon="152.679859"><ele>55.6</ele><time>2026-01-01T04:34:31Z</time></trkpt>
<trkpt lat="-27.503917" lon="152.679954"><ele>54.7</ele><time>2026-01-01T04:34:32Z</time></trkpt>
<trkpt lat="-27.503909" lon="152.680054"><ele>53.8</ele><time>2026-01-01T04:34:33Z</time></trkpt>
<trkpt lat="-27.503904" lon="152.680275"><ele>51.6</ele><time>2026-01-01T04:34:35Z</time></trkpt>
<trkpt lat="-27.5039" lon="152.680394"><ele>50.4</ele><time>2026-01-01T04:34:36Z</time></trkpt>
<trkpt lat="-27.503897" lon="152.680515"><ele>49.1</ele><time>2026-01-01T04:34:37Z</time></trkpt>
<trkpt lat="-27.503892" lon="152.68064"><ele>47.9</ele><time>2026-01-01T04:34:38Z</time></trkpt>
<trkpt lat="-27.503884" lon="152.68077"><ele>46.5</ele><time>2026-01-01T04:34:39Z</time></trkpt>
<trkpt lat="-27.503879" lon="152.680902"><ele>45.1</ele><time>2026-01-01T04:34:40Z</time></trkpt>
<trkpt lat="-27.503879" lon="152.681181"><ele>42.5</ele><time>2026-01-01T04:34:42Z</time></trkpt>
<trkpt lat="-27.503878" lon="152.681322"><ele>41.3</ele><time>2026-01-01T04:34:43Z</time></trkpt>
<trkpt lat="-27.503871" lon="152.681744"><ele>38.6</ele><time>2026-01-01T04:34:46Z</time></trkpt>
<trkpt lat="-27.503866" lon="152.682024"><ele>37.2</ele><time>2026-01-01T04:34:48Z</time></trkpt>
<trkpt lat="-27.503862" lon="152.682159"><ele>36.7</ele><time>2026-01-01T04:34:49Z</time></trkpt>
<trkpt lat="-27.503861" lon="152.682288"><ele>36.3</ele><time>2026-01-01T04:34:50Z</time></trkpt>
<trkpt lat="-27.503857" lon="152.682799"><ele>35.4</ele><time>2026-01-01T04:34:54Z</time></trkpt>
<trkpt lat="-27.503856" lon="152.683501"><ele>34.7</ele><time>2026-01-01T04:35:00Z</time></trkpt>
<trkpt lat="-27.503845" lon="152.684151"><ele>33.4</ele><time>2026-01-01T04:35:06Z</time></trkpt>
<trkpt lat="-27.503841" lon="152.684256"><ele>33</ele><time>2026-01-01T04:35:07Z</time></trkpt>
<trkpt lat="-27.503835" lon="152.684366"><ele>32.6</ele><time>2026-01-01T04:35:08Z</time></trkpt>
<trkpt lat="-27.503828" lon="152.684475"><ele>32.2</ele><time>2026-01-01T04:35:09Z</time></trkpt>
<trkpt lat="-27.503819" lon="152.684695"><ele>31.1</ele><time>2026-01-01T04:35:11Z</time></trkpt>
<trkpt lat="-27.503814" lon="152.684807"><ele>30.5</ele><time>2026-01-01T04:35:12Z</time></trkpt>
<trkpt lat="-27.503808" lon="152.685029"><ele>29.4</ele><time>2026-01-01T04:35:14Z</time></trkpt>
<trkpt lat="-27.5038" lon="152.685702"><ele>28.6</ele><time>2026-01-01T04:35:20Z</time></trkpt>
<trkpt lat="-27.503798" lon="152.685807"><ele>28.9</ele><time>2026-01-01T04:35:21Z</time></trkpt>
<trkpt lat="-27.503795" lon="152.68621"><ele>31.2</ele><time>2026-01-01T04:35:25Z</time></trkpt>
<trkpt lat="-27.5038" lon="152.686297"><ele>31.9</ele><time>2026-01-01T04:35:26Z</time></trkpt>
<trkpt lat="-27.503811" lon="152.686384"><ele>32.6</ele><time>2026-01-01T04:35:27Z</time></trkpt>
<trkpt lat="-27.503849" lon="152.686542"><ele>33.7</ele><time>2026-01-01T04:35:29Z</time></trkpt>
<trkpt lat="-27.503878" lon="152.686609"><ele>34.2</ele><time>2026-01-01T04:35:30Z</time></trkpt>
<trkpt lat="-27.504108" lon="152.686979"><ele>35.1</ele><time>2026-01-01T04:35:36Z</time></trkpt>
<trkpt lat="-27.504396" lon="152.687386"><ele>34.5</ele><time>2026-01-01T04:35:43Z</time></trkpt>
<trkpt lat="-27.504436" lon="152.687445"><ele>34.4</ele><time>2026-01-01T04:35:44Z</time></trkpt>
<trkpt lat="-27.504511" lon="152.687562"><ele>34.1</ele><time>2026-01-01T04:35:46Z</time></trkpt>
<trkpt lat="-27.504591" lon="152.687677"><ele>33.9</ele><time>2026-01-01T04:35:48Z</time></trkpt>
<trkpt lat="-27.504957" lon="152.68821"><ele>31.9</ele><time>2026-01-01T04:35:57Z</time></trkpt>
<trkpt lat="-27.505128" lon="152.68847"><ele>30.5</ele><time>2026-01-01T04:36:01Z</time></trkpt>
<trkpt lat="-27.505225" lon="152.688607"><ele>30</ele><time>2026-01-01T04:36:03Z</time></trkpt>
<trkpt lat="-27.505277" lon="152.688674"><ele>29.8</ele><time>2026-01-01T04:36:04Z</time></trkpt>
<trkpt lat="-27.505332" lon="152.688736"><ele>29.7</ele><time>2026-01-01T04:36:05Z</time></trkpt>
<trkpt lat="-27.505392" lon="152.688792"><ele>29.7</ele><time>2026-01-01T04:36:06Z</time></trkpt>
<trkpt lat="-27.505456" lon="152.688838"><ele>29.7</ele><time>2026-01-01T04:36:07Z</time></trkpt>
<trkpt lat="-27.505591" lon="152.688899"><ele>29.8</ele><time>2026-01-01T04:36:09Z</time></trkpt>
<trkpt lat="-27.505731" lon="152.688917"><ele>29.9</ele><time>2026-01-01T04:36:11Z</time></trkpt>
<trkpt lat="-27.505872" lon="152.688906"><ele>30.1</ele><time>2026-01-01T04:36:13Z</time></trkpt>
<trkpt lat="-27.506407" lon="152.688805"><ele>30.5</ele><time>2026-01-01T04:36:21Z</time></trkpt>
<trkpt lat="-27.506825" lon="152.688732"><ele>31</ele><time>2026-01-01T04:36:27Z</time></trkpt>
<trkpt lat="-27.507022" lon="152.688695"><ele>32.8</ele><time>2026-01-01T04:36:30Z</time></trkpt>
<trkpt lat="-27.507079" lon="152.688686"><ele>33.5</ele><time>2026-01-01T04:36:31Z</time></trkpt>
<trkpt lat="-27.507184" lon="152.688668"><ele>35</ele><time>2026-01-01T04:36:33Z</time></trkpt>
<trkpt lat="-27.50728" lon="152.688648"><ele>36.4</ele><time>2026-01-01T04:36:35Z</time></trkpt>
<trkpt lat="-27.507368" lon="152.688631"><ele>37.6</ele><time>2026-01-01T04:36:37Z</time></trkpt>
<trkpt lat="-27.507412" lon="152.688624"><ele>38.2</ele><time>2026-01-01T04:36:38Z</time></trkpt>
<trkpt lat="-27.507543" lon="152.688602"><ele>39.7</ele><time>2026-01-01T04:36:41Z</time></trkpt>
<trkpt lat="-27.507668" lon="152.688581"><ele>40.9</ele><time>2026-01-01T04:36:44Z</time></trkpt>
<trkpt lat="-27.507708" lon="152.688574"><ele>41.2</ele><time>2026-01-01T04:36:45Z</time></trkpt>
<trkpt lat="-27.507749" lon="152.688567"><ele>41.6</ele><time>2026-01-01T04:36:46Z</time></trkpt>
<trkpt lat="-27.507793" lon="152.68856"><ele>41.9</ele><time>2026-01-01T04:36:47Z</time></trkpt>
<trkpt lat="-27.507995" lon="152.68852"><ele>43.8</ele><time>2026-01-01T04:36:52Z</time></trkpt>
<trkpt lat="-27.508033" lon="152.688512"><ele>44.2</ele><time>2026-01-01T04:36:53Z</time></trkpt>
<trkpt lat="-27.50807" lon="152.688504"><ele>44.6</ele><time>2026-01-01T04:36:54Z</time></trkpt>
<trkpt lat="-27.508145" lon="152.688491"><ele>45.5</ele><time>2026-01-01T04:36:56Z</time></trkpt>
<trkpt lat="-27.50822" lon="152.688487"><ele>46.5</ele><time>2026-01-01T04:36:58Z</time></trkpt>
<trkpt lat="-27.508331" lon="152.688474"><ele>47.9</ele><time>2026-01-01T04:37:01Z</time></trkpt>
<trkpt lat="-27.508428" lon="152.688455"><ele>49.1</ele><time>2026-01-01T04:37:04Z</time></trkpt>
<trkpt lat="-27.508501" lon="152.688442"><ele>50</ele><time>2026-01-01T04:37:06Z</time></trkpt>
<trkpt lat="-27.508582" lon="152.68843"><ele>50.9</ele><time>2026-01-01T04:37:08Z</time></trkpt>
<trkpt lat="-27.508689" lon="152.688402"><ele>51.9</ele><time>2026-01-01T04:37:11Z</time></trkpt>
<trkpt lat="-27.508952" lon="152.688358"><ele>53.4</ele><time>2026-01-01T04:37:18Z</time></trkpt>
<trkpt lat="-27.50899" lon="152.688347"><ele>53.5</ele><time>2026-01-01T04:37:19Z</time></trkpt>
<trkpt lat="-27.50911" lon="152.688327"><ele>53.6</ele><time>2026-01-01T04:37:22Z</time></trkpt>
<trkpt lat="-27.509331" lon="152.688289"><ele>53.3</ele><time>2026-01-01T04:37:27Z</time></trkpt>
<trkpt lat="-27.509547" lon="152.688282"><ele>52.8</ele><time>2026-01-01T04:37:31Z</time></trkpt>
<trkpt lat="-27.509603" lon="152.688294"><ele>52.6</ele><time>2026-01-01T04:37:32Z</time></trkpt>
<trkpt lat="-27.509658" lon="152.688313"><ele>52.5</ele><time>2026-01-01T04:37:33Z</time></trkpt>
<trkpt lat="-27.509804" lon="152.688408"><ele>52.2</ele><time>2026-01-01T04:37:36Z</time></trkpt>
<trkpt lat="-27.509883" lon="152.688499"><ele>52</ele><time>2026-01-01T04:37:38Z</time></trkpt>
<trkpt lat="-27.510061" lon="152.688851"><ele>51.4</ele><time>2026-01-01T04:37:44Z</time></trkpt>
<trkpt lat="-27.510133" lon="152.689039"><ele>51.1</ele><time>2026-01-01T04:37:47Z</time></trkpt>
<trkpt lat="-27.510158" lon="152.689103"><ele>50.9</ele><time>2026-01-01T04:37:48Z</time></trkpt>
<trkpt lat="-27.5103" lon="152.689437"><ele>50.2</ele><time>2026-01-01T04:37:53Z</time></trkpt>
<trkpt lat="-27.510469" lon="152.689868"><ele>48.9</ele><time>2026-01-01T04:37:59Z</time></trkpt>
<trkpt lat="-27.5106" lon="152.690162"><ele>47.6</ele><time>2026-01-01T04:38:03Z</time></trkpt>
<trkpt lat="-27.510698" lon="152.690397"><ele>46.7</ele><time>2026-01-01T04:38:06Z</time></trkpt>
<trkpt lat="-27.510854" lon="152.690787"><ele>45.4</ele><time>2026-01-01T04:38:11Z</time></trkpt>
<trkpt lat="-27.510885" lon="152.690864"><ele>45.2</ele><time>2026-01-01T04:38:12Z</time></trkpt>
<trkpt lat="-27.510918" lon="152.69094"><ele>44.9</ele><time>2026-01-01T04:38:13Z</time></trkpt>
<trkpt lat="-27.511053" lon="152.691267"><ele>44.2</ele><time>2026-01-01T04:38:17Z</time></trkpt>
<trkpt lat="-27.511085" lon="152.691348"><ele>44.1</ele><time>2026-01-01T04:38:18Z</time></trkpt>
<trkpt lat="-27.511146" lon="152.691506"><ele>43.8</ele><time>2026-01-01T04:38:20Z</time></trkpt>
<trkpt lat="-27.511302" lon="152.691912"><ele>42.9</ele><time>2026-01-01T04:38:25Z</time></trkpt>
<trkpt lat="-27.511533" lon="152.692482"><ele>40.8</ele><time>2026-01-01T04:38:32Z</time></trkpt>
<trkpt lat="-27.511733" lon="152.693"><ele>40.5</ele><time>2026-01-01T04:38:38Z</time></trkpt>
<trkpt lat="-27.511861" lon="152.693308"><ele>40.5</ele><time>2026-01-01T04:38:42Z</time></trkpt>
<trkpt lat="-27.511956" lon="152.693534"><ele>40</ele><time>2026-01-01T04:38:45Z</time></trkpt>
<trkpt lat="-27.512021" lon="152.693685"><ele>39.4</ele><time>2026-01-01T04:38:47Z</time></trkpt>
<trkpt lat="-27.512226" lon="152.694158"><ele>37.4</ele><time>2026-01-01T04:38:53Z</time></trkpt>
<trkpt lat="-27.512261" lon="152.694237"><ele>37.2</ele><time>2026-01-01T04:38:54Z</time></trkpt>
<trkpt lat="-27.512295" lon="152.694319"><ele>37</ele><time>2026-01-01T04:38:55Z</time></trkpt>
<trkpt lat="-27.512428" lon="152.694665"><ele>36.6</ele><time>2026-01-01T04:38:59Z</time></trkpt>
<trkpt lat="-27.512617" lon="152.695282"><ele>37.5</ele><time>2026-01-01T04:39:06Z</time></trkpt>
<trkpt lat="-27.512631" lon="152.695366"><ele>37.7</ele><time>2026-01-01T04:39:07Z</time></trkpt>
<trkpt lat="-27.512672" lon="152.695611"><ele>38.1</ele><time>2026-01-01T04:39:10Z</time></trkpt>
<trkpt lat="-27.512697" lon="152.695771"><ele>38.3</ele><time>2026-01-01T04:39:12Z</time></trkpt>
<trkpt lat="-27.512781" lon="152.696439"><ele>37.3</ele><time>2026-01-01T04:39:20Z</time></trkpt>
<trkpt lat="-27.512806" lon="152.696611"><ele>37.2</ele><time>2026-01-01T04:39:22Z</time></trkpt>
<trkpt lat="-27.51282" lon="152.696697"><ele>37.3</ele><time>2026-01-01T04:39:23Z</time></trkpt>
<trkpt lat="-27.512855" lon="152.696953"><ele>37.9</ele><time>2026-01-01T04:39:26Z</time></trkpt>
<trkpt lat="-27.512878" lon="152.697113"><ele>38.5</ele><time>2026-01-01T04:39:28Z</time></trkpt>
<trkpt lat="-27.512898" lon="152.697266"><ele>39</ele><time>2026-01-01T04:39:30Z</time></trkpt>
<trkpt lat="-27.512918" lon="152.697412"><ele>39.5</ele><time>2026-01-01T04:39:32Z</time></trkpt>
<trkpt lat="-27.512955" lon="152.697686"><ele>40</ele><time>2026-01-01T04:39:36Z</time></trkpt>
<trkpt lat="-27.513014" lon="152.698181"><ele>40.5</ele><time>2026-01-01T04:39:43Z</time></trkpt>
<trkpt lat="-27.513097" lon="152.698813"><ele>41.8</ele><time>2026-01-01T04:39:52Z</time></trkpt>
<trkpt lat="-27.513117" lon="152.69893"><ele>42.1</ele><time>2026-01-01T04:39:54Z</time></trkpt>
<trkpt lat="-27.513133" lon="152.699005"><ele>42.3</ele><time>2026-01-01T04:39:55Z</time></trkpt>
<trkpt lat="-27.513181" lon="152.699259"><ele>42.7</ele><time>2026-01-01T04:39:59Z</time></trkpt>
<trkpt lat="-27.513266" lon="152.699837"><ele>43.1</ele><time>2026-01-01T04:40:08Z</time></trkpt>
<trkpt lat="-27.513275" lon="152.699915"><ele>43.2</ele><time>2026-01-01T04:40:09Z</time></trkpt>
<trkpt lat="-27.513289" lon="152.700022"><ele>43.3</ele><time>2026-01-01T04:40:11Z</time></trkpt>
<trkpt lat="-27.513299" lon="152.700074"><ele>43.4</ele><time>2026-01-01T04:40:12Z</time></trkpt>
<trkpt lat="-27.513323" lon="152.700128"><ele>43.4</ele><time>2026-01-01T04:40:13Z</time></trkpt>
<trkpt lat="-27.513352" lon="152.700154"><ele>43.4</ele><time>2026-01-01T04:40:14Z</time></trkpt>
<trkpt lat="-27.513454" lon="152.700181"><ele>43.1</ele><time>2026-01-01T04:40:16Z</time></trkpt>
<trkpt lat="-27.513805" lon="152.700112"><ele>41.7</ele><time>2026-01-01T04:40:22Z</time></trkpt>
<trkpt lat="-27.51387" lon="152.700099"><ele>41.3</ele><time>2026-01-01T04:40:23Z</time></trkpt>
<trkpt lat="-27.514066" lon="152.700059"><ele>39.4</ele><time>2026-01-01T04:40:26Z</time></trkpt>
<trkpt lat="-27.514159" lon="152.700042"><ele>38.3</ele><time>2026-01-01T04:40:27Z</time></trkpt>
<trkpt lat="-27.514227" lon="152.70003"><ele>37.4</ele><time>2026-01-01T04:40:28Z</time></trkpt>
<trkpt lat="-27.514526" lon="152.699981"><ele>33.4</ele><time>2026-01-01T04:40:31Z</time></trkpt>
<trkpt lat="-27.51474" lon="152.699944"><ele>31</ele><time>2026-01-01T04:40:33Z</time></trkpt>
<trkpt lat="-27.514854" lon="152.699924"><ele>30.1</ele><time>2026-01-01T04:40:34Z</time></trkpt>
<trkpt lat="-27.514967" lon="152.699903"><ele>29.4</ele><time>2026-01-01T04:40:35Z</time></trkpt>
<trkpt lat="-27.515078" lon="152.699882"><ele>29</ele><time>2026-01-01T04:40:36Z</time></trkpt>
<trkpt lat="-27.515294" lon="152.699847"><ele>29</ele><time>2026-01-01T04:40:38Z</time></trkpt>
<trkpt lat="-27.515863" lon="152.699745"><ele>30.8</ele><time>2026-01-01T04:40:44Z</time></trkpt>
<trkpt lat="-27.516017" lon="152.699718"><ele>31.5</ele><time>2026-01-01T04:40:46Z</time></trkpt>
<trkpt lat="-27.51609" lon="152.699706"><ele>31.8</ele><time>2026-01-01T04:40:47Z</time></trkpt>
<trkpt lat="-27.51621" lon="152.69969"><ele>32.4</ele><time>2026-01-01T04:40:49Z</time></trkpt>
<trkpt lat="-27.516414" lon="152.699663"><ele>33.4</ele><time>2026-01-01T04:40:52Z</time></trkpt>
<trkpt lat="-27.516588" lon="152.699641"><ele>34.5</ele><time>2026-01-01T04:40:55Z</time></trkpt>
<trkpt lat="-27.516907" lon="152.699605"><ele>36.3</ele><time>2026-01-01T04:41:01Z</time></trkpt>
<trkpt lat="-27.517001" lon="152.699594"><ele>36.8</ele><time>2026-01-01T04:41:03Z</time></trkpt>
<trkpt lat="-27.517219" lon="152.69957"><ele>37.8</ele><time>2026-01-01T04:41:07Z</time></trkpt>
<trkpt lat="-27.517319" lon="152.699558"><ele>38.3</ele><time>2026-01-01T04:41:09Z</time></trkpt>
<trkpt lat="-27.517756" lon="152.699505"><ele>40.6</ele><time>2026-01-01T04:41:18Z</time></trkpt>
<trkpt lat="-27.51785" lon="152.699502"><ele>41.2</ele><time>2026-01-01T04:41:20Z</time></trkpt>
<trkpt lat="-27.517899" lon="152.699503"><ele>41.5</ele><time>2026-01-01T04:41:21Z</time></trkpt>
<trkpt lat="-27.518004" lon="152.699495"><ele>42.3</ele><time>2026-01-01T04:41:23Z</time></trkpt>
<trkpt lat="-27.518111" lon="152.699484"><ele>43.1</ele><time>2026-01-01T04:41:25Z</time></trkpt>
<trkpt lat="-27.518213" lon="152.699469"><ele>43.9</ele><time>2026-01-01T04:41:27Z</time></trkpt>
<trkpt lat="-27.518252" lon="152.69946"><ele>44.2</ele><time>2026-01-01T04:41:28Z</time></trkpt>
<trkpt lat="-27.518408" lon="152.69944"><ele>45.5</ele><time>2026-01-01T04:41:31Z</time></trkpt>
<trkpt lat="-27.518495" lon="152.699432"><ele>46.2</ele><time>2026-01-01T04:41:33Z</time></trkpt>
<trkpt lat="-27.518624" lon="152.69942"><ele>47.2</ele><time>2026-01-01T04:41:36Z</time></trkpt>
<trkpt lat="-27.518655" lon="152.699416"><ele>47.4</ele><time>2026-01-01T04:41:37Z</time></trkpt>
<trkpt lat="-27.518867" lon="152.699393"><ele>49</ele><time>2026-01-01T04:41:42Z</time></trkpt>
<trkpt lat="-27.518898" lon="152.699391"><ele>49.2</ele><time>2026-01-01T04:41:43Z</time></trkpt>
<trkpt lat="-27.519067" lon="152.699372"><ele>50.3</ele><time>2026-01-01T04:41:47Z</time></trkpt>
<trkpt lat="-27.519287" lon="152.699348"><ele>51.5</ele><time>2026-01-01T04:41:52Z</time></trkpt>
<trkpt lat="-27.519586" lon="152.699314"><ele>53</ele><time>2026-01-01T04:41:59Z</time></trkpt>
<trkpt lat="-27.519628" lon="152.699307"><ele>53.1</ele><time>2026-01-01T04:42:00Z</time></trkpt>
<trkpt lat="-27.519721" lon="152.699298"><ele>53.4</ele><time>2026-01-01T04:42:02Z</time></trkpt>
<trkpt lat="-27.519949" lon="152.699278"><ele>54</ele><time>2026-01-01T04:42:07Z</time></trkpt>
<trkpt lat="-27.520204" lon="152.699249"><ele>54.4</ele><time>2026-01-01T04:42:12Z</time></trkpt>
<trkpt lat="-27.520447" lon="152.699219"><ele>54.6</ele><time>2026-01-01T04:42:17Z</time></trkpt>
<trkpt lat="-27.520662" lon="152.699194"><ele>54.6</ele><time>2026-01-01T04:42:21Z</time></trkpt>
<trkpt lat="-27.520833" lon="152.699175"><ele>54.5</ele><time>2026-01-01T04:42:24Z</time></trkpt>
<trkpt lat="-27.520891" lon="152.699171"><ele>54.4</ele><time>2026-01-01T04:42:25Z</time></trkpt>
<trkpt lat="-27.521247" lon="152.699132"><ele>54.1</ele><time>2026-01-01T04:42:31Z</time></trkpt>
<trkpt lat="-27.521435" lon="152.699115"><ele>53.9</ele><time>2026-01-01T04:42:34Z</time></trkpt>
<trkpt lat="-27.5215" lon="152.69911"><ele>53.9</ele><time>2026-01-01T04:42:35Z</time></trkpt>
<trkpt lat="-27.521773" lon="152.699084"><ele>53.8</ele><time>2026-01-01T04:42:39Z</time></trkpt>
<trkpt lat="-27.522305" lon="152.699052"><ele>53.5</ele><time>2026-01-01T04:42:47Z</time></trkpt>
<trkpt lat="-27.522459" lon="152.699065"><ele>53.4</ele><time>2026-01-01T04:42:49Z</time></trkpt>
<trkpt lat="-27.522728" lon="152.699116"><ele>53.2</ele><time>2026-01-01T04:42:53Z</time></trkpt>
<trkpt lat="-27.523129" lon="152.699292"><ele>52.8</ele><time>2026-01-01T04:42:59Z</time></trkpt>
<trkpt lat="-27.523556" lon="152.699609"><ele>52.5</ele><time>2026-01-01T04:43:06Z</time></trkpt>
<trkpt lat="-27.523914" lon="152.699962"><ele>52.7</ele><time>2026-01-01T04:43:13Z</time></trkpt>
<trkpt lat="-27.524208" lon="152.700376"><ele>53.4</ele><time>2026-01-01T04:43:20Z</time></trkpt>
<trkpt lat="-27.524305" lon="152.700554"><ele>54.1</ele><time>2026-01-01T04:43:23Z</time></trkpt>
<trkpt lat="-27.524367" lon="152.700689"><ele>54.6</ele><time>2026-01-01T04:43:25Z</time></trkpt>
<trkpt lat="-27.524387" lon="152.700739"><ele>54.8</ele><time>2026-01-01T04:43:26Z</time></trkpt>
<trkpt lat="-27.524435" lon="152.700871"><ele>55.6</ele><time>2026-01-01T04:43:28Z</time></trkpt>
<trkpt lat="-27.524509" lon="152.701126"><ele>57.4</ele><time>2026-01-01T04:43:32Z</time></trkpt>
<trkpt lat="-27.524538" lon="152.70126"><ele>58.6</ele><time>2026-01-01T04:43:34Z</time></trkpt>
<trkpt lat="-27.524572" lon="152.701415"><ele>60.1</ele><time>2026-01-01T04:43:37Z</time></trkpt>
<trkpt lat="-27.52458" lon="152.701456"><ele>60.5</ele><time>2026-01-01T04:43:38Z</time></trkpt>
<trkpt lat="-27.52459" lon="152.701509"><ele>61</ele><time>2026-01-01T04:43:39Z</time></trkpt>
<trkpt lat="-27.5246" lon="152.701556"><ele>61.4</ele><time>2026-01-01T04:43:40Z</time></trkpt>
<trkpt lat="-27.524621" lon="152.701663"><ele>62.1</ele><time>2026-01-01T04:43:42Z</time></trkpt>
<trkpt lat="-27.524631" lon="152.701711"><ele>62.3</ele><time>2026-01-01T04:43:43Z</time></trkpt>
<trkpt lat="-27.524649" lon="152.701807"><ele>62.5</ele><time>2026-01-01T04:43:45Z</time></trkpt>
<trkpt lat="-27.524662" lon="152.701855"><ele>62.6</ele><time>2026-01-01T04:43:46Z</time></trkpt>
<trkpt lat="-27.524703" lon="152.702047"><ele>61.9</ele><time>2026-01-01T04:43:50Z</time></trkpt>
<trkpt lat="-27.524784" lon="152.702286"><ele>58.6</ele><time>2026-01-01T04:43:54Z</time></trkpt>
<trkpt lat="-27.524831" lon="152.702423"><ele>55.7</ele><time>2026-01-01T04:43:56Z</time></trkpt>
<trkpt lat="-27.524909" lon="152.702632"><ele>50.5</ele><time>2026-01-01T04:43:58Z</time></trkpt>
<trkpt lat="-27.524995" lon="152.702856"><ele>45.7</ele><time>2026-01-01T04:44:00Z</time></trkpt>
<trkpt lat="-27.525045" lon="152.70299"><ele>43.5</ele><time>2026-01-01T04:44:01Z</time></trkpt>
<trkpt lat="-27.525157" lon="152.703287"><ele>41.1</ele><time>2026-01-01T04:44:03Z</time></trkpt>
<trkpt lat="-27.525202" lon="152.70342"><ele>41.2</ele><time>2026-01-01T04:44:04Z</time></trkpt>
<trkpt lat="-27.525232" lon="152.703524"><ele>41.8</ele><time>2026-01-01T04:44:05Z</time></trkpt>
<trkpt lat="-27.525352" lon="152.703864"><ele>45.6</ele><time>2026-01-01T04:44:08Z</time></trkpt>
<trkpt lat="-27.525398" lon="152.703982"><ele>47.4</ele><time>2026-01-01T04:44:09Z</time></trkpt>
<trkpt lat="-27.525436" lon="152.704067"><ele>48.7</ele><time>2026-01-01T04:44:10Z</time></trkpt>
<trkpt lat="-27.5255" lon="152.704215"><ele>50.7</ele><time>2026-01-01T04:44:12Z</time></trkpt>
<trkpt lat="-27.525531" lon="152.70428"><ele>51.5</ele><time>2026-01-01T04:44:13Z</time></trkpt>
<trkpt lat="-27.525596" lon="152.704389"><ele>52.6</ele><time>2026-01-01T04:44:15Z</time></trkpt>
<trkpt lat="-27.525629" lon="152.704439"><ele>53.1</ele><time>2026-01-01T04:44:16Z</time></trkpt>
<trkpt lat="-27.525786" lon="152.704676"><ele>54.5</ele><time>2026-01-01T04:44:21Z</time></trkpt>
<trkpt lat="-27.52586" lon="152.704763"><ele>54.8</ele><time>2026-01-01T04:44:23Z</time></trkpt>
<trkpt lat="-27.52594" lon="152.704856"><ele>55.2</ele><time>2026-01-01T04:44:25Z</time></trkpt>
<trkpt lat="-27.526057" lon="152.704982"><ele>55.6</ele><time>2026-01-01T04:44:28Z</time></trkpt>
<trkpt lat="-27.526129" lon="152.705047"><ele>55.8</ele><time>2026-01-01T04:44:30Z</time></trkpt>
<trkpt lat="-27.526406" lon="152.705292"><ele>56.9</ele><time>2026-01-01T04:44:37Z</time></trkpt>
<trkpt lat="-27.526493" lon="152.705363"><ele>57.4</ele><time>2026-01-01T04:44:39Z</time></trkpt>
<trkpt lat="-27.526761" lon="152.70559"><ele>59</ele><time>2026-01-01T04:44:46Z</time></trkpt>
<trkpt lat="-27.526873" lon="152.705672"><ele>59.9</ele><time>2026-01-01T04:44:49Z</time></trkpt>
<trkpt lat="-27.526949" lon="152.705727"><ele>60.5</ele><time>2026-01-01T04:44:51Z</time></trkpt>
<trkpt lat="-27.5271" lon="152.705831"><ele>61.8</ele><time>2026-01-01T04:44:55Z</time></trkpt>
<trkpt lat="-27.527162" lon="152.705875"><ele>62.3</ele><time>2026-01-01T04:44:57Z</time></trkpt>
<trkpt lat="-27.527206" lon="152.705906"><ele>62.7</ele><time>2026-01-01T04:44:58Z</time></trkpt>
<trkpt lat="-27.527317" lon="152.705975"><ele>63.7</ele><time>2026-01-01T04:45:01Z</time></trkpt>
<trkpt lat="-27.5274" lon="152.706007"><ele>64.3</ele><time>2026-01-01T04:45:03Z</time></trkpt>
<trkpt lat="-27.52757" lon="152.706059"><ele>65.9</ele><time>2026-01-01T04:45:07Z</time></trkpt>
<trkpt lat="-27.527651" lon="152.706086"><ele>66.7</ele><time>2026-01-01T04:45:09Z</time></trkpt>
<trkpt lat="-27.527691" lon="152.706096"><ele>67.1</ele><time>2026-01-01T04:45:10Z</time></trkpt>
<trkpt lat="-27.527768" lon="152.706115"><ele>67.9</ele><time>2026-01-01T04:45:12Z</time></trkpt>
<trkpt lat="-27.527804" lon="152.706125"><ele>68.2</ele><time>2026-01-01T04:45:13Z</time></trkpt>
<trkpt lat="-27.527832" lon="152.706132"><ele>68.5</ele><time>2026-01-01T04:45:14Z</time></trkpt>
<trkpt lat="-27.527878" lon="152.70614"><ele>69</ele><time>2026-01-01T04:45:15Z</time></trkpt>
<trkpt lat="-27.527919" lon="152.706143"><ele>69.4</ele><time>2026-01-01T04:45:16Z</time></trkpt>
<trkpt lat="-27.528072" lon="152.706156"><ele>70.9</ele><time>2026-01-01T04:45:20Z</time></trkpt>
<trkpt lat="-27.528111" lon="152.706159"><ele>71.3</ele><time>2026-01-01T04:45:21Z</time></trkpt>
<trkpt lat="-27.528282" lon="152.706168"><ele>72.7</ele><time>2026-01-01T04:45:25Z</time></trkpt>
<trkpt lat="-27.528401" lon="152.706176"><ele>73.4</ele><time>2026-01-01T04:45:28Z</time></trkpt>
<trkpt lat="-27.528761" lon="152.706185"><ele>73.8</ele><time>2026-01-01T04:45:36Z</time></trkpt>
<trkpt lat="-27.528918" lon="152.706193"><ele>73</ele><time>2026-01-01T04:45:39Z</time></trkpt>
<trkpt lat="-27.529165" lon="152.706193"><ele>71</ele><time>2026-01-01T04:45:43Z</time></trkpt>
<trkpt lat="-27.529379" lon="152.706203"><ele>69</ele><time>2026-01-01T04:45:46Z</time></trkpt>
<trkpt lat="-27.529442" lon="152.706206"><ele>68.5</ele><time>2026-01-01T04:45:47Z</time></trkpt>
<trkpt lat="-27.529523" lon="152.706207"><ele>67.9</ele><time>2026-01-01T04:45:48Z</time></trkpt>
<trkpt lat="-27.5298" lon="152.706212"><ele>65.8</ele><time>2026-01-01T04:45:51Z</time></trkpt>
<trkpt lat="-27.529892" lon="152.706211"><ele>65.1</ele><time>2026-01-01T04:45:52Z</time></trkpt>
<trkpt lat="-27.530064" lon="152.706213"><ele>64.1</ele><time>2026-01-01T04:45:54Z</time></trkpt>
<trkpt lat="-27.53018" lon="152.706216"><ele>63.5</ele><time>2026-01-01T04:45:55Z</time></trkpt>
<trkpt lat="-27.530277" lon="152.706216"><ele>63.2</ele><time>2026-01-01T04:45:56Z</time></trkpt>
<trkpt lat="-27.530353" lon="152.706219"><ele>62.9</ele><time>2026-01-01T04:45:57Z</time></trkpt>
<trkpt lat="-27.530741" lon="152.706218"><ele>61.9</ele><time>2026-01-01T04:46:01Z</time></trkpt>
<trkpt lat="-27.530997" lon="152.706216"><ele>60.9</ele><time>2026-01-01T04:46:04Z</time></trkpt>
<trkpt lat="-27.531152" lon="152.706212"><ele>59.5</ele><time>2026-01-01T04:46:06Z</time></trkpt>
<trkpt lat="-27.531356" lon="152.706209"><ele>56.8</ele><time>2026-01-01T04:46:08Z</time></trkpt>
<trkpt lat="-27.531436" lon="152.706208"><ele>55.6</ele><time>2026-01-01T04:46:09Z</time></trkpt>
<trkpt lat="-27.531669" lon="152.706214"><ele>51.9</ele><time>2026-01-01T04:46:11Z</time></trkpt>
<trkpt lat="-27.531786" lon="152.70622"><ele>50.2</ele><time>2026-01-01T04:46:12Z</time></trkpt>
<trkpt lat="-27.531908" lon="152.706226"><ele>48.8</ele><time>2026-01-01T04:46:13Z</time></trkpt>
<trkpt lat="-27.532033" lon="152.706229"><ele>47.7</ele><time>2026-01-01T04:46:14Z</time></trkpt>
<trkpt lat="-27.53216" lon="152.706232"><ele>47</ele><time>2026-01-01T04:46:15Z</time></trkpt>
<trkpt lat="-27.532414" lon="152.706237"><ele>46.7</ele><time>2026-01-01T04:46:17Z</time></trkpt>
<trkpt lat="-27.532887" lon="152.706249"><ele>49.5</ele><time>2026-01-01T04:46:21Z</time></trkpt>
<trkpt lat="-27.533125" lon="152.706258"><ele>51.7</ele><time>2026-01-01T04:46:23Z</time></trkpt>
<trkpt lat="-27.533399" lon="152.706261"><ele>53.8</ele><time>2026-01-01T04:46:26Z</time></trkpt>
<trkpt lat="-27.533464" lon="152.70626"><ele>54.1</ele><time>2026-01-01T04:46:27Z</time></trkpt>
<trkpt lat="-27.533556" lon="152.706258"><ele>54.5</ele><time>2026-01-01T04:46:28Z</time></trkpt>
<trkpt lat="-27.533831" lon="152.706261"><ele>54.6</ele><time>2026-01-01T04:46:32Z</time></trkpt>
<trkpt lat="-27.534289" lon="152.706294"><ele>53.6</ele><time>2026-01-01T04:46:39Z</time></trkpt>
<trkpt lat="-27.534715" lon="152.706373"><ele>53.4</ele><time>2026-01-01T04:46:45Z</time></trkpt>
<trkpt lat="-27.534795" lon="152.706393"><ele>53.6</ele><time>2026-01-01T04:46:46Z</time></trkpt>
<trkpt lat="-27.53504" lon="152.706467"><ele>54.7</ele><time>2026-01-01T04:46:50Z</time></trkpt>
<trkpt lat="-27.535085" lon="152.706482"><ele>54.9</ele><time>2026-01-01T04:46:51Z</time></trkpt>
<trkpt lat="-27.535292" lon="152.706552"><ele>56.6</ele><time>2026-01-01T04:46:55Z</time></trkpt>
<trkpt lat="-27.535341" lon="152.70657"><ele>57</ele><time>2026-01-01T04:46:56Z</time></trkpt>
<trkpt lat="-27.535388" lon="152.706588"><ele>57.5</ele><time>2026-01-01T04:46:57Z</time></trkpt>
<trkpt lat="-27.535539" lon="152.70664"><ele>59.1</ele><time>2026-01-01T04:47:00Z</time></trkpt>
<trkpt lat="-27.535683" lon="152.706694"><ele>60.7</ele><time>2026-01-01T04:47:03Z</time></trkpt>
<trkpt lat="-27.535755" lon="152.706724"><ele>61.6</ele><time>2026-01-01T04:47:05Z</time></trkpt>
<trkpt lat="-27.53587" lon="152.706766"><ele>63</ele><time>2026-01-01T04:47:08Z</time></trkpt>
<trkpt lat="-27.535992" lon="152.706811"><ele>64.4</ele><time>2026-01-01T04:47:11Z</time></trkpt>
<trkpt lat="-27.536093" lon="152.706848"><ele>65.6</ele><time>2026-01-01T04:47:14Z</time></trkpt>
<trkpt lat="-27.536135" lon="152.706857"><ele>66.1</ele><time>2026-01-01T04:47:15Z</time></trkpt>
<trkpt lat="-27.536265" lon="152.706894"><ele>67.6</ele><time>2026-01-01T04:47:19Z</time></trkpt>
<trkpt lat="-27.536298" lon="152.706903"><ele>68</ele><time>2026-01-01T04:47:20Z</time></trkpt>
<trkpt lat="-27.536446" lon="152.706952"><ele>69.7</ele><time>2026-01-01T04:47:24Z</time></trkpt>
<trkpt lat="-27.536553" lon="152.706987"><ele>70.9</ele><time>2026-01-01T04:47:27Z</time></trkpt>
<trkpt lat="-27.536656" lon="152.707022"><ele>72.1</ele><time>2026-01-01T04:47:30Z</time></trkpt>
<trkpt lat="-27.536753" lon="152.707058"><ele>73.1</ele><time>2026-01-01T04:47:33Z</time></trkpt>
<trkpt lat="-27.536847" lon="152.707092"><ele>74.2</ele><time>2026-01-01T04:47:36Z</time></trkpt>
<trkpt lat="-27.536944" lon="152.707132"><ele>75.2</ele><time>2026-01-01T04:47:39Z</time></trkpt>
<trkpt lat="-27.537009" lon="152.70716"><ele>75.9</ele><time>2026-01-01T04:47:41Z</time></trkpt>
<trkpt lat="-27.537124" lon="152.707216"><ele>77</ele><time>2026-01-01T04:47:44Z</time></trkpt>
<trkpt lat="-27.537228" lon="152.707254"><ele>77.8</ele><time>2026-01-01T04:47:47Z</time></trkpt>
<trkpt lat="-27.537271" lon="152.707268"><ele>78.1</ele><time>2026-01-01T04:47:48Z</time></trkpt>
<trkpt lat="-27.537355" lon="152.707304"><ele>78.6</ele><time>2026-01-01T04:47:50Z</time></trkpt>
<trkpt lat="-27.537443" lon="152.707316"><ele>79</ele><time>2026-01-01T04:47:52Z</time></trkpt>
<trkpt lat="-27.537581" lon="152.707334"><ele>79.3</ele><time>2026-01-01T04:47:56Z</time></trkpt>
<trkpt lat="-27.537717" lon="152.707367"><ele>79.3</ele><time>2026-01-01T04:47:59Z</time></trkpt>
<trkpt lat="-27.537762" lon="152.707378"><ele>79.3</ele><time>2026-01-01T04:48:00Z</time></trkpt>
<trkpt lat="-27.538169" lon="152.707485"><ele>79.1</ele><time>2026-01-01T04:48:09Z</time></trkpt>
<trkpt lat="-27.538348" lon="152.707565"><ele>79.4</ele><time>2026-01-01T04:48:13Z</time></trkpt>
<trkpt lat="-27.538513" lon="152.707678"><ele>80.3</ele><time>2026-01-01T04:48:17Z</time></trkpt>
<trkpt lat="-27.538757" lon="152.707919"><ele>83.3</ele><time>2026-01-01T04:48:24Z</time></trkpt>
<trkpt lat="-27.538781" lon="152.707951"><ele>83.8</ele><time>2026-01-01T04:48:25Z</time></trkpt>
<trkpt lat="-27.538802" lon="152.707983"><ele>84.3</ele><time>2026-01-01T04:48:26Z</time></trkpt>
<trkpt lat="-27.538849" lon="152.70805"><ele>85.3</ele><time>2026-01-01T04:48:28Z</time></trkpt>
<trkpt lat="-27.538894" lon="152.708121"><ele>86.4</ele><time>2026-01-01T04:48:30Z</time></trkpt>
<trkpt lat="-27.538927" lon="152.708199"><ele>87.4</ele><time>2026-01-01T04:48:32Z</time></trkpt>
<trkpt lat="-27.538945" lon="152.708237"><ele>88</ele><time>2026-01-01T04:48:33Z</time></trkpt>
<trkpt lat="-27.538998" lon="152.708354"><ele>89.5</ele><time>2026-01-01T04:48:36Z</time></trkpt>
<trkpt lat="-27.539033" lon="152.708432"><ele>90.5</ele><time>2026-01-01T04:48:38Z</time></trkpt>
<trkpt lat="-27.539067" lon="152.708514"><ele>91.4</ele><time>2026-01-01T04:48:40Z</time></trkpt>
<trkpt lat="-27.539133" lon="152.708743"><ele>93.1</ele><time>2026-01-01T04:48:45Z</time></trkpt>
<trkpt lat="-27.539215" lon="152.709051"><ele>94.4</ele><time>2026-01-01T04:48:52Z</time></trkpt>
<trkpt lat="-27.539243" lon="152.709146"><ele>94.5</ele><time>2026-01-01T04:48:54Z</time></trkpt>
<trkpt lat="-27.539337" lon="152.709496"><ele>94</ele><time>2026-01-01T04:49:01Z</time></trkpt>
<trkpt lat="-27.539354" lon="152.709546"><ele>93.9</ele><time>2026-01-01T04:49:02Z</time></trkpt>
<trkpt lat="-27.539373" lon="152.709598"><ele>93.7</ele><time>2026-01-01T04:49:03Z</time></trkpt>
<trkpt lat="-27.53944" lon="152.709763"><ele>93.3</ele><time>2026-01-01T04:49:06Z</time></trkpt>
<trkpt lat="-27.539493" lon="152.709883"><ele>92.9</ele><time>2026-01-01T04:49:08Z</time></trkpt>
<trkpt lat="-27.539517" lon="152.709924"><ele>92.8</ele><time>2026-01-01T04:49:09Z</time></trkpt>
<trkpt lat="-27.539621" lon="152.710069"><ele>92.3</ele><time>2026-01-01T04:49:12Z</time></trkpt>
<trkpt lat="-27.539706" lon="152.710159"><ele>92</ele><time>2026-01-01T04:49:14Z</time></trkpt>
<trkpt lat="-27.539978" lon="152.710363"><ele>91.3</ele><time>2026-01-01T04:49:19Z</time></trkpt>
<trkpt lat="-27.54014" lon="152.710456"><ele>91.1</ele><time>2026-01-01T04:49:22Z</time></trkpt>
<trkpt lat="-27.540323" lon="152.710545"><ele>91.1</ele><time>2026-01-01T04:49:25Z</time></trkpt>
<trkpt lat="-27.540533" lon="152.71064"><ele>90.8</ele><time>2026-01-01T04:49:29Z</time></trkpt>
<trkpt lat="-27.540837" lon="152.710777"><ele>88.9</ele><time>2026-01-01T04:49:34Z</time></trkpt>
<trkpt lat="-27.540956" lon="152.710832"><ele>87.9</ele><time>2026-01-01T04:49:36Z</time></trkpt>
<trkpt lat="-27.541108" lon="152.71091"><ele>86.7</ele><time>2026-01-01T04:49:38Z</time></trkpt>
<trkpt lat="-27.541294" lon="152.710991"><ele>86</ele><time>2026-01-01T04:49:40Z</time></trkpt>
<trkpt lat="-27.54154" lon="152.711105"><ele>85.5</ele><time>2026-01-01T04:49:43Z</time></trkpt>
<trkpt lat="-27.541624" lon="152.711134"><ele>85.5</ele><time>2026-01-01T04:49:44Z</time></trkpt>
<trkpt lat="-27.541709" lon="152.711168"><ele>85.5</ele><time>2026-01-01T04:49:45Z</time></trkpt>
<trkpt lat="-27.542221" lon="152.71139"><ele>86.4</ele><time>2026-01-01T04:49:51Z</time></trkpt>
<trkpt lat="-27.542316" lon="152.711433"><ele>86.4</ele><time>2026-01-01T04:49:52Z</time></trkpt>
<trkpt lat="-27.542667" lon="152.711574"><ele>86.6</ele><time>2026-01-01T04:49:57Z</time></trkpt>
<trkpt lat="-27.542902" lon="152.71164"><ele>86.6</ele><time>2026-01-01T04:50:00Z</time></trkpt>
<trkpt lat="-27.543103" lon="152.711685"><ele>86.5</ele><time>2026-01-01T04:50:03Z</time></trkpt>
<trkpt lat="-27.543503" lon="152.711757"><ele>86.5</ele><time>2026-01-01T04:50:09Z</time></trkpt>
<trkpt lat="-27.543633" lon="152.711781"><ele>86.6</ele><time>2026-01-01T04:50:11Z</time></trkpt>
<trkpt lat="-27.544057" lon="152.711908"><ele>87.4</ele><time>2026-01-01T04:50:18Z</time></trkpt>
<trkpt lat="-27.544268" lon="152.71201"><ele>88.1</ele><time>2026-01-01T04:50:22Z</time></trkpt>
<trkpt lat="-27.544348" lon="152.712052"><ele>88.4</ele><time>2026-01-01T04:50:24Z</time></trkpt>
<trkpt lat="-27.544429" lon="152.712104"><ele>89.3</ele><time>2026-01-01T04:50:26Z</time></trkpt>
<trkpt lat="-27.544463" lon="152.712129"><ele>89.7</ele><time>2026-01-01T04:50:27Z</time></trkpt>
<trkpt lat="-27.544502" lon="152.712158"><ele>90.2</ele><time>2026-01-01T04:50:28Z</time></trkpt>
<trkpt lat="-27.544563" lon="152.712208"><ele>91</ele><time>2026-01-01T04:50:30Z</time></trkpt>
<trkpt lat="-27.544738" lon="152.712337"><ele>93.2</ele><time>2026-01-01T04:50:35Z</time></trkpt>
<trkpt lat="-27.544776" lon="152.712367"><ele>93.7</ele><time>2026-01-01T04:50:36Z</time></trkpt>
<trkpt lat="-27.544815" lon="152.712394"><ele>94.1</ele><time>2026-01-01T04:50:37Z</time></trkpt>
<trkpt lat="-27.544852" lon="152.712423"><ele>94.6</ele><time>2026-01-01T04:50:38Z</time></trkpt>
<trkpt lat="-27.54496" lon="152.712512"><ele>95.9</ele><time>2026-01-01T04:50:41Z</time></trkpt>
<trkpt lat="-27.545038" lon="152.712583"><ele>96.9</ele><time>2026-01-01T04:50:43Z</time></trkpt>
<trkpt lat="-27.545136" lon="152.712664"><ele>97.9</ele><time>2026-01-01T04:50:46Z</time></trkpt>
<trkpt lat="-27.545205" lon="152.712724"><ele>98.6</ele><time>2026-01-01T04:50:48Z</time></trkpt>
<trkpt lat="-27.545309" lon="152.712831"><ele>99.3</ele><time>2026-01-01T04:50:51Z</time></trkpt>
<trkpt lat="-27.545445" lon="152.712996"><ele>99.6</ele><time>2026-01-01T04:50:55Z</time></trkpt>
<trkpt lat="-27.545485" lon="152.713039"><ele>99.6</ele><time>2026-01-01T04:50:56Z</time></trkpt>
<trkpt lat="-27.545558" lon="152.713126"><ele>99.4</ele><time>2026-01-01T04:50:58Z</time></trkpt>
<trkpt lat="-27.545629" lon="152.713221"><ele>99.1</ele><time>2026-01-01T04:51:00Z</time></trkpt>
<trkpt lat="-27.545665" lon="152.713269"><ele>98.9</ele><time>2026-01-01T04:51:01Z</time></trkpt>
<trkpt lat="-27.545947" lon="152.713628"><ele>98.1</ele><time>2026-01-01T04:51:08Z</time></trkpt>
<trkpt lat="-27.546265" lon="152.714057"><ele>98.7</ele><time>2026-01-01T04:51:16Z</time></trkpt>
<trkpt lat="-27.546522" lon="152.714409"><ele>100.8</ele><time>2026-01-01T04:51:23Z</time></trkpt>
<trkpt lat="-27.546557" lon="152.714457"><ele>101.2</ele><time>2026-01-01T04:51:24Z</time></trkpt>
<trkpt lat="-27.546782" lon="152.714691"><ele>103.6</ele><time>2026-01-01T04:51:30Z</time></trkpt>
<trkpt lat="-27.546824" lon="152.714725"><ele>103.8</ele><time>2026-01-01T04:51:31Z</time></trkpt>
<trkpt lat="-27.547015" lon="152.714838"><ele>104.7</ele><time>2026-01-01T04:51:35Z</time></trkpt>
<trkpt lat="-27.547052" lon="152.714855"><ele>104.7</ele><time>2026-01-01T04:51:36Z</time></trkpt>
<trkpt lat="-27.547158" lon="152.714904"><ele>104.6</ele><time>2026-01-01T04:51:38Z</time></trkpt>
<trkpt lat="-27.547317" lon="152.714944"><ele>104</ele><time>2026-01-01T04:51:41Z</time></trkpt>
<trkpt lat="-27.54738" lon="152.71495"><ele>103.8</ele><time>2026-01-01T04:51:42Z</time></trkpt>
<trkpt lat="-27.547445" lon="152.714951"><ele>103.5</ele><time>2026-01-01T04:51:43Z</time></trkpt>
<trkpt lat="-27.547733" lon="152.714908"><ele>102.6</ele><time>2026-01-01T04:51:47Z</time></trkpt>
<trkpt lat="-27.547787" lon="152.714888"><ele>102.5</ele><time>2026-01-01T04:51:48Z</time></trkpt>
<trkpt lat="-27.547853" lon="152.714858"><ele>102.5</ele><time>2026-01-01T04:51:49Z</time></trkpt>
<trkpt lat="-27.548052" lon="152.714729"><ele>102.9</ele><time>2026-01-01T04:51:52Z</time></trkpt>
<trkpt lat="-27.548208" lon="152.714596"><ele>103.5</ele><time>2026-01-01T04:51:55Z</time></trkpt>
<trkpt lat="-27.548288" lon="152.714509"><ele>104</ele><time>2026-01-01T04:51:57Z</time></trkpt>
<trkpt lat="-27.548402" lon="152.714348"><ele>104.8</ele><time>2026-01-01T04:52:00Z</time></trkpt>
<trkpt lat="-27.548483" lon="152.714237"><ele>105.3</ele><time>2026-01-01T04:52:02Z</time></trkpt>
<trkpt lat="-27.548636" lon="152.714009"><ele>105.9</ele><time>2026-01-01T04:52:06Z</time></trkpt>
<trkpt lat="-27.548711" lon="152.713894"><ele>106</ele><time>2026-01-01T04:52:08Z</time></trkpt>
<trkpt lat="-27.549031" lon="152.713412"><ele>105.9</ele><time>2026-01-01T04:52:16Z</time></trkpt>
<trkpt lat="-27.549181" lon="152.713191"><ele>106.9</ele><time>2026-01-01T04:52:19Z</time></trkpt>
<trkpt lat="-27.549304" lon="152.713018"><ele>108.5</ele><time>2026-01-01T04:52:22Z</time></trkpt>
<trkpt lat="-27.549448" lon="152.712879"><ele>110.2</ele><time>2026-01-01T04:52:25Z</time></trkpt>
<trkpt lat="-27.549504" lon="152.712845"><ele>110.6</ele><time>2026-01-01T04:52:26Z</time></trkpt>
<trkpt lat="-27.549622" lon="152.7128"><ele>111.3</ele><time>2026-01-01T04:52:28Z</time></trkpt>
<trkpt lat="-27.54972" lon="152.712786"><ele>111.7</ele><time>2026-01-01T04:52:30Z</time></trkpt>
<trkpt lat="-27.549888" lon="152.71281"><ele>112</ele><time>2026-01-01T04:52:33Z</time></trkpt>
<trkpt lat="-27.549998" lon="152.712856"><ele>112.1</ele><time>2026-01-01T04:52:35Z</time></trkpt>
<trkpt lat="-27.550502" lon="152.713138"><ele>112.6</ele><time>2026-01-01T04:52:44Z</time></trkpt>
<trkpt lat="-27.551006" lon="152.713431"><ele>113.5</ele><time>2026-01-01T04:52:53Z</time></trkpt>
<trkpt lat="-27.551061" lon="152.713462"><ele>113.6</ele><time>2026-01-01T04:52:54Z</time></trkpt>
<trkpt lat="-27.551226" lon="152.713555"><ele>113.8</ele><time>2026-01-01T04:52:57Z</time></trkpt>
<trkpt lat="-27.551649" lon="152.713771"><ele>114.6</ele><time>2026-01-01T04:53:04Z</time></trkpt>
<trkpt lat="-27.551893" lon="152.71383"><ele>114.9</ele><time>2026-01-01T04:53:08Z</time></trkpt>
<trkpt lat="-27.552034" lon="152.713844"><ele>115</ele><time>2026-01-01T04:53:10Z</time></trkpt>
<trkpt lat="-27.552087" lon="152.713845"><ele>115</ele><time>2026-01-01T04:53:11Z</time></trkpt>
<trkpt lat="-27.552415" lon="152.713801"><ele>114.4</ele><time>2026-01-01T04:53:16Z</time></trkpt>
<trkpt lat="-27.552748" lon="152.713662"><ele>112.4</ele><time>2026-01-01T04:53:21Z</time></trkpt>
<trkpt lat="-27.552817" lon="152.71362"><ele>111.7</ele><time>2026-01-01T04:53:22Z</time></trkpt>
<trkpt lat="-27.552903" lon="152.713558"><ele>110.8</ele><time>2026-01-01T04:53:23Z</time></trkpt>
<trkpt lat="-27.553032" lon="152.713445"><ele>109.2</ele><time>2026-01-01T04:53:25Z</time></trkpt>
<trkpt lat="-27.553118" lon="152.713365"><ele>108.2</ele><time>2026-01-01T04:53:26Z</time></trkpt>
<trkpt lat="-27.553174" lon="152.713304"><ele>107.5</ele><time>2026-01-01T04:53:27Z</time></trkpt>
<trkpt lat="-27.553242" lon="152.713226"><ele>106.9</ele><time>2026-01-01T04:53:28Z</time></trkpt>
<trkpt lat="-27.553456" lon="152.712993"><ele>105.7</ele><time>2026-01-01T04:53:31Z</time></trkpt>
<trkpt lat="-27.553744" lon="152.712663"><ele>105.7</ele><time>2026-01-01T04:53:35Z</time></trkpt>
<trkpt lat="-27.553832" lon="152.712594"><ele>105.7</ele><time>2026-01-01T04:53:36Z</time></trkpt>
<trkpt lat="-27.554021" lon="152.712498"><ele>105.5</ele><time>2026-01-01T04:53:38Z</time></trkpt>
<trkpt lat="-27.554232" lon="152.712435"><ele>104.9</ele><time>2026-01-01T04:53:40Z</time></trkpt>
<trkpt lat="-27.554313" lon="152.712424"><ele>104.6</ele><time>2026-01-01T04:53:41Z</time></trkpt>
<trkpt lat="-27.554513" lon="152.712422"><ele>103.7</ele><time>2026-01-01T04:53:43Z</time></trkpt>
<trkpt lat="-27.554636" lon="152.712442"><ele>103.1</ele><time>2026-01-01T04:53:44Z</time></trkpt>
<trkpt lat="-27.554814" lon="152.712499"><ele>101.9</ele><time>2026-01-01T04:53:46Z</time></trkpt>
<trkpt lat="-27.554925" lon="152.712551"><ele>101.1</ele><time>2026-01-01T04:53:47Z</time></trkpt>
<trkpt lat="-27.554997" lon="152.712596"><ele>100.5</ele><time>2026-01-01T04:53:48Z</time></trkpt>
<trkpt lat="-27.555081" lon="152.712662"><ele>99.8</ele><time>2026-01-01T04:53:49Z</time></trkpt>
<trkpt lat="-27.555233" lon="152.712822"><ele>98.3</ele><time>2026-01-01T04:53:51Z</time></trkpt>
<trkpt lat="-27.555299" lon="152.712914"><ele>97.5</ele><time>2026-01-01T04:53:52Z</time></trkpt>
<trkpt lat="-27.555481" lon="152.713218"><ele>95</ele><time>2026-01-01T04:53:55Z</time></trkpt>
<trkpt lat="-27.555593" lon="152.713431"><ele>93.3</ele><time>2026-01-01T04:53:57Z</time></trkpt>
<trkpt lat="-27.55571" lon="152.713655"><ele>91.7</ele><time>2026-01-01T04:53:59Z</time></trkpt>
<trkpt lat="-27.555776" lon="152.713768"><ele>90.9</ele><time>2026-01-01T04:54:00Z</time></trkpt>
<trkpt lat="-27.555845" lon="152.713877"><ele>90.1</ele><time>2026-01-01T04:54:01Z</time></trkpt>
<trkpt lat="-27.555992" lon="152.714077"><ele>88.9</ele><time>2026-01-01T04:54:03Z</time></trkpt>
<trkpt lat="-27.556256" lon="152.71435"><ele>87.5</ele><time>2026-01-01T04:54:06Z</time></trkpt>
<trkpt lat="-27.556324" lon="152.714414"><ele>87.3</ele><time>2026-01-01T04:54:07Z</time></trkpt>
<trkpt lat="-27.556517" lon="152.71458"><ele>86.9</ele><time>2026-01-01T04:54:09Z</time></trkpt>
<trkpt lat="-27.556693" lon="152.714726"><ele>87.1</ele><time>2026-01-01T04:54:11Z</time></trkpt>
<trkpt lat="-27.5572" lon="152.715137"><ele>88.4</ele><time>2026-01-01T04:54:17Z</time></trkpt>
<trkpt lat="-27.55728" lon="152.715204"><ele>88.6</ele><time>2026-01-01T04:54:18Z</time></trkpt>
<trkpt lat="-27.557764" lon="152.715592"><ele>88.1</ele><time>2026-01-01T04:54:24Z</time></trkpt>
<trkpt lat="-27.557828" lon="152.715651"><ele>87.9</ele><time>2026-01-01T04:54:25Z</time></trkpt>
<trkpt lat="-27.557999" lon="152.715798"><ele>87.2</ele><time>2026-01-01T04:54:27Z</time></trkpt>
<trkpt lat="-27.558243" lon="152.715992"><ele>85.9</ele><time>2026-01-01T04:54:30Z</time></trkpt>
<trkpt lat="-27.558322" lon="152.716055"><ele>85.5</ele><time>2026-01-01T04:54:31Z</time></trkpt>
<trkpt lat="-27.55873" lon="152.71632"><ele>83.2</ele><time>2026-01-01T04:54:36Z</time></trkpt>
<trkpt lat="-27.558818" lon="152.716365"><ele>82.6</ele><time>2026-01-01T04:54:37Z</time></trkpt>
<trkpt lat="-27.558929" lon="152.716411"><ele>81.9</ele><time>2026-01-01T04:54:38Z</time></trkpt>
<trkpt lat="-27.559298" lon="152.716523"><ele>79.1</ele><time>2026-01-01T04:54:42Z</time></trkpt>
<trkpt lat="-27.559403" lon="152.716543"><ele>78.1</ele><time>2026-01-01T04:54:43Z</time></trkpt>
<trkpt lat="-27.559532" lon="152.716562"><ele>76.9</ele><time>2026-01-01T04:54:44Z</time></trkpt>
<trkpt lat="-27.559625" lon="152.716569"><ele>76</ele><time>2026-01-01T04:54:45Z</time></trkpt>
<trkpt lat="-27.559743" lon="152.716576"><ele>74.9</ele><time>2026-01-01T04:54:46Z</time></trkpt>
<trkpt lat="-27.559863" lon="152.71658"><ele>73.9</ele><time>2026-01-01T04:54:47Z</time></trkpt>
<trkpt lat="-27.560112" lon="152.716576"><ele>72.1</ele><time>2026-01-01T04:54:49Z</time></trkpt>
<trkpt lat="-27.560388" lon="152.716561"><ele>70.7</ele><time>2026-01-01T04:54:51Z</time></trkpt>
<trkpt lat="-27.560728" lon="152.716537"><ele>70.2</ele><time>2026-01-01T04:54:54Z</time></trkpt>
<trkpt lat="-27.561097" lon="152.716515"><ele>70.7</ele><time>2026-01-01T04:54:57Z</time></trkpt>
<trkpt lat="-27.561509" lon="152.716516"><ele>71.7</ele><time>2026-01-01T04:55:01Z</time></trkpt>
<trkpt lat="-27.56181" lon="152.716569"><ele>72.2</ele><time>2026-01-01T04:55:04Z</time></trkpt>
<trkpt lat="-27.561997" lon="152.716615"><ele>72.4</ele><time>2026-01-01T04:55:06Z</time></trkpt>
<trkpt lat="-27.562443" lon="152.716787"><ele>72.4</ele><time>2026-01-01T04:55:11Z</time></trkpt>
<trkpt lat="-27.562611" lon="152.716879"><ele>72.4</ele><time>2026-01-01T04:55:13Z</time></trkpt>
<trkpt lat="-27.563023" lon="152.717152"><ele>72.5</ele><time>2026-01-01T04:55:18Z</time></trkpt>
<trkpt lat="-27.563511" lon="152.717472"><ele>73.2</ele><time>2026-01-01T04:55:24Z</time></trkpt>
<trkpt lat="-27.563679" lon="152.717569"><ele>73.6</ele><time>2026-01-01T04:55:26Z</time></trkpt>
<trkpt lat="-27.563761" lon="152.717611"><ele>73.8</ele><time>2026-01-01T04:55:27Z</time></trkpt>
<trkpt lat="-27.563842" lon="152.717648"><ele>73.9</ele><time>2026-01-01T04:55:28Z</time></trkpt>
<trkpt lat="-27.564166" lon="152.717767"><ele>73.9</ele><time>2026-01-01T04:55:32Z</time></trkpt>
<trkpt lat="-27.56458" lon="152.717856"><ele>73.4</ele><time>2026-01-01T04:55:37Z</time></trkpt>
<trkpt lat="-27.564665" lon="152.717872"><ele>73.4</ele><time>2026-01-01T04:55:38Z</time></trkpt>
<trkpt lat="-27.564768" lon="152.71789"><ele>73.4</ele><time>2026-01-01T04:55:39Z</time></trkpt>
<trkpt lat="-27.565261" lon="152.717972"><ele>73.5</ele><time>2026-01-01T04:55:45Z</time></trkpt>
<trkpt lat="-27.565533" lon="152.718017"><ele>74.1</ele><time>2026-01-01T04:55:48Z</time></trkpt>
<trkpt lat="-27.565681" lon="152.718043"><ele>74.4</ele><time>2026-01-01T04:55:50Z</time></trkpt>
<trkpt lat="-27.566088" lon="152.718108"><ele>75</ele><time>2026-01-01T04:55:55Z</time></trkpt>
<trkpt lat="-27.5666" lon="152.718204"><ele>74.8</ele><time>2026-01-01T04:56:02Z</time></trkpt>
<trkpt lat="-27.567158" lon="152.718314"><ele>73.9</ele><time>2026-01-01T04:56:09Z</time></trkpt>
<trkpt lat="-27.567628" lon="152.71846"><ele>72.5</ele><time>2026-01-01T04:56:15Z</time></trkpt>
<trkpt lat="-27.567704" lon="152.718489"><ele>72.1</ele><time>2026-01-01T04:56:16Z</time></trkpt>
<trkpt lat="-27.567764" lon="152.718527"><ele>71.7</ele><time>2026-01-01T04:56:17Z</time></trkpt>
<trkpt lat="-27.567915" lon="152.718598"><ele>70.6</ele><time>2026-01-01T04:56:19Z</time></trkpt>
<trkpt lat="-27.56815" lon="152.718712"><ele>68.6</ele><time>2026-01-01T04:56:22Z</time></trkpt>
<trkpt lat="-27.568318" lon="152.718802"><ele>67.1</ele><time>2026-01-01T04:56:24Z</time></trkpt>
<trkpt lat="-27.568403" lon="152.718845"><ele>66.4</ele><time>2026-01-01T04:56:25Z</time></trkpt>
<trkpt lat="-27.568494" lon="152.718885"><ele>65.7</ele><time>2026-01-01T04:56:26Z</time></trkpt>
<trkpt lat="-27.568676" lon="152.718975"><ele>64.5</ele><time>2026-01-01T04:56:28Z</time></trkpt>
<trkpt lat="-27.568861" lon="152.719061"><ele>63.9</ele><time>2026-01-01T04:56:30Z</time></trkpt>
<trkpt lat="-27.569049" lon="152.719159"><ele>63.7</ele><time>2026-01-01T04:56:32Z</time></trkpt>
<trkpt lat="-27.569142" lon="152.719204"><ele>63.8</ele><time>2026-01-01T04:56:33Z</time></trkpt>
<trkpt lat="-27.569672" lon="152.719457"><ele>65.6</ele><time>2026-01-01T04:56:39Z</time></trkpt>
<trkpt lat="-27.569754" lon="152.719496"><ele>66</ele><time>2026-01-01T04:56:40Z</time></trkpt>
<trkpt lat="-27.569995" lon="152.719608"><ele>66.9</ele><time>2026-01-01T04:56:43Z</time></trkpt>
<trkpt lat="-27.570073" lon="152.719646"><ele>67.1</ele><time>2026-01-01T04:56:44Z</time></trkpt>
<trkpt lat="-27.570305" lon="152.719754"><ele>66.8</ele><time>2026-01-01T04:56:47Z</time></trkpt>
<trkpt lat="-27.570871" lon="152.720004"><ele>63.9</ele><time>2026-01-01T04:56:54Z</time></trkpt>
<trkpt lat="-27.570958" lon="152.720043"><ele>63.3</ele><time>2026-01-01T04:56:55Z</time></trkpt>
<trkpt lat="-27.571046" lon="152.720079"><ele>62.8</ele><time>2026-01-01T04:56:56Z</time></trkpt>
<trkpt lat="-27.571326" lon="152.720207"><ele>61.5</ele><time>2026-01-01T04:56:59Z</time></trkpt>
<trkpt lat="-27.571664" lon="152.720366"><ele>61.2</ele><time>2026-01-01T04:57:03Z</time></trkpt>
<trkpt lat="-27.571749" lon="152.720406"><ele>61.5</ele><time>2026-01-01T04:57:04Z</time></trkpt>
<trkpt lat="-27.572209" lon="152.720658"><ele>64.8</ele><time>2026-01-01T04:57:10Z</time></trkpt>
<trkpt lat="-27.572333" lon="152.720742"><ele>66.4</ele><time>2026-01-01T04:57:12Z</time></trkpt>
<trkpt lat="-27.572441" lon="152.720831"><ele>68.1</ele><time>2026-01-01T04:57:14Z</time></trkpt>
<trkpt lat="-27.57249" lon="152.720871"><ele>68.9</ele><time>2026-01-01T04:57:15Z</time></trkpt>
<trkpt lat="-27.572533" lon="152.72091"><ele>69.6</ele><time>2026-01-01T04:57:16Z</time></trkpt>
<trkpt lat="-27.572572" lon="152.720947"><ele>70.2</ele><time>2026-01-01T04:57:17Z</time></trkpt>
<trkpt lat="-27.572608" lon="152.720986"><ele>70.8</ele><time>2026-01-01T04:57:18Z</time></trkpt>
<trkpt lat="-27.57267" lon="152.721075"><ele>72</ele><time>2026-01-01T04:57:20Z</time></trkpt>
<trkpt lat="-27.572808" lon="152.721224"><ele>74.1</ele><time>2026-01-01T04:57:25Z</time></trkpt>
<trkpt lat="-27.572832" lon="152.721257"><ele>74.5</ele><time>2026-01-01T04:57:26Z</time></trkpt>
<trkpt lat="-27.57296" lon="152.721417"><ele>76.1</ele><time>2026-01-01T04:57:31Z</time></trkpt>
<trkpt lat="-27.573008" lon="152.721484"><ele>76.6</ele><time>2026-01-01T04:57:33Z</time></trkpt>
<trkpt lat="-27.573081" lon="152.721579"><ele>77.2</ele><time>2026-01-01T04:57:36Z</time></trkpt>
<trkpt lat="-27.573119" lon="152.721645"><ele>77.5</ele><time>2026-01-01T04:57:38Z</time></trkpt>
<trkpt lat="-27.573176" lon="152.721754"><ele>78</ele><time>2026-01-01T04:57:41Z</time></trkpt>
<trkpt lat="-27.573253" lon="152.721897"><ele>78.6</ele><time>2026-01-01T04:57:45Z</time></trkpt>
<trkpt lat="-27.573368" lon="152.722119"><ele>79.4</ele><time>2026-01-01T04:57:51Z</time></trkpt>
<trkpt lat="-27.573404" lon="152.722197"><ele>79.7</ele><time>2026-01-01T04:57:53Z</time></trkpt>
<trkpt lat="-27.573425" lon="152.722236"><ele>79.8</ele><time>2026-01-01T04:57:54Z</time></trkpt>
<trkpt lat="-27.573512" lon="152.722395"><ele>80.2</ele><time>2026-01-01T04:57:58Z</time></trkpt>
<trkpt lat="-27.573632" lon="152.722599"><ele>80.4</ele><time>2026-01-01T04:58:03Z</time></trkpt>
<trkpt lat="-27.573654" lon="152.722643"><ele>80.3</ele><time>2026-01-01T04:58:04Z</time></trkpt>
<trkpt lat="-27.573676" lon="152.722688"><ele>80.3</ele><time>2026-01-01T04:58:05Z</time></trkpt>
<trkpt lat="-27.573823" lon="152.722983"><ele>79.4</ele><time>2026-01-01T04:58:11Z</time></trkpt>
<trkpt lat="-27.573852" lon="152.723037"><ele>79</ele><time>2026-01-01T04:58:12Z</time></trkpt>
<trkpt lat="-27.573882" lon="152.723093"><ele>78.6</ele><time>2026-01-01T04:58:13Z</time></trkpt>
<trkpt lat="-27.57401" lon="152.723328"><ele>76.4</ele><time>2026-01-01T04:58:17Z</time></trkpt>
<trkpt lat="-27.574041" lon="152.723396"><ele>75.6</ele><time>2026-01-01T04:58:18Z</time></trkpt>
<trkpt lat="-27.574077" lon="152.723465"><ele>74.8</ele><time>2026-01-01T04:58:19Z</time></trkpt>
<trkpt lat="-27.574247" lon="152.723801"><ele>71</ele><time>2026-01-01T04:58:23Z</time></trkpt>
<trkpt lat="-27.574292" lon="152.723893"><ele>70.1</ele><time>2026-01-01T04:58:24Z</time></trkpt>
<trkpt lat="-27.574388" lon="152.724077"><ele>68.7</ele><time>2026-01-01T04:58:26Z</time></trkpt>
<trkpt lat="-27.574489" lon="152.724289"><ele>67.9</ele><time>2026-01-01T04:58:28Z</time></trkpt>
<trkpt lat="-27.574524" lon="152.724368"><ele>67.9</ele><time>2026-01-01T04:58:29Z</time></trkpt>
<trkpt lat="-27.574707" lon="152.724736"><ele>69.6</ele><time>2026-01-01T04:58:33Z</time></trkpt>
<trkpt lat="-27.574781" lon="152.724879"><ele>71</ele><time>2026-01-01T04:58:35Z</time></trkpt>
<trkpt lat="-27.57494" lon="152.725117"><ele>74.3</ele><time>2026-01-01T04:58:39Z</time></trkpt>
<trkpt lat="-27.575013" lon="152.725219"><ele>75.7</ele><time>2026-01-01T04:58:41Z</time></trkpt>
<trkpt lat="-27.575088" lon="152.72531"><ele>76.9</ele><time>2026-01-01T04:58:43Z</time></trkpt>
<trkpt lat="-27.575165" lon="152.725395"><ele>78.1</ele><time>2026-01-01T04:58:45Z</time></trkpt>
<trkpt lat="-27.575214" lon="152.72544"><ele>78.8</ele><time>2026-01-01T04:58:46Z</time></trkpt>
<trkpt lat="-27.575304" lon="152.72551"><ele>79.8</ele><time>2026-01-01T04:58:48Z</time></trkpt>
<trkpt lat="-27.575427" lon="152.725609"><ele>81.1</ele><time>2026-01-01T04:58:51Z</time></trkpt>
<trkpt lat="-27.575562" lon="152.725702"><ele>82.3</ele><time>2026-01-01T04:58:54Z</time></trkpt>
<trkpt lat="-27.575608" lon="152.725727"><ele>82.7</ele><time>2026-01-01T04:58:55Z</time></trkpt>
<trkpt lat="-27.575754" lon="152.725797"><ele>83.7</ele><time>2026-01-01T04:58:58Z</time></trkpt>
<trkpt lat="-27.575803" lon="152.725819"><ele>84</ele><time>2026-01-01T04:58:59Z</time></trkpt>
<trkpt lat="-27.575852" lon="152.725841"><ele>84.4</ele><time>2026-01-01T04:59:00Z</time></trkpt>
<trkpt lat="-27.576155" lon="152.725931"><ele>86</ele><time>2026-01-01T04:59:06Z</time></trkpt>
<trkpt lat="-27.576361" lon="152.725969"><ele>86.8</ele><time>2026-01-01T04:59:10Z</time></trkpt>
<trkpt lat="-27.576412" lon="152.725969"><ele>87</ele><time>2026-01-01T04:59:11Z</time></trkpt>
<trkpt lat="-27.576516" lon="152.725977"><ele>87.3</ele><time>2026-01-01T04:59:13Z</time></trkpt>
<trkpt lat="-27.576781" lon="152.725959"><ele>88.1</ele><time>2026-01-01T04:59:18Z</time></trkpt>
<trkpt lat="-27.576944" lon="152.725934"><ele>88.3</ele><time>2026-01-01T04:59:21Z</time></trkpt>
<trkpt lat="-27.577252" lon="152.725837"><ele>88.9</ele><time>2026-01-01T04:59:27Z</time></trkpt>
<trkpt lat="-27.577631" lon="152.725643"><ele>89.4</ele><time>2026-01-01T04:59:35Z</time></trkpt>
<trkpt lat="-27.577812" lon="152.72552"><ele>89.3</ele><time>2026-01-01T04:59:39Z</time></trkpt>
<trkpt lat="-27.577984" lon="152.725402"><ele>89</ele><time>2026-01-01T04:59:43Z</time></trkpt>
<trkpt lat="-27.578065" lon="152.725346"><ele>88.6</ele><time>2026-01-01T04:59:45Z</time></trkpt>
<trkpt lat="-27.578194" lon="152.725261"><ele>87.8</ele><time>2026-01-01T04:59:48Z</time></trkpt>
<trkpt lat="-27.578432" lon="152.725099"><ele>85.7</ele><time>2026-01-01T04:59:53Z</time></trkpt>
<trkpt lat="-27.578488" lon="152.725058"><ele>85.1</ele><time>2026-01-01T04:59:54Z</time></trkpt>
<trkpt lat="-27.578549" lon="152.725018"><ele>84.5</ele><time>2026-01-01T04:59:55Z</time></trkpt>
<trkpt lat="-27.57881" lon="152.724841"><ele>82.4</ele><time>2026-01-01T04:59:59Z</time></trkpt>
<trkpt lat="-27.578949" lon="152.724759"><ele>81.7</ele><time>2026-01-01T05:00:01Z</time></trkpt>
<trkpt lat="-27.579025" lon="152.724738"><ele>81.4</ele><time>2026-01-01T05:00:02Z</time></trkpt>
<trkpt lat="-27.5791" lon="152.724735"><ele>81.2</ele><time>2026-01-01T05:00:03Z</time></trkpt>
<trkpt lat="-27.579209" lon="152.72479"><ele>80.4</ele><time>2026-01-01T05:00:05Z</time></trkpt>
<trkpt lat="-27.579236" lon="152.724826"><ele>80.1</ele><time>2026-01-01T05:00:06Z</time></trkpt>
<trkpt lat="-27.579251" lon="152.724868"><ele>79.8</ele><time>2026-01-01T05:00:07Z</time></trkpt>
<trkpt lat="-27.579251" lon="152.724932"><ele>79.4</ele><time>2026-01-01T05:00:08Z</time></trkpt>
<trkpt lat="-27.579231" lon="152.72511"><ele>78.8</ele><time>2026-01-01T05:00:11Z</time></trkpt>
<trkpt lat="-27.579251" lon="152.725254"><ele>78.9</ele><time>2026-01-01T05:00:13Z</time></trkpt>
<trkpt lat="-27.579333" lon="152.725382"><ele>78.9</ele><time>2026-01-01T05:00:15Z</time></trkpt>
<trkpt lat="-27.579396" lon="152.725416"><ele>78.8</ele><time>2026-01-01T05:00:16Z</time></trkpt>
<trkpt lat="-27.579476" lon="152.725427"><ele>78.8</ele><time>2026-01-01T05:00:17Z</time></trkpt>
<trkpt lat="-27.579528" lon="152.725417"><ele>78.8</ele><time>2026-01-01T05:00:18Z</time></trkpt>
<trkpt lat="-27.579592" lon="152.72539"><ele>78.8</ele><time>2026-01-01T05:00:19Z</time></trkpt>
<trkpt lat="-27.579712" lon="152.725303"><ele>79</ele><time>2026-01-01T05:00:21Z</time></trkpt>
<trkpt lat="-27.5798" lon="152.725187"><ele>79.2</ele><time>2026-01-01T05:00:23Z</time></trkpt>
<trkpt lat="-27.579849" lon="152.725134"><ele>79.3</ele><time>2026-01-01T05:00:24Z</time></trkpt>
<trkpt lat="-27.579905" lon="152.725093"><ele>79.5</ele><time>2026-01-01T05:00:25Z</time></trkpt>
<trkpt lat="-27.579982" lon="152.725055"><ele>79.5</ele><time>2026-01-01T05:00:26Z</time></trkpt>
<trkpt lat="-27.580149" lon="152.724992"><ele>79.7</ele><time>2026-01-01T05:00:29Z</time></trkpt>
<trkpt lat="-27.580265" lon="152.724949"><ele>79.7</ele><time>2026-01-01T05:00:31Z</time></trkpt>
<trkpt lat="-27.580576" lon="152.724842"><ele>78.8</ele><time>2026-01-01T05:00:36Z</time></trkpt>
<trkpt lat="-27.580707" lon="152.724799"><ele>77.8</ele><time>2026-01-01T05:00:38Z</time></trkpt>
<trkpt lat="-27.581013" lon="152.724682"><ele>74.9</ele><time>2026-01-01T05:00:42Z</time></trkpt>
<trkpt lat="-27.581283" lon="152.724577"><ele>73.4</ele><time>2026-01-01T05:00:45Z</time></trkpt>
<trkpt lat="-27.581585" lon="152.724468"><ele>71.7</ele><time>2026-01-01T05:00:48Z</time></trkpt>
<trkpt lat="-27.581753" lon="152.724409"><ele>71</ele><time>2026-01-01T05:00:50Z</time></trkpt>
<trkpt lat="-27.581948" lon="152.72439"><ele>70.8</ele><time>2026-01-01T05:00:52Z</time></trkpt>
<trkpt lat="-27.582132" lon="152.724422"><ele>71.1</ele><time>2026-01-01T05:00:54Z</time></trkpt>
<trkpt lat="-27.58222" lon="152.724452"><ele>71.2</ele><time>2026-01-01T05:00:55Z</time></trkpt>
<trkpt lat="-27.582712" lon="152.724674"><ele>71.8</ele><time>2026-01-01T05:01:01Z</time></trkpt>
<trkpt lat="-27.583237" lon="152.724932"><ele>74</ele><time>2026-01-01T05:01:08Z</time></trkpt>
<trkpt lat="-27.583369" lon="152.725"><ele>75</ele><time>2026-01-01T05:01:10Z</time></trkpt>
<trkpt lat="-27.583432" lon="152.725034"><ele>75.4</ele><time>2026-01-01T05:01:11Z</time></trkpt>
<trkpt lat="-27.583611" lon="152.725155"><ele>76.5</ele><time>2026-01-01T05:01:14Z</time></trkpt>
<trkpt lat="-27.583677" lon="152.725215"><ele>76.8</ele><time>2026-01-01T05:01:15Z</time></trkpt>
<trkpt lat="-27.58398" lon="152.725531"><ele>78.1</ele><time>2026-01-01T05:01:21Z</time></trkpt>
<trkpt lat="-27.584017" lon="152.725579"><ele>78.3</ele><time>2026-01-01T05:01:22Z</time></trkpt>
<trkpt lat="-27.584069" lon="152.725652"><ele>78.6</ele><time>2026-01-01T05:01:23Z</time></trkpt>
<trkpt lat="-27.584178" lon="152.725823"><ele>79.3</ele><time>2026-01-01T05:01:26Z</time></trkpt>
<trkpt lat="-27.584285" lon="152.726037"><ele>80.2</ele><time>2026-01-01T05:01:29Z</time></trkpt>
<trkpt lat="-27.584484" lon="152.726572"><ele>81.3</ele><time>2026-01-01T05:01:37Z</time></trkpt>
<trkpt lat="-27.584508" lon="152.726638"><ele>81.4</ele><time>2026-01-01T05:01:38Z</time></trkpt>
<trkpt lat="-27.584537" lon="152.726716"><ele>81.5</ele><time>2026-01-01T05:01:39Z</time></trkpt>
<trkpt lat="-27.584613" lon="152.726969"><ele>81.9</ele><time>2026-01-01T05:01:43Z</time></trkpt>
<trkpt lat="-27.58465" lon="152.727182"><ele>82</ele><time>2026-01-01T05:01:46Z</time></trkpt>
<trkpt lat="-27.584712" lon="152.727552"><ele>82.2</ele><time>2026-01-01T05:01:51Z</time></trkpt>
<trkpt lat="-27.584778" lon="152.727755"><ele>82.3</ele><time>2026-01-01T05:01:54Z</time></trkpt>
<trkpt lat="-27.584865" lon="152.72795"><ele>82.5</ele><time>2026-01-01T05:01:57Z</time></trkpt>
<trkpt lat="-27.585118" lon="152.728347"><ele>82.7</ele><time>2026-01-01T05:02:04Z</time></trkpt>
<trkpt lat="-27.585431" lon="152.728645"><ele>82.7</ele><time>2026-01-01T05:02:10Z</time></trkpt>
<trkpt lat="-27.585766" lon="152.72888"><ele>82.3</ele><time>2026-01-01T05:02:15Z</time></trkpt>
<trkpt lat="-27.586091" lon="152.729077"><ele>82</ele><time>2026-01-01T05:02:20Z</time></trkpt>
<trkpt lat="-27.586292" lon="152.729201"><ele>81.8</ele><time>2026-01-01T05:02:23Z</time></trkpt>
<trkpt lat="-27.586671" lon="152.729461"><ele>81.5</ele><time>2026-01-01T05:02:28Z</time></trkpt>
<trkpt lat="-27.587101" lon="152.729829"><ele>81.5</ele><time>2026-01-01T05:02:35Z</time></trkpt>
<trkpt lat="-27.587164" lon="152.729887"><ele>81.5</ele><time>2026-01-01T05:02:36Z</time></trkpt>
<trkpt lat="-27.587408" lon="152.730139"><ele>81.3</ele><time>2026-01-01T05:02:40Z</time></trkpt>
<trkpt lat="-27.5875" lon="152.730256"><ele>80.9</ele><time>2026-01-01T05:02:42Z</time></trkpt>
<trkpt lat="-27.587564" lon="152.730343"><ele>80.4</ele><time>2026-01-01T05:02:43Z</time></trkpt>
<trkpt lat="-27.587791" lon="152.73073"><ele>77.9</ele><time>2026-01-01T05:02:48Z</time></trkpt>
<trkpt lat="-27.587952" lon="152.731103"><ele>75.4</ele><time>2026-01-01T05:02:52Z</time></trkpt>
<trkpt lat="-27.588019" lon="152.731294"><ele>74.3</ele><time>2026-01-01T05:02:54Z</time></trkpt>
<trkpt lat="-27.588149" lon="152.731699"><ele>72.2</ele><time>2026-01-01T05:02:58Z</time></trkpt>
<trkpt lat="-27.588234" lon="152.73201"><ele>70.6</ele><time>2026-01-01T05:03:01Z</time></trkpt>
<trkpt lat="-27.588266" lon="152.732119"><ele>70</ele><time>2026-01-01T05:03:02Z</time></trkpt>
<trkpt lat="-27.58833" lon="152.732401"><ele>68.5</ele><time>2026-01-01T05:03:05Z</time></trkpt>
<trkpt lat="-27.588348" lon="152.732502"><ele>68</ele><time>2026-01-01T05:03:06Z</time></trkpt>
<trkpt lat="-27.588371" lon="152.732635"><ele>67.1</ele><time>2026-01-01T05:03:07Z</time></trkpt>
<trkpt lat="-27.588408" lon="152.73285"><ele>65.5</ele><time>2026-01-01T05:03:09Z</time></trkpt>
<trkpt lat="-27.588445" lon="152.733096"><ele>64.2</ele><time>2026-01-01T05:03:11Z</time></trkpt>
<trkpt lat="-27.588509" lon="152.733742"><ele>61.5</ele><time>2026-01-01T05:03:16Z</time></trkpt>
<trkpt lat="-27.588529" lon="152.733964"><ele>60.6</ele><time>2026-01-01T05:03:18Z</time></trkpt>
<trkpt lat="-27.588578" lon="152.734463"><ele>58.4</ele><time>2026-01-01T05:03:22Z</time></trkpt>
<trkpt lat="-27.588599" lon="152.734731"><ele>57</ele><time>2026-01-01T05:03:24Z</time></trkpt>
<trkpt lat="-27.588636" lon="152.735067"><ele>55.3</ele><time>2026-01-01T05:03:27Z</time></trkpt>
<trkpt lat="-27.588676" lon="152.735434"><ele>53.1</ele><time>2026-01-01T05:03:30Z</time></trkpt>
<trkpt lat="-27.588702" lon="152.735704"><ele>51.5</ele><time>2026-01-01T05:03:32Z</time></trkpt>
<trkpt lat="-27.588722" lon="152.735927"><ele>50.2</ele><time>2026-01-01T05:03:34Z</time></trkpt>
<trkpt lat="-27.588736" lon="152.736053"><ele>49.5</ele><time>2026-01-01T05:03:35Z</time></trkpt>
<trkpt lat="-27.588775" lon="152.736302"><ele>48.2</ele><time>2026-01-01T05:03:37Z</time></trkpt>
<trkpt lat="-27.588832" lon="152.736544"><ele>46.9</ele><time>2026-01-01T05:03:39Z</time></trkpt>
<trkpt lat="-27.588874" lon="152.736685"><ele>46.2</ele><time>2026-01-01T05:03:40Z</time></trkpt>
<trkpt lat="-27.588943" lon="152.736907"><ele>45.1</ele><time>2026-01-01T05:03:42Z</time></trkpt>
<trkpt lat="-27.588991" lon="152.73706"><ele>44.5</ele><time>2026-01-01T05:03:43Z</time></trkpt>
<trkpt lat="-27.589109" lon="152.737444"><ele>43.2</ele><time>2026-01-01T05:03:46Z</time></trkpt>
<trkpt lat="-27.589176" lon="152.737671"><ele>42.6</ele><time>2026-01-01T05:03:48Z</time></trkpt>
<trkpt lat="-27.589229" lon="152.737953"><ele>41.7</ele><time>2026-01-01T05:03:50Z</time></trkpt>
<trkpt lat="-27.58925" lon="152.738203"><ele>40.6</ele><time>2026-01-01T05:03:52Z</time></trkpt>
<trkpt lat="-27.589244" lon="152.738328"><ele>39.9</ele><time>2026-01-01T05:03:53Z</time></trkpt>
<trkpt lat="-27.589229" lon="152.738431"><ele>39.4</ele><time>2026-01-01T05:03:54Z</time></trkpt>
<trkpt lat="-27.589167" lon="152.738682"><ele>38.1</ele><time>2026-01-01T05:03:56Z</time></trkpt>
<trkpt lat="-27.589122" lon="152.738807"><ele>37.4</ele><time>2026-01-01T05:03:57Z</time></trkpt>
<trkpt lat="-27.589064" lon="152.738958"><ele>36.6</ele><time>2026-01-01T05:03:58Z</time></trkpt>
<trkpt lat="-27.58901" lon="152.739084"><ele>35.9</ele><time>2026-01-01T05:03:59Z</time></trkpt>
<trkpt lat="-27.588954" lon="152.73921"><ele>35.2</ele><time>2026-01-01T05:04:00Z</time></trkpt>
<trkpt lat="-27.588845" lon="152.739461"><ele>33.8</ele><time>2026-01-01T05:04:02Z</time></trkpt>
<trkpt lat="-27.588739" lon="152.739708"><ele>32.4</ele><time>2026-01-01T05:04:04Z</time></trkpt>
<trkpt lat="-27.588688" lon="152.739828"><ele>31.8</ele><time>2026-01-01T05:04:05Z</time></trkpt>
<trkpt lat="-27.588483" lon="152.740285"><ele>30</ele><time>2026-01-01T05:04:09Z</time></trkpt>
<trkpt lat="-27.588431" lon="152.740408"><ele>29.8</ele><time>2026-01-01T05:04:10Z</time></trkpt>
<trkpt lat="-27.588177" lon="152.740992"><ele>29.1</ele><time>2026-01-01T05:04:15Z</time></trkpt>
<trkpt lat="-27.587929" lon="152.741576"><ele>27.4</ele><time>2026-01-01T05:04:20Z</time></trkpt>
<trkpt lat="-27.587883" lon="152.741687"><ele>27.1</ele><time>2026-01-01T05:04:21Z</time></trkpt>
<trkpt lat="-27.587778" lon="152.741926"><ele>26.2</ele><time>2026-01-01T05:04:23Z</time></trkpt>
<trkpt lat="-27.587737" lon="152.742015"><ele>25.8</ele><time>2026-01-01T05:04:24Z</time></trkpt>
<trkpt lat="-27.587688" lon="152.742129"><ele>25.3</ele><time>2026-01-01T05:04:25Z</time></trkpt>
<trkpt lat="-27.587633" lon="152.742267"><ele>24.8</ele><time>2026-01-01T05:04:26Z</time></trkpt>
<trkpt lat="-27.587517" lon="152.742608"><ele>24.7</ele><time>2026-01-01T05:04:29Z</time></trkpt>
<trkpt lat="-27.587487" lon="152.7427"><ele>24.8</ele><time>2026-01-01T05:04:30Z</time></trkpt>
<trkpt lat="-27.587404" lon="152.742949"><ele>24.6</ele><time>2026-01-01T05:04:32Z</time></trkpt>
<trkpt lat="-27.587373" lon="152.743039"><ele>24.5</ele><time>2026-01-01T05:04:33Z</time></trkpt>
<trkpt lat="-27.587218" lon="152.743466"><ele>26</ele><time>2026-01-01T05:04:37Z</time></trkpt>
<trkpt lat="-27.587194" lon="152.743531"><ele>26.3</ele><time>2026-01-01T05:04:38Z</time></trkpt>
<trkpt lat="-27.587166" lon="152.743602"><ele>26.6</ele><time>2026-01-01T05:04:39Z</time></trkpt>
<trkpt lat="-27.58711" lon="152.74374"><ele>27.2</ele><time>2026-01-01T05:04:41Z</time></trkpt>
<trkpt lat="-27.587085" lon="152.743804"><ele>27.5</ele><time>2026-01-01T05:04:42Z</time></trkpt>
<trkpt lat="-27.586973" lon="152.744105"><ele>28.6</ele><time>2026-01-01T05:04:47Z</time></trkpt>
<trkpt lat="-27.586861" lon="152.744463"><ele>28</ele><time>2026-01-01T05:04:52Z</time></trkpt>
<trkpt lat="-27.586847" lon="152.744545"><ele>27.6</ele><time>2026-01-01T05:04:53Z</time></trkpt>
<trkpt lat="-27.586855" lon="152.744903"><ele>26</ele><time>2026-01-01T05:04:57Z</time></trkpt>
<trkpt lat="-27.586923" lon="152.745175"><ele>24</ele><time>2026-01-01T05:05:00Z</time></trkpt>
<trkpt lat="-27.586962" lon="152.745288"><ele>22.7</ele><time>2026-01-01T05:05:01Z</time></trkpt>
<trkpt lat="-27.587005" lon="152.745379"><ele>22</ele><time>2026-01-01T05:05:02Z</time></trkpt>
<trkpt lat="-27.587059" lon="152.745469"><ele>21.7</ele><time>2026-01-01T05:05:03Z</time></trkpt>
<trkpt lat="-27.587109" lon="152.74554"><ele>21.5</ele><time>2026-01-01T05:05:04Z</time></trkpt>
<trkpt lat="-27.587189" lon="152.745646"><ele>21.3</ele><time>2026-01-01T05:05:05Z</time></trkpt>
<trkpt lat="-27.58726" lon="152.745729"><ele>21.3</ele><time>2026-01-01T05:05:06Z</time></trkpt>
<trkpt lat="-27.5874" lon="152.745894"><ele>21.4</ele><time>2026-01-01T05:05:08Z</time></trkpt>
<trkpt lat="-27.587508" lon="152.746043"><ele>21.5</ele><time>2026-01-01T05:05:10Z</time></trkpt>
<trkpt lat="-27.587765" lon="152.746433"><ele>22.1</ele><time>2026-01-01T05:05:15Z</time></trkpt>
<trkpt lat="-27.587967" lon="152.746707"><ele>22.7</ele><time>2026-01-01T05:05:20Z</time></trkpt>
<trkpt lat="-27.587998" lon="152.746794"><ele>22.9</ele><time>2026-01-01T05:05:22Z</time></trkpt>
<trkpt lat="-27.588006" lon="152.746834"><ele>23</ele><time>2026-01-01T05:05:23Z</time></trkpt>
<trkpt lat="-27.588015" lon="152.746867"><ele>23.1</ele><time>2026-01-01T05:05:24Z</time></trkpt>
<trkpt lat="-27.588018" lon="152.746879"><ele>23.1</ele><time>2026-01-01T05:05:25Z</time></trkpt>
<trkpt lat="-27.588023" lon="152.746895"><ele>23.1</ele><time>2026-01-01T05:05:28Z</time></trkpt>
<trkpt lat="-27.588029" lon="152.746941"><ele>23.2</ele><time>2026-01-01T05:05:41Z</time></trkpt>
<trkpt lat="-27.58803" lon="152.746975"><ele>23.3</ele><time>2026-01-01T05:05:42Z</time></trkpt>
<trkpt lat="-27.588027" lon="152.74701"><ele>23.4</ele><time>2026-01-01T05:05:43Z</time></trkpt>
<trkpt lat="-27.588023" lon="152.747113"><ele>23.6</ele><time>2026-01-01T05:05:45Z</time></trkpt>
<trkpt lat="-27.588038" lon="152.747262"><ele>23.8</ele><time>2026-01-01T05:05:47Z</time></trkpt>
<trkpt lat="-27.5881" lon="152.747742"><ele>23</ele><time>2026-01-01T05:05:54Z</time></trkpt>
<trkpt lat="-27.588127" lon="152.747964"><ele>22.5</ele><time>2026-01-01T05:05:57Z</time></trkpt>
<trkpt lat="-27.588136" lon="152.748021"><ele>22.3</ele><time>2026-01-01T05:05:58Z</time></trkpt>
<trkpt lat="-27.588162" lon="152.74819"><ele>22</ele><time>2026-01-01T05:06:00Z</time></trkpt>
<trkpt lat="-27.588193" lon="152.748344"><ele>21.7</ele><time>2026-01-01T05:06:02Z</time></trkpt>
<trkpt lat="-27.58829" lon="152.748618"><ele>21.4</ele><time>2026-01-01T05:06:06Z</time></trkpt>
<trkpt lat="-27.588357" lon="152.748774"><ele>21.4</ele><time>2026-01-01T05:06:08Z</time></trkpt>
<trkpt lat="-27.588534" lon="152.749193"><ele>21.9</ele><time>2026-01-01T05:06:14Z</time></trkpt>
<trkpt lat="-27.588565" lon="152.749271"><ele>22.1</ele><time>2026-01-01T05:06:15Z</time></trkpt>
<trkpt lat="-27.588642" lon="152.749471"><ele>22.4</ele><time>2026-01-01T05:06:18Z</time></trkpt>
<trkpt lat="-27.588777" lon="152.749781"><ele>23.3</ele><time>2026-01-01T05:06:23Z</time></trkpt>
<trkpt lat="-27.58889" lon="152.750054"><ele>24.8</ele><time>2026-01-01T05:06:28Z</time></trkpt>
<trkpt lat="-27.588935" lon="152.750166"><ele>25.6</ele><time>2026-01-01T05:06:30Z</time></trkpt>
<trkpt lat="-27.588952" lon="152.750205"><ele>25.9</ele><time>2026-01-01T05:06:31Z</time></trkpt>
<trkpt lat="-27.589047" lon="152.750421"><ele>27.8</ele><time>2026-01-01T05:06:36Z</time></trkpt>
<trkpt lat="-27.589066" lon="152.750464"><ele>28.2</ele><time>2026-01-01T05:06:37Z</time></trkpt>
<trkpt lat="-27.589106" lon="152.750535"><ele>28.8</ele><time>2026-01-01T05:06:39Z</time></trkpt>
<trkpt lat="-27.589125" lon="152.750576"><ele>29.1</ele><time>2026-01-01T05:06:40Z</time></trkpt>
<trkpt lat="-27.589181" lon="152.750722"><ele>30.3</ele><time>2026-01-01T05:06:44Z</time></trkpt>
<trkpt lat="-27.589219" lon="152.750845"><ele>31.2</ele><time>2026-01-01T05:06:47Z</time></trkpt>
<trkpt lat="-27.589253" lon="152.750959"><ele>32</ele><time>2026-01-01T05:06:50Z</time></trkpt>
<trkpt lat="-27.589295" lon="152.751152"><ele>33.2</ele><time>2026-01-01T05:06:55Z</time></trkpt>
<trkpt lat="-27.589302" lon="152.751222"><ele>33.5</ele><time>2026-01-01T05:06:57Z</time></trkpt>
<trkpt lat="-27.5893" lon="152.751258"><ele>33.6</ele><time>2026-01-01T05:06:58Z</time></trkpt>
<trkpt lat="-27.589277" lon="152.751381"><ele>34.2</ele><time>2026-01-01T05:07:01Z</time></trkpt>
<trkpt lat="-27.589216" lon="152.751601"><ele>35.5</ele><time>2026-01-01T05:07:07Z</time></trkpt>
<trkpt lat="-27.589197" lon="152.751676"><ele>35.9</ele><time>2026-01-01T05:07:09Z</time></trkpt>
<trkpt lat="-27.589181" lon="152.751721"><ele>36.1</ele><time>2026-01-01T05:07:10Z</time></trkpt>
<trkpt lat="-27.589154" lon="152.751807"><ele>36.5</ele><time>2026-01-01T05:07:12Z</time></trkpt>
<trkpt lat="-27.589133" lon="152.751883"><ele>36.8</ele><time>2026-01-01T05:07:14Z</time></trkpt>
<trkpt lat="-27.589123" lon="152.751923"><ele>37</ele><time>2026-01-01T05:07:15Z</time></trkpt>
<trkpt lat="-27.589083" lon="152.752057"><ele>37.6</ele><time>2026-01-01T05:07:18Z</time></trkpt>
<trkpt lat="-27.589058" lon="152.752142"><ele>37.9</ele><time>2026-01-01T05:07:20Z</time></trkpt>
<trkpt lat="-27.589041" lon="152.752199"><ele>38.2</ele><time>2026-01-01T05:07:21Z</time></trkpt>
<trkpt lat="-27.588997" lon="152.752343"><ele>38.7</ele><time>2026-01-01T05:07:24Z</time></trkpt>
<trkpt lat="-27.588951" lon="152.752493"><ele>39.1</ele><time>2026-01-01T05:07:27Z</time></trkpt>
<trkpt lat="-27.588914" lon="152.752639"><ele>39.5</ele><time>2026-01-01T05:07:30Z</time></trkpt>
<trkpt lat="-27.588846" lon="152.752904"><ele>40</ele><time>2026-01-01T05:07:35Z</time></trkpt>
<trkpt lat="-27.588815" lon="152.753017"><ele>40.2</ele><time>2026-01-01T05:07:37Z</time></trkpt>
<trkpt lat="-27.588744" lon="152.753269"><ele>40.8</ele><time>2026-01-01T05:07:42Z</time></trkpt>
<trkpt lat="-27.588696" lon="152.753435"><ele>41.3</ele><time>2026-01-01T05:07:45Z</time></trkpt>
<trkpt lat="-27.588561" lon="152.753913"><ele>43.1</ele><time>2026-01-01T05:07:55Z</time></trkpt>
<trkpt lat="-27.588491" lon="152.754165"><ele>44.3</ele><time>2026-01-01T05:08:00Z</time></trkpt>
<trkpt lat="-27.588438" lon="152.754351"><ele>45.2</ele><time>2026-01-01T05:08:04Z</time></trkpt>
<trkpt lat="-27.588427" lon="152.754388"><ele>45.4</ele><time>2026-01-01T05:08:05Z</time></trkpt>
<trkpt lat="-27.588359" lon="152.754616"><ele>46.6</ele><time>2026-01-01T05:08:10Z</time></trkpt>
<trkpt lat="-27.588306" lon="152.754832"><ele>47.7</ele><time>2026-01-01T05:08:15Z</time></trkpt>
<trkpt lat="-27.588294" lon="152.754873"><ele>48</ele><time>2026-01-01T05:08:16Z</time></trkpt>
<trkpt lat="-27.58828" lon="152.754908"><ele>48.2</ele><time>2026-01-01T05:08:17Z</time></trkpt>
<trkpt lat="-27.588217" lon="152.755124"><ele>49.3</ele><time>2026-01-01T05:08:22Z</time></trkpt>
<trkpt lat="-27.588204" lon="152.755168"><ele>49.5</ele><time>2026-01-01T05:08:23Z</time></trkpt>
<trkpt lat="-27.588153" lon="152.755362"><ele>50.3</ele><time>2026-01-01T05:08:27Z</time></trkpt>
<trkpt lat="-27.588144" lon="152.755444"><ele>50.6</ele><time>2026-01-01T05:08:29Z</time></trkpt>
<trkpt lat="-27.588121" lon="152.755538"><ele>50.9</ele><time>2026-01-01T05:08:31Z</time></trkpt>
<trkpt lat="-27.588067" lon="152.755701"><ele>51.7</ele><time>2026-01-01T05:08:36Z</time></trkpt>
<trkpt lat="-27.588043" lon="152.755759"><ele>52</ele><time>2026-01-01T05:08:39Z</time></trkpt>
<trkpt lat="-27.587988" lon="152.755899"><ele>52.8</ele><time>2026-01-01T05:08:43Z</time></trkpt>
<trkpt lat="-27.587968" lon="152.755987"><ele>53.4</ele><time>2026-01-01T05:08:45Z</time></trkpt>
<trkpt lat="-27.58795" lon="152.756114"><ele>54.6</ele><time>2026-01-01T05:08:48Z</time></trkpt>
<trkpt lat="-27.587929" lon="152.756253"><ele>55.8</ele><time>2026-01-01T05:08:51Z</time></trkpt>
<trkpt lat="-27.587939" lon="152.756401"><ele>56.2</ele><time>2026-01-01T05:08:54Z</time></trkpt>
<trkpt lat="-27.58796" lon="152.756452"><ele>56.4</ele><time>2026-01-01T05:08:55Z</time></trkpt>
<trkpt lat="-27.588064" lon="152.756692"><ele>57.2</ele><time>2026-01-01T05:09:00Z</time></trkpt>
<trkpt lat="-27.588332" lon="152.756968"><ele>57.6</ele><time>2026-01-01T05:09:07Z</time></trkpt>
<trkpt lat="-27.58859" lon="152.757186"><ele>58.8</ele><time>2026-01-01T05:09:14Z</time></trkpt>
<trkpt lat="-27.588653" lon="152.757238"><ele>59.3</ele><time>2026-01-01T05:09:16Z</time></trkpt>
<trkpt lat="-27.588843" lon="152.757392"><ele>60.7</ele><time>2026-01-01T05:09:21Z</time></trkpt>
<trkpt lat="-27.58888" lon="152.757424"><ele>60.9</ele><time>2026-01-01T05:09:22Z</time></trkpt>
<trkpt lat="-27.589116" lon="152.757636"><ele>62</ele><time>2026-01-01T05:09:28Z</time></trkpt>
<trkpt lat="-27.589338" lon="152.757769"><ele>62.7</ele><time>2026-01-01T05:09:33Z</time></trkpt>
<trkpt lat="-27.589387" lon="152.757786"><ele>62.8</ele><time>2026-01-01T05:09:34Z</time></trkpt>
<trkpt lat="-27.589756" lon="152.757854"><ele>63.6</ele><time>2026-01-01T05:09:42Z</time></trkpt>
<trkpt lat="-27.590163" lon="152.757881"><ele>64.3</ele><time>2026-01-01T05:09:50Z</time></trkpt>
<trkpt lat="-27.590215" lon="152.757884"><ele>64.4</ele><time>2026-01-01T05:09:51Z</time></trkpt>
<trkpt lat="-27.59037" lon="152.757893"><ele>64.7</ele><time>2026-01-01T05:09:54Z</time></trkpt>
<trkpt lat="-27.590575" lon="152.7579"><ele>65</ele><time>2026-01-01T05:09:58Z</time></trkpt>
<trkpt lat="-27.590629" lon="152.757899"><ele>65</ele><time>2026-01-01T05:09:59Z</time></trkpt>
<trkpt lat="-27.590733" lon="152.757901"><ele>64.8</ele><time>2026-01-01T05:10:01Z</time></trkpt>
<trkpt lat="-27.590992" lon="152.757909"><ele>63.4</ele><time>2026-01-01T05:10:05Z</time></trkpt>
<trkpt lat="-27.591129" lon="152.757909"><ele>62.4</ele><time>2026-01-01T05:10:07Z</time></trkpt>
<trkpt lat="-27.591315" lon="152.75791"><ele>60.9</ele><time>2026-01-01T05:10:09Z</time></trkpt>
<trkpt lat="-27.591785" lon="152.757915"><ele>57</ele><time>2026-01-01T05:10:14Z</time></trkpt>
<trkpt lat="-27.5921" lon="152.757919"><ele>54.4</ele><time>2026-01-01T05:10:17Z</time></trkpt>
<trkpt lat="-27.592209" lon="152.757924"><ele>53.5</ele><time>2026-01-01T05:10:18Z</time></trkpt>
<trkpt lat="-27.592297" lon="152.757937"><ele>52.8</ele><time>2026-01-01T05:10:19Z</time></trkpt>
<trkpt lat="-27.592402" lon="152.757971"><ele>51.9</ele><time>2026-01-01T05:10:20Z</time></trkpt>
<trkpt lat="-27.592496" lon="152.758031"><ele>51</ele><time>2026-01-01T05:10:21Z</time></trkpt>
<trkpt lat="-27.592584" lon="152.75811"><ele>50.1</ele><time>2026-01-01T05:10:22Z</time></trkpt>
<trkpt lat="-27.592765" lon="152.758298"><ele>48.5</ele><time>2026-01-01T05:10:24Z</time></trkpt>
<trkpt lat="-27.593203" lon="152.758778"><ele>45.5</ele><time>2026-01-01T05:10:29Z</time></trkpt>
<trkpt lat="-27.59336" lon="152.758941"><ele>44.8</ele><time>2026-01-01T05:10:31Z</time></trkpt>
<trkpt lat="-27.593552" lon="152.759146"><ele>44.2</ele><time>2026-01-01T05:10:33Z</time></trkpt>
<trkpt lat="-27.593712" lon="152.759322"><ele>43.9</ele><time>2026-01-01T05:10:35Z</time></trkpt>
<trkpt lat="-27.593786" lon="152.759404"><ele>43.9</ele><time>2026-01-01T05:10:36Z</time></trkpt>
<trkpt lat="-27.593858" lon="152.759485"><ele>43.8</ele><time>2026-01-01T05:10:37Z</time></trkpt>
<trkpt lat="-27.594009" lon="152.759643"><ele>43.6</ele><time>2026-01-01T05:10:39Z</time></trkpt>
<trkpt lat="-27.594288" lon="152.759948"><ele>42.9</ele><time>2026-01-01T05:10:43Z</time></trkpt>
<trkpt lat="-27.59466" lon="152.760339"><ele>41.2</ele><time>2026-01-01T05:10:48Z</time></trkpt>
<trkpt lat="-27.594957" lon="152.760652"><ele>39.1</ele><time>2026-01-01T05:10:52Z</time></trkpt>
<trkpt lat="-27.595033" lon="152.760731"><ele>38.4</ele><time>2026-01-01T05:10:53Z</time></trkpt>
<trkpt lat="-27.595252" lon="152.760968"><ele>36.4</ele><time>2026-01-01T05:10:56Z</time></trkpt>
<trkpt lat="-27.595405" lon="152.761133"><ele>35.7</ele><time>2026-01-01T05:10:58Z</time></trkpt>
<trkpt lat="-27.595557" lon="152.761291"><ele>34.6</ele><time>2026-01-01T05:11:00Z</time></trkpt>
<trkpt lat="-27.595632" lon="152.761371"><ele>34.3</ele><time>2026-01-01T05:11:01Z</time></trkpt>
<trkpt lat="-27.59578" lon="152.761535"><ele>33.8</ele><time>2026-01-01T05:11:03Z</time></trkpt>
<trkpt lat="-27.595853" lon="152.76162"><ele>33.6</ele><time>2026-01-01T05:11:04Z</time></trkpt>
<trkpt lat="-27.595927" lon="152.761703"><ele>33.4</ele><time>2026-01-01T05:11:05Z</time></trkpt>
<trkpt lat="-27.596302" lon="152.762078"><ele>33.4</ele><time>2026-01-01T05:11:10Z</time></trkpt>
<trkpt lat="-27.59639" lon="152.762164"><ele>33.5</ele><time>2026-01-01T05:11:11Z</time></trkpt>
<trkpt lat="-27.596786" lon="152.7626"><ele>34.4</ele><time>2026-01-01T05:11:17Z</time></trkpt>
<trkpt lat="-27.596894" lon="152.762715"><ele>34.8</ele><time>2026-01-01T05:11:19Z</time></trkpt>
<trkpt lat="-27.596995" lon="152.762804"><ele>35.3</ele><time>2026-01-01T05:11:21Z</time></trkpt>
<trkpt lat="-27.597137" lon="152.7629"><ele>36.1</ele><time>2026-01-01T05:11:24Z</time></trkpt>
<trkpt lat="-27.597179" lon="152.762915"><ele>36.3</ele><time>2026-01-01T05:11:25Z</time></trkpt>
<trkpt lat="-27.597305" lon="152.762928"><ele>36.7</ele><time>2026-01-01T05:11:29Z</time></trkpt>
<trkpt lat="-27.597344" lon="152.762933"><ele>36.8</ele><time>2026-01-01T05:11:32Z</time></trkpt>
<trkpt lat="-27.597344" lon="152.762933"><ele>36.8</ele><time>2026-01-01T05:11:33Z</time></trkpt>
<trkpt lat="-27.597374" lon="152.762967"><ele>36.9</ele><time>2026-01-01T05:11:48Z</time></trkpt>
<trkpt lat="-27.597396" lon="152.763028"><ele>37.2</ele><time>2026-01-01T05:11:50Z</time></trkpt>
<trkpt lat="-27.597402" lon="152.763142"><ele>36.4</ele><time>2026-01-01T05:11:52Z</time></trkpt>
<trkpt lat="-27.597412" lon="152.763267"><ele>35.3</ele><time>2026-01-01T05:11:54Z</time></trkpt>
<trkpt lat="-27.597442" lon="152.763489"><ele>33.3</ele><time>2026-01-01T05:11:57Z</time></trkpt>
<trkpt lat="-27.59747" lon="152.763647"><ele>31.7</ele><time>2026-01-01T05:11:59Z</time></trkpt>
<trkpt lat="-27.597481" lon="152.763776"><ele>30.3</ele><time>2026-01-01T05:12:01Z</time></trkpt>
<trkpt lat="-27.597483" lon="152.763865"><ele>29.4</ele><time>2026-01-01T05:12:03Z</time></trkpt>
<trkpt lat="-27.597483" lon="152.763899"><ele>29</ele><time>2026-01-01T05:12:04Z</time></trkpt>
<trkpt lat="-27.597478" lon="152.763955"><ele>28.5</ele><time>2026-01-01T05:12:07Z</time></trkpt>
<trkpt lat="-27.597477" lon="152.763971"><ele>28.3</ele><time>2026-01-01T05:12:08Z</time></trkpt>
<trkpt lat="-27.597477" lon="152.763983"><ele>28.2</ele><time>2026-01-01T05:12:09Z</time></trkpt>
<trkpt lat="-27.597474" lon="152.763993"><ele>28.1</ele><time>2026-01-01T05:12:10Z</time></trkpt>
<trkpt lat="-27.597471" lon="152.764004"><ele>28</ele><time>2026-01-01T05:12:12Z</time></trkpt>
<trkpt lat="-27.597495" lon="152.764111"><ele>27</ele><time>2026-01-01T05:12:26Z</time></trkpt>
<trkpt lat="-27.597581" lon="152.764154"><ele>26.6</ele><time>2026-01-01T05:12:28Z</time></trkpt>
<trkpt lat="-27.597624" lon="152.764157"><ele>26.5</ele><time>2026-01-01T05:12:29Z</time></trkpt>
<trkpt lat="-27.597685" lon="152.764158"><ele>26.3</ele><time>2026-01-01T05:12:30Z</time></trkpt>
<trkpt lat="-27.597758" lon="152.764167"><ele>26</ele><time>2026-01-01T05:12:31Z</time></trkpt>
<trkpt lat="-27.597937" lon="152.764202"><ele>25.6</ele><time>2026-01-01T05:12:33Z</time></trkpt>
<trkpt lat="-27.598386" lon="152.764222"><ele>26.1</ele><time>2026-01-01T05:12:38Z</time></trkpt>
<trkpt lat="-27.598531" lon="152.764231"><ele>26.5</ele><time>2026-01-01T05:12:40Z</time></trkpt>
<trkpt lat="-27.598685" lon="152.764233"><ele>27.5</ele><time>2026-01-01T05:12:42Z</time></trkpt>
<trkpt lat="-27.59875" lon="152.76423"><ele>28</ele><time>2026-01-01T05:12:43Z</time></trkpt>
<trkpt lat="-27.598873" lon="152.764236"><ele>28.7</ele><time>2026-01-01T05:12:45Z</time></trkpt>
<trkpt lat="-27.599127" lon="152.764253"><ele>29</ele><time>2026-01-01T05:12:49Z</time></trkpt>
<trkpt lat="-27.599512" lon="152.764287"><ele>28.2</ele><time>2026-01-01T05:12:54Z</time></trkpt>
<trkpt lat="-27.599594" lon="152.764294"><ele>28.1</ele><time>2026-01-01T05:12:55Z</time></trkpt>
<trkpt lat="-27.59976" lon="152.764306"><ele>27.8</ele><time>2026-01-01T05:12:57Z</time></trkpt>
<trkpt lat="-27.599922" lon="152.764312"><ele>27.7</ele><time>2026-01-01T05:12:59Z</time></trkpt>
<trkpt lat="-27.600002" lon="152.764317"><ele>27.9</ele><time>2026-01-01T05:13:00Z</time></trkpt>
<trkpt lat="-27.600079" lon="152.764321"><ele>28.2</ele><time>2026-01-01T05:13:01Z</time></trkpt>
<trkpt lat="-27.600226" lon="152.764333"><ele>29.2</ele><time>2026-01-01T05:13:03Z</time></trkpt>
<trkpt lat="-27.600363" lon="152.764343"><ele>30.3</ele><time>2026-01-01T05:13:05Z</time></trkpt>
<trkpt lat="-27.600425" lon="152.764352"><ele>30.7</ele><time>2026-01-01T05:13:06Z</time></trkpt>
<trkpt lat="-27.600594" lon="152.764368"><ele>31.1</ele><time>2026-01-01T05:13:09Z</time></trkpt>
<trkpt lat="-27.600707" lon="152.764377"><ele>31</ele><time>2026-01-01T05:13:11Z</time></trkpt>
<trkpt lat="-27.600814" lon="152.764384"><ele>30.7</ele><time>2026-01-01T05:13:13Z</time></trkpt>
<trkpt lat="-27.601105" lon="152.764405"><ele>29</ele><time>2026-01-01T05:13:17Z</time></trkpt>
<trkpt lat="-27.60118" lon="152.76441"><ele>28.6</ele><time>2026-01-01T05:13:18Z</time></trkpt>
<trkpt lat="-27.601259" lon="152.764415"><ele>28.2</ele><time>2026-01-01T05:13:19Z</time></trkpt>
<trkpt lat="-27.601657" lon="152.764445"><ele>28.2</ele><time>2026-01-01T05:13:24Z</time></trkpt>
<trkpt lat="-27.601751" lon="152.764454"><ele>28.9</ele><time>2026-01-01T05:13:25Z</time></trkpt>
<trkpt lat="-27.602022" lon="152.764474"><ele>30.9</ele><time>2026-01-01T05:13:29Z</time></trkpt>
<trkpt lat="-27.602389" lon="152.764486"><ele>31.7</ele><time>2026-01-01T05:13:35Z</time></trkpt>
<trkpt lat="-27.602769" lon="152.764396"><ele>30.7</ele><time>2026-01-01T05:13:41Z</time></trkpt>
<trkpt lat="-27.602977" lon="152.764313"><ele>29.5</ele><time>2026-01-01T05:13:44Z</time></trkpt>
<trkpt lat="-27.603132" lon="152.764254"><ele>28.7</ele><time>2026-01-01T05:13:46Z</time></trkpt>
<trkpt lat="-27.603214" lon="152.764222"><ele>28.4</ele><time>2026-01-01T05:13:47Z</time></trkpt>
<trkpt lat="-27.603368" lon="152.764158"><ele>27.8</ele><time>2026-01-01T05:13:49Z</time></trkpt>
<trkpt lat="-27.603568" lon="152.764074"><ele>27</ele><time>2026-01-01T05:13:51Z</time></trkpt>
<trkpt lat="-27.604034" lon="152.76388"><ele>24.9</ele><time>2026-01-01T05:13:56Z</time></trkpt>
<trkpt lat="-27.604134" lon="152.763845"><ele>24.4</ele><time>2026-01-01T05:13:57Z</time></trkpt>
<trkpt lat="-27.604334" lon="152.763773"><ele>23.5</ele><time>2026-01-01T05:13:59Z</time></trkpt>
<trkpt lat="-27.604625" lon="152.763646"><ele>22.2</ele><time>2026-01-01T05:14:02Z</time></trkpt>
<trkpt lat="-27.604724" lon="152.763605"><ele>22</ele><time>2026-01-01T05:14:03Z</time></trkpt>
<trkpt lat="-27.605304" lon="152.763389"><ele>23.1</ele><time>2026-01-01T05:14:09Z</time></trkpt>
<trkpt lat="-27.605478" lon="152.763323"><ele>23.8</ele><time>2026-01-01T05:14:11Z</time></trkpt>
<trkpt lat="-27.605726" lon="152.763226"><ele>24.9</ele><time>2026-01-01T05:14:14Z</time></trkpt>
<trkpt lat="-27.605806" lon="152.763198"><ele>25.3</ele><time>2026-01-01T05:14:15Z</time></trkpt>
<trkpt lat="-27.605868" lon="152.763174"><ele>25.5</ele><time>2026-01-01T05:14:16Z</time></trkpt>
<trkpt lat="-27.60603" lon="152.763115"><ele>26.1</ele><time>2026-01-01T05:14:18Z</time></trkpt>
<trkpt lat="-27.606166" lon="152.763062"><ele>26.6</ele><time>2026-01-01T05:14:20Z</time></trkpt>
<trkpt lat="-27.606299" lon="152.763006"><ele>27.1</ele><time>2026-01-01T05:14:22Z</time></trkpt>
<trkpt lat="-27.606431" lon="152.76295"><ele>27.6</ele><time>2026-01-01T05:14:24Z</time></trkpt>
<trkpt lat="-27.606483" lon="152.762927"><ele>27.8</ele><time>2026-01-01T05:14:25Z</time></trkpt>
<trkpt lat="-27.606623" lon="152.76287"><ele>28</ele><time>2026-01-01T05:14:27Z</time></trkpt>
<trkpt lat="-27.606816" lon="152.762794"><ele>28.1</ele><time>2026-01-01T05:14:30Z</time></trkpt>
<trkpt lat="-27.606878" lon="152.762769"><ele>28.1</ele><time>2026-01-01T05:14:31Z</time></trkpt>
<trkpt lat="-27.607223" lon="152.762626"><ele>28.1</ele><time>2026-01-01T05:14:36Z</time></trkpt>
<trkpt lat="-27.607448" lon="152.762563"><ele>27.9</ele><time>2026-01-01T05:14:39Z</time></trkpt>
<trkpt lat="-27.607608" lon="152.762553"><ele>27.7</ele><time>2026-01-01T05:14:41Z</time></trkpt>
<trkpt lat="-27.607758" lon="152.762501"><ele>27.6</ele><time>2026-01-01T05:14:43Z</time></trkpt>
<trkpt lat="-27.607827" lon="152.762458"><ele>27.5</ele><time>2026-01-01T05:14:44Z</time></trkpt>
<trkpt lat="-27.608251" lon="152.762249"><ele>27.3</ele><time>2026-01-01T05:14:50Z</time></trkpt>
<trkpt lat="-27.608324" lon="152.762232"><ele>27.3</ele><time>2026-01-01T05:14:51Z</time></trkpt>
<trkpt lat="-27.608467" lon="152.762226"><ele>27.3</ele><time>2026-01-01T05:14:53Z</time></trkpt>
<trkpt lat="-27.608539" lon="152.762234"><ele>27.2</ele><time>2026-01-01T05:14:54Z</time></trkpt>
<trkpt lat="-27.608774" lon="152.762259"><ele>27.1</ele><time>2026-01-01T05:14:57Z</time></trkpt>
<trkpt lat="-27.608846" lon="152.762241"><ele>27</ele><time>2026-01-01T05:14:58Z</time></trkpt>
<trkpt lat="-27.608899" lon="152.762215"><ele>27.1</ele><time>2026-01-01T05:14:59Z</time></trkpt>
<trkpt lat="-27.60903" lon="152.762104"><ele>27.1</ele><time>2026-01-01T05:15:01Z</time></trkpt>
<trkpt lat="-27.609092" lon="152.76205"><ele>27.2</ele><time>2026-01-01T05:15:02Z</time></trkpt>
<trkpt lat="-27.609234" lon="152.761979"><ele>27.3</ele><time>2026-01-01T05:15:04Z</time></trkpt>
<trkpt lat="-27.609754" lon="152.761854"><ele>27.5</ele><time>2026-01-01T05:15:11Z</time></trkpt>
<trkpt lat="-27.609827" lon="152.761843"><ele>27.6</ele><time>2026-01-01T05:15:12Z</time></trkpt>
<trkpt lat="-27.609975" lon="152.761824"><ele>27.7</ele><time>2026-01-01T05:15:14Z</time></trkpt>
<trkpt lat="-27.610121" lon="152.761803"><ele>27.8</ele><time>2026-01-01T05:15:16Z</time></trkpt>
<trkpt lat="-27.610414" lon="152.761754"><ele>27.9</ele><time>2026-01-01T05:15:20Z</time></trkpt>
<trkpt lat="-27.610993" lon="152.761679"><ele>28.3</ele><time>2026-01-01T05:15:27Z</time></trkpt>
<trkpt lat="-27.611321" lon="152.761633"><ele>28.3</ele><time>2026-01-01T05:15:31Z</time></trkpt>
<trkpt lat="-27.611888" lon="152.761562"><ele>28</ele><time>2026-01-01T05:15:38Z</time></trkpt>
<trkpt lat="-27.611962" lon="152.761558"><ele>27.9</ele><time>2026-01-01T05:15:39Z</time></trkpt>
<trkpt lat="-27.612181" lon="152.761524"><ele>27.7</ele><time>2026-01-01T05:15:42Z</time></trkpt>
<trkpt lat="-27.612576" lon="152.761464"><ele>27.2</ele><time>2026-01-01T05:15:47Z</time></trkpt>
<trkpt lat="-27.612747" lon="152.761434"><ele>26.8</ele><time>2026-01-01T05:15:50Z</time></trkpt>
<trkpt lat="-27.612789" lon="152.761425"><ele>26.9</ele><time>2026-01-01T05:15:51Z</time></trkpt>
<trkpt lat="-27.612828" lon="152.761418"><ele>27</ele><time>2026-01-01T05:15:52Z</time></trkpt>
<trkpt lat="-27.612963" lon="152.761377"><ele>27.1</ele><time>2026-01-01T05:15:56Z</time></trkpt>
<trkpt lat="-27.613198" lon="152.761304"><ele>26.4</ele><time>2026-01-01T05:16:02Z</time></trkpt>
<trkpt lat="-27.613283" lon="152.76128"><ele>26.3</ele><time>2026-01-01T05:16:04Z</time></trkpt>
<trkpt lat="-27.613476" lon="152.761221"><ele>25.9</ele><time>2026-01-01T05:16:08Z</time></trkpt>
<trkpt lat="-27.613523" lon="152.761212"><ele>25.8</ele><time>2026-01-01T05:16:09Z</time></trkpt>
<trkpt lat="-27.613584" lon="152.761202"><ele>25.6</ele><time>2026-01-01T05:16:11Z</time></trkpt>
<trkpt lat="-27.613591" lon="152.761201"><ele>25.6</ele><time>2026-01-01T05:16:12Z</time></trkpt>
<trkpt lat="-27.613595" lon="152.761202"><ele>25.6</ele><time>2026-01-01T05:16:13Z</time></trkpt>
<trkpt lat="-27.61354" lon="152.761218"><ele>25.5</ele><time>2026-01-01T05:16:24Z</time></trkpt>
<trkpt lat="-27.613515" lon="152.761221"><ele>25.5</ele><time>2026-01-01T05:16:25Z</time></trkpt>
<trkpt lat="-27.613369" lon="152.761258"><ele>25.2</ele><time>2026-01-01T05:16:29Z</time></trkpt>
<trkpt lat="-27.613268" lon="152.761289"><ele>26</ele><time>2026-01-01T05:16:31Z</time></trkpt>
<trkpt lat="-27.613115" lon="152.76132"><ele>26.8</ele><time>2026-01-01T05:16:34Z</time></trkpt>
<trkpt lat="-27.613068" lon="152.761329"><ele>26.9</ele><time>2026-01-01T05:16:35Z</time></trkpt>
<trkpt lat="-27.613024" lon="152.761343"><ele>27</ele><time>2026-01-01T05:16:36Z</time></trkpt>
<trkpt lat="-27.612875" lon="152.761416"><ele>27</ele><time>2026-01-01T05:16:40Z</time></trkpt>
<trkpt lat="-27.612863" lon="152.76144"><ele>27</ele><time>2026-01-01T05:16:41Z</time></trkpt>
<trkpt lat="-27.612835" lon="152.761509"><ele>26.9</ele><time>2026-01-01T05:16:45Z</time></trkpt>
<trkpt lat="-27.612813" lon="152.761539"><ele>26.4</ele><time>2026-01-01T05:16:46Z</time></trkpt>
<trkpt lat="-27.612791" lon="152.761587"><ele>25.8</ele><time>2026-01-01T05:16:47Z</time></trkpt>
<trkpt lat="-27.612792" lon="152.761693"><ele>25</ele><time>2026-01-01T05:16:49Z</time></trkpt>
<trkpt lat="-27.612834" lon="152.761878"><ele>23.4</ele><time>2026-01-01T05:16:52Z</time></trkpt>
<trkpt lat="-27.612863" lon="152.762018"><ele>22.4</ele><time>2026-01-01T05:16:54Z</time></trkpt>
<trkpt lat="-27.612877" lon="152.762092"><ele>21.8</ele><time>2026-01-01T05:16:55Z</time></trkpt>
<trkpt lat="-27.612885" lon="152.762169"><ele>21.3</ele><time>2026-01-01T05:16:56Z</time></trkpt>
<trkpt lat="-27.612857" lon="152.762306"><ele>20.3</ele><time>2026-01-01T05:16:58Z</time></trkpt>
<trkpt lat="-27.612826" lon="152.762355"><ele>20.7</ele><time>2026-01-01T05:16:59Z</time></trkpt>
<trkpt lat="-27.612783" lon="152.762386"><ele>20.8</ele><time>2026-01-01T05:17:00Z</time></trkpt>
<trkpt lat="-27.612739" lon="152.762402"><ele>20.5</ele><time>2026-01-01T05:17:01Z</time></trkpt>
<trkpt lat="-27.612609" lon="152.762441"><ele>19.7</ele><time>2026-01-01T05:17:04Z</time></trkpt>
<trkpt lat="-27.612539" lon="152.762489"><ele>19</ele><time>2026-01-01T05:17:06Z</time></trkpt>
<trkpt lat="-27.612482" lon="152.762537"><ele>18.4</ele><time>2026-01-01T05:17:08Z</time></trkpt>
<trkpt lat="-27.61243" lon="152.762572"><ele>17.8</ele><time>2026-01-01T05:17:09Z</time></trkpt>
<trkpt lat="-27.612305" lon="152.762611"><ele>17.4</ele><time>2026-01-01T05:17:11Z</time></trkpt>
<trkpt lat="-27.612242" lon="152.762645"><ele>17.1</ele><time>2026-01-01T05:17:12Z</time></trkpt>
<trkpt lat="-27.612194" lon="152.762696"><ele>16.8</ele><time>2026-01-01T05:17:13Z</time></trkpt>
<trkpt lat="-27.612177" lon="152.762748"><ele>16.6</ele><time>2026-01-01T05:17:14Z</time></trkpt>
<trkpt lat="-27.612175" lon="152.76283"><ele>16.2</ele><time>2026-01-01T05:17:15Z</time></trkpt>
<trkpt lat="-27.612193" lon="152.76289"><ele>15.9</ele><time>2026-01-01T05:17:16Z</time></trkpt>
<trkpt lat="-27.612253" lon="152.763071"><ele>14.5</ele><time>2026-01-01T05:17:18Z</time></trkpt>
<trkpt lat="-27.612272" lon="152.763161"><ele>13.7</ele><time>2026-01-01T05:17:19Z</time></trkpt>
<trkpt lat="-27.612398" lon="152.763657"><ele>11.8</ele><time>2026-01-01T05:17:24Z</time></trkpt>
<trkpt lat="-27.61245" lon="152.763884"><ele>11.5</ele><time>2026-01-01T05:17:26Z</time></trkpt>
<trkpt lat="-27.612473" lon="152.763992"><ele>11.6</ele><time>2026-01-01T05:17:27Z</time></trkpt>
<trkpt lat="-27.612495" lon="152.764097"><ele>11.5</ele><time>2026-01-01T05:17:28Z</time></trkpt>
<trkpt lat="-27.612541" lon="152.764296"><ele>11.2</ele><time>2026-01-01T05:17:30Z</time></trkpt>
<trkpt lat="-27.612567" lon="152.764407"><ele>11.1</ele><time>2026-01-01T05:17:31Z</time></trkpt>
<trkpt lat="-27.612643" lon="152.764718"><ele>11.1</ele><time>2026-01-01T05:17:34Z</time></trkpt>
<trkpt lat="-27.612713" lon="152.765008"><ele>11.7</ele><time>2026-01-01T05:17:37Z</time></trkpt>
<trkpt lat="-27.612803" lon="152.765324"><ele>12.5</ele><time>2026-01-01T05:17:40Z</time></trkpt>
<trkpt lat="-27.612833" lon="152.765418"><ele>12.8</ele><time>2026-01-01T05:17:41Z</time></trkpt>
<trkpt lat="-27.612964" lon="152.765976"><ele>14.5</ele><time>2026-01-01T05:17:47Z</time></trkpt>
<trkpt lat="-27.612973" lon="152.766138"><ele>15</ele><time>2026-01-01T05:17:49Z</time></trkpt>
<trkpt lat="-27.612978" lon="152.766355"><ele>15.5</ele><time>2026-01-01T05:17:52Z</time></trkpt>
<trkpt lat="-27.612982" lon="152.766565"><ele>16.2</ele><time>2026-01-01T05:17:55Z</time></trkpt>
<trkpt lat="-27.612984" lon="152.766635"><ele>16.4</ele><time>2026-01-01T05:17:56Z</time></trkpt>
<trkpt lat="-27.612985" lon="152.766704"><ele>16.6</ele><time>2026-01-01T05:17:57Z</time></trkpt>
<trkpt lat="-27.612978" lon="152.766849"><ele>17</ele><time>2026-01-01T05:17:59Z</time></trkpt>
<trkpt lat="-27.612963" lon="152.766988"><ele>17.4</ele><time>2026-01-01T05:18:01Z</time></trkpt>
<trkpt lat="-27.612927" lon="152.767243"><ele>18.2</ele><time>2026-01-01T05:18:05Z</time></trkpt>
<trkpt lat="-27.61292" lon="152.767287"><ele>18.4</ele><time>2026-01-01T05:18:06Z</time></trkpt>
<trkpt lat="-27.612879" lon="152.767488"><ele>19.2</ele><time>2026-01-01T05:18:09Z</time></trkpt>
<trkpt lat="-27.612826" lon="152.767733"><ele>20.2</ele><time>2026-01-01T05:18:13Z</time></trkpt>
<trkpt lat="-27.612793" lon="152.767857"><ele>20.6</ele><time>2026-01-01T05:18:15Z</time></trkpt>
<trkpt lat="-27.612769" lon="152.767956"><ele>20.8</ele><time>2026-01-01T05:18:17Z</time></trkpt>
<trkpt lat="-27.612759" lon="152.767999"><ele>20.9</ele><time>2026-01-01T05:18:18Z</time></trkpt>
<trkpt lat="-27.612749" lon="152.768038"><ele>21.1</ele><time>2026-01-01T05:18:19Z</time></trkpt>
<trkpt lat="-27.612738" lon="152.768072"><ele>21.3</ele><time>2026-01-01T05:18:20Z</time></trkpt>
<trkpt lat="-27.612704" lon="152.768148"><ele>21.7</ele><time>2026-01-01T05:18:22Z</time></trkpt>
<trkpt lat="-27.612689" lon="152.768185"><ele>21.8</ele><time>2026-01-01T05:18:23Z</time></trkpt>
<trkpt lat="-27.61267" lon="152.768213"><ele>22</ele><time>2026-01-01T05:18:24Z</time></trkpt>
<trkpt lat="-27.612657" lon="152.76824"><ele>22.1</ele><time>2026-01-01T05:18:25Z</time></trkpt>
<trkpt lat="-27.612643" lon="152.768289"><ele>22.4</ele><time>2026-01-01T05:18:27Z</time></trkpt>
<trkpt lat="-27.612609" lon="152.768379"><ele>22.8</ele><time>2026-01-01T05:18:31Z</time></trkpt>
<trkpt lat="-27.612603" lon="152.768421"><ele>23</ele><time>2026-01-01T05:18:32Z</time></trkpt>
<trkpt lat="-27.612555" lon="152.768583"><ele>23.6</ele><time>2026-01-01T05:18:35Z</time></trkpt>
<trkpt lat="-27.612534" lon="152.768635"><ele>23.8</ele><time>2026-01-01T05:18:36Z</time></trkpt>
<trkpt lat="-27.612422" lon="152.768856"><ele>24.3</ele><time>2026-01-01T05:18:41Z</time></trkpt>
<trkpt lat="-27.612412" lon="152.768869"><ele>24.3</ele><time>2026-01-01T05:18:42Z</time></trkpt>
<trkpt lat="-27.612376" lon="152.768868"><ele>24.1</ele><time>2026-01-01T05:18:45Z</time></trkpt>
<trkpt lat="-27.612355" lon="152.768837"><ele>23.3</ele><time>2026-01-01T05:18:47Z</time></trkpt>
<trkpt lat="-27.612322" lon="152.768784"><ele>22</ele><time>2026-01-01T05:18:50Z</time></trkpt>
<trkpt lat="-27.612253" lon="152.768736"><ele>20.9</ele><time>2026-01-01T05:18:54Z</time></trkpt>
<trkpt lat="-27.612249" lon="152.768736"><ele>20.9</ele><time>2026-01-01T05:18:55Z</time></trkpt>
<trkpt lat="-27.612249" lon="152.768736"><ele>20.9</ele><time>2026-01-01T05:18:56Z</time></trkpt>
<trkpt lat="-27.612217" lon="152.76868"><ele>20.9</ele><time>2026-01-01T05:19:57Z</time></trkpt>
<trkpt lat="-27.612217" lon="152.768681"><ele>20.9</ele><time>2026-01-01T05:19:58Z</time></trkpt>
<trkpt lat="-27.612215" lon="152.768679"><ele>20.9</ele><time>2026-01-01T05:19:59Z</time></trkpt>
<trkpt lat="-27.612182" lon="152.768835"><ele>20.9</ele><time>2026-01-01T05:23:30Z</time></trkpt>
<trkpt lat="-27.612176" lon="152.768908"><ele>21.2</ele><time>2026-01-01T05:23:32Z</time></trkpt>
<trkpt lat="-27.612159" lon="152.769002"><ele>21.5</ele><time>2026-01-01T05:23:35Z</time></trkpt>
<trkpt lat="-27.612143" lon="152.769042"><ele>21.7</ele><time>2026-01-01T05:23:36Z</time></trkpt>
<trkpt lat="-27.612133" lon="152.769072"><ele>21.8</ele><time>2026-01-01T05:23:37Z</time></trkpt>
<trkpt lat="-27.612124" lon="152.769101"><ele>21.9</ele><time>2026-01-01T05:23:57Z</time></trkpt>
<trkpt lat="-27.612114" lon="152.769131"><ele>22</ele><time>2026-01-01T05:23:58Z</time></trkpt>
<trkpt lat="-27.612094" lon="152.769176"><ele>22.1</ele><time>2026-01-01T05:23:59Z</time></trkpt>
<trkpt lat="-27.612035" lon="152.769319"><ele>22.5</ele><time>2026-01-01T05:24:02Z</time></trkpt>
<trkpt lat="-27.612007" lon="152.769373"><ele>22.8</ele><time>2026-01-01T05:24:03Z</time></trkpt>
<trkpt lat="-27.611973" lon="152.769422"><ele>23</ele><time>2026-01-01T05:24:04Z</time></trkpt>
<trkpt lat="-27.61193" lon="152.769462"><ele>23.4</ele><time>2026-01-01T05:24:05Z</time></trkpt>
<trkpt lat="-27.611886" lon="152.769487"><ele>23.7</ele><time>2026-01-01T05:24:06Z</time></trkpt>
<trkpt lat="-27.611801" lon="152.769503"><ele>24.2</ele><time>2026-01-01T05:24:08Z</time></trkpt>
<trkpt lat="-27.611763" lon="152.769489"><ele>24.4</ele><time>2026-01-01T05:24:09Z</time></trkpt>
<trkpt lat="-27.611736" lon="152.769465"><ele>24.6</ele><time>2026-01-01T05:24:10Z</time></trkpt>
<trkpt lat="-27.611689" lon="152.769389"><ele>25</ele><time>2026-01-01T05:24:12Z</time></trkpt>
<trkpt lat="-27.611677" lon="152.769355"><ele>25.2</ele><time>2026-01-01T05:24:13Z</time></trkpt>
<trkpt lat="-27.611658" lon="152.769295"><ele>25.5</ele><time>2026-01-01T05:24:15Z</time></trkpt>
<trkpt lat="-27.611641" lon="152.769276"><ele>25.6</ele><time>2026-01-01T05:24:16Z</time></trkpt>
<trkpt lat="-27.611613" lon="152.769282"><ele>25.7</ele><time>2026-01-01T05:24:17Z</time></trkpt>
<trkpt lat="-27.611574" lon="152.769328"><ele>26</ele><time>2026-01-01T05:24:19Z</time></trkpt>
<trkpt lat="-27.611569" lon="152.769371"><ele>26.2</ele><time>2026-01-01T05:24:20Z</time></trkpt>
<trkpt lat="-27.611569" lon="152.769422"><ele>26.4</ele><time>2026-01-01T05:24:21Z</time></trkpt>
<trkpt lat="-27.611636" lon="152.769627"><ele>27</ele><time>2026-01-01T05:24:26Z</time></trkpt>
<trkpt lat="-27.611658" lon="152.769713"><ele>27.2</ele><time>2026-01-01T05:24:29Z</time></trkpt>
<trkpt lat="-27.611683" lon="152.769827"><ele>27.4</ele><time>2026-01-01T05:24:33Z</time></trkpt>
<trkpt lat="-27.611643" lon="152.769882"><ele>27.4</ele><time>2026-01-01T05:24:35Z</time></trkpt>
<trkpt lat="-27.611615" lon="152.769895"><ele>27.5</ele><time>2026-01-01T05:24:36Z</time></trkpt>
<trkpt lat="-27.611566" lon="152.769911"><ele>27.7</ele><time>2026-01-01T05:24:37Z</time></trkpt>
<trkpt lat="-27.611415" lon="152.769939"><ele>28</ele><time>2026-01-01T05:24:41Z</time></trkpt>
<trkpt lat="-27.611378" lon="152.769944"><ele>28</ele><time>2026-01-01T05:24:42Z</time></trkpt>
<trkpt lat="-27.611083" lon="152.769991"><ele>28.2</ele><time>2026-01-01T05:24:49Z</time></trkpt>
<trkpt lat="-27.610936" lon="152.770022"><ele>27.7</ele><time>2026-01-01T05:24:52Z</time></trkpt>
<trkpt lat="-27.610877" lon="152.770037"><ele>27.4</ele><time>2026-01-01T05:24:53Z</time></trkpt>
<trkpt lat="-27.610813" lon="152.770052"><ele>27</ele><time>2026-01-01T05:24:54Z</time></trkpt>
<trkpt lat="-27.61067" lon="152.770079"><ele>25.8</ele><time>2026-01-01T05:24:56Z</time></trkpt>
<trkpt lat="-27.610504" lon="152.770106"><ele>24</ele><time>2026-01-01T05:24:58Z</time></trkpt>
<trkpt lat="-27.610315" lon="152.770141"><ele>22.1</ele><time>2026-01-01T05:25:00Z</time></trkpt>
<trkpt lat="-27.610235" lon="152.770156"><ele>21.4</ele><time>2026-01-01T05:25:01Z</time></trkpt>
<trkpt lat="-27.610039" lon="152.770189"><ele>20.4</ele><time>2026-01-01T05:25:03Z</time></trkpt>
<trkpt lat="-27.609777" lon="152.770232"><ele>20.3</ele><time>2026-01-01T05:25:06Z</time></trkpt>
<trkpt lat="-27.6096" lon="152.770263"><ele>20.5</ele><time>2026-01-01T05:25:08Z</time></trkpt>
<trkpt lat="-27.609441" lon="152.770294"><ele>20.7</ele><time>2026-01-01T05:25:10Z</time></trkpt>
<trkpt lat="-27.60913" lon="152.770346"><ele>21.5</ele><time>2026-01-01T05:25:14Z</time></trkpt>
<trkpt lat="-27.608648" lon="152.770432"><ele>23.7</ele><time>2026-01-01T05:25:20Z</time></trkpt>
<trkpt lat="-27.608588" lon="152.770442"><ele>24</ele><time>2026-01-01T05:25:21Z</time></trkpt>
<trkpt lat="-27.608472" lon="152.770466"><ele>24.4</ele><time>2026-01-01T05:25:23Z</time></trkpt>
<trkpt lat="-27.608294" lon="152.770496"><ele>25</ele><time>2026-01-01T05:25:26Z</time></trkpt>
<trkpt lat="-27.60818" lon="152.770517"><ele>25.2</ele><time>2026-01-01T05:25:28Z</time></trkpt>
<trkpt lat="-27.607625" lon="152.770603"><ele>25.3</ele><time>2026-01-01T05:25:37Z</time></trkpt>
<trkpt lat="-27.607143" lon="152.77069"><ele>24.9</ele><time>2026-01-01T05:25:44Z</time></trkpt>
<trkpt lat="-27.607002" lon="152.770718"><ele>24.8</ele><time>2026-01-01T05:25:46Z</time></trkpt>
<trkpt lat="-27.606429" lon="152.770851"><ele>25.2</ele><time>2026-01-01T05:25:54Z</time></trkpt>
<trkpt lat="-27.606366" lon="152.770865"><ele>25.3</ele><time>2026-01-01T05:25:55Z</time></trkpt>
<trkpt lat="-27.606255" lon="152.770891"><ele>25.4</ele><time>2026-01-01T05:25:57Z</time></trkpt>
<trkpt lat="-27.60616" lon="152.770961"><ele>25.6</ele><time>2026-01-01T05:25:59Z</time></trkpt>
<trkpt lat="-27.606143" lon="152.771108"><ele>25.6</ele><time>2026-01-01T05:26:01Z</time></trkpt>
<trkpt lat="-27.606186" lon="152.771422"><ele>25.7</ele><time>2026-01-01T05:26:05Z</time></trkpt>
<trkpt lat="-27.606197" lon="152.771495"><ele>25.7</ele><time>2026-01-01T05:26:06Z</time></trkpt>
<trkpt lat="-27.606276" lon="152.772064"><ele>25.8</ele><time>2026-01-01T05:26:14Z</time></trkpt>
<trkpt lat="-27.606286" lon="152.772127"><ele>25.8</ele><time>2026-01-01T05:26:15Z</time></trkpt>
<trkpt lat="-27.60635" lon="152.772575"><ele>25.8</ele><time>2026-01-01T05:26:22Z</time></trkpt>
<trkpt lat="-27.606421" lon="152.773016"><ele>25.6</ele><time>2026-01-01T05:26:28Z</time></trkpt>
<trkpt lat="-27.60648" lon="152.773388"><ele>25.2</ele><time>2026-01-01T05:26:33Z</time></trkpt>
<trkpt lat="-27.606506" lon="152.773562"><ele>25</ele><time>2026-01-01T05:26:35Z</time></trkpt>
<trkpt lat="-27.606592" lon="152.774208"><ele>24.3</ele><time>2026-01-01T05:26:43Z</time></trkpt>
<trkpt lat="-27.606624" lon="152.774457"><ele>23.9</ele><time>2026-01-01T05:26:46Z</time></trkpt>
<trkpt lat="-27.606689" lon="152.774964"><ele>22.6</ele><time>2026-01-01T05:26:52Z</time></trkpt>
<trkpt lat="-27.60673" lon="152.775241"><ele>22.2</ele><time>2026-01-01T05:26:55Z</time></trkpt>
<trkpt lat="-27.606763" lon="152.775514"><ele>22.1</ele><time>2026-01-01T05:26:58Z</time></trkpt>
<trkpt lat="-27.606816" lon="152.775876"><ele>21.7</ele><time>2026-01-01T05:27:02Z</time></trkpt>
<trkpt lat="-27.606883" lon="152.776284"><ele>21.8</ele><time>2026-01-01T05:27:07Z</time></trkpt>
<trkpt lat="-27.606957" lon="152.77682"><ele>23.1</ele><time>2026-01-01T05:27:14Z</time></trkpt>
<trkpt lat="-27.606988" lon="152.777026"><ele>23.7</ele><time>2026-01-01T05:27:17Z</time></trkpt>
<trkpt lat="-27.607007" lon="152.777165"><ele>23.9</ele><time>2026-01-01T05:27:19Z</time></trkpt>
<trkpt lat="-27.607016" lon="152.777232"><ele>24</ele><time>2026-01-01T05:27:20Z</time></trkpt>
<trkpt lat="-27.607033" lon="152.777349"><ele>24.1</ele><time>2026-01-01T05:27:22Z</time></trkpt>
<trkpt lat="-27.607066" lon="152.77761"><ele>24</ele><time>2026-01-01T05:27:26Z</time></trkpt>
<trkpt lat="-27.607084" lon="152.777731"><ele>23.7</ele><time>2026-01-01T05:27:28Z</time></trkpt>
<trkpt lat="-27.607123" lon="152.778025"><ele>22.7</ele><time>2026-01-01T05:27:32Z</time></trkpt>
<trkpt lat="-27.607158" lon="152.778255"><ele>21.6</ele><time>2026-01-01T05:27:35Z</time></trkpt>
<trkpt lat="-27.607172" lon="152.778334"><ele>21.2</ele><time>2026-01-01T05:27:36Z</time></trkpt>
<trkpt lat="-27.60722" lon="152.778656"><ele>19.5</ele><time>2026-01-01T05:27:40Z</time></trkpt>
<trkpt lat="-27.607229" lon="152.77872"><ele>19.2</ele><time>2026-01-01T05:27:41Z</time></trkpt>
<trkpt lat="-27.60727" lon="152.778981"><ele>17.8</ele><time>2026-01-01T05:27:44Z</time></trkpt>
<trkpt lat="-27.607348" lon="152.779583"><ele>15.2</ele><time>2026-01-01T05:27:50Z</time></trkpt>
<trkpt lat="-27.60741" lon="152.780023"><ele>14.6</ele><time>2026-01-01T05:27:54Z</time></trkpt>
<trkpt lat="-27.607438" lon="152.780216"><ele>14.8</ele><time>2026-01-01T05:27:56Z</time></trkpt>
<trkpt lat="-27.607447" lon="152.78031"><ele>15.1</ele><time>2026-01-01T05:27:57Z</time></trkpt>
<trkpt lat="-27.607498" lon="152.780726"><ele>16.1</ele><time>2026-01-01T05:28:02Z</time></trkpt>
<trkpt lat="-27.60754" lon="152.781056"><ele>17.2</ele><time>2026-01-01T05:28:07Z</time></trkpt>
<trkpt lat="-27.607566" lon="152.781202"><ele>17.6</ele><time>2026-01-01T05:28:09Z</time></trkpt>
<trkpt lat="-27.607588" lon="152.781329"><ele>18</ele><time>2026-01-01T05:28:11Z</time></trkpt>
<trkpt lat="-27.60762" lon="152.781584"><ele>18.8</ele><time>2026-01-01T05:28:15Z</time></trkpt>
<trkpt lat="-27.607673" lon="152.78192"><ele>20</ele><time>2026-01-01T05:28:21Z</time></trkpt>
<trkpt lat="-27.607699" lon="152.782099"><ele>20.8</ele><time>2026-01-01T05:28:24Z</time></trkpt>
<trkpt lat="-27.607706" lon="152.782148"><ele>21.1</ele><time>2026-01-01T05:28:25Z</time></trkpt>
<trkpt lat="-27.607732" lon="152.782324"><ele>22.1</ele><time>2026-01-01T05:28:28Z</time></trkpt>
<trkpt lat="-27.607765" lon="152.782554"><ele>23.3</ele><time>2026-01-01T05:28:32Z</time></trkpt>
<trkpt lat="-27.607777" lon="152.782657"><ele>23.9</ele><time>2026-01-01T05:28:34Z</time></trkpt>
<trkpt lat="-27.60779" lon="152.782776"><ele>24.6</ele><time>2026-01-01T05:28:36Z</time></trkpt>
<trkpt lat="-27.607825" lon="152.783042"><ele>25.4</ele><time>2026-01-01T05:28:41Z</time></trkpt>
<trkpt lat="-27.60784" lon="152.783164"><ele>26</ele><time>2026-01-01T05:28:43Z</time></trkpt>
<trkpt lat="-27.607883" lon="152.783543"><ele>27.9</ele><time>2026-01-01T05:28:50Z</time></trkpt>
<trkpt lat="-27.607889" lon="152.783588"><ele>28.1</ele><time>2026-01-01T05:28:51Z</time></trkpt>
<trkpt lat="-27.607923" lon="152.783814"><ele>29.2</ele><time>2026-01-01T05:28:55Z</time></trkpt>
<trkpt lat="-27.607949" lon="152.78398"><ele>30</ele><time>2026-01-01T05:28:58Z</time></trkpt>
<trkpt lat="-27.607969" lon="152.784102"><ele>30.5</ele><time>2026-01-01T05:29:00Z</time></trkpt>
<trkpt lat="-27.607977" lon="152.784158"><ele>30.6</ele><time>2026-01-01T05:29:01Z</time></trkpt>
<trkpt lat="-27.608061" lon="152.784771"><ele>32.8</ele><time>2026-01-01T05:29:12Z</time></trkpt>
<trkpt lat="-27.608094" lon="152.785037"><ele>33.7</ele><time>2026-01-01T05:29:17Z</time></trkpt>
<trkpt lat="-27.608124" lon="152.785213"><ele>34.1</ele><time>2026-01-01T05:29:20Z</time></trkpt>
<trkpt lat="-27.608131" lon="152.78527"><ele>34.3</ele><time>2026-01-01T05:29:21Z</time></trkpt>
<trkpt lat="-27.608165" lon="152.785554"><ele>34.7</ele><time>2026-01-01T05:29:26Z</time></trkpt>
<trkpt lat="-27.608199" lon="152.785791"><ele>34.6</ele><time>2026-01-01T05:29:30Z</time></trkpt>
<trkpt lat="-27.608241" lon="152.78608"><ele>33.9</ele><time>2026-01-01T05:29:34Z</time></trkpt>
<trkpt lat="-27.608253" lon="152.786158"><ele>33.6</ele><time>2026-01-01T05:29:35Z</time></trkpt>
<trkpt lat="-27.608308" lon="152.786609"><ele>31.8</ele><time>2026-01-01T05:29:41Z</time></trkpt>
<trkpt lat="-27.608316" lon="152.786685"><ele>31.5</ele><time>2026-01-01T05:29:42Z</time></trkpt>
<trkpt lat="-27.608346" lon="152.786938"><ele>30.5</ele><time>2026-01-01T05:29:45Z</time></trkpt>
<trkpt lat="-27.608371" lon="152.787116"><ele>29.8</ele><time>2026-01-01T05:29:47Z</time></trkpt>
<trkpt lat="-27.608393" lon="152.787298"><ele>29.1</ele><time>2026-01-01T05:29:49Z</time></trkpt>
<trkpt lat="-27.608417" lon="152.787453"><ele>28.5</ele><time>2026-01-01T05:29:51Z</time></trkpt>
<trkpt lat="-27.608433" lon="152.787553"><ele>28.2</ele><time>2026-01-01T05:29:52Z</time></trkpt>
<trkpt lat="-27.608454" lon="152.787727"><ele>27.6</ele><time>2026-01-01T05:29:54Z</time></trkpt>
<trkpt lat="-27.608467" lon="152.787818"><ele>27.4</ele><time>2026-01-01T05:29:55Z</time></trkpt>
<trkpt lat="-27.608497" lon="152.788005"><ele>26.8</ele><time>2026-01-01T05:29:57Z</time></trkpt>
<trkpt lat="-27.608525" lon="152.788201"><ele>26.1</ele><time>2026-01-01T05:29:59Z</time></trkpt>
<trkpt lat="-27.608538" lon="152.788304"><ele>25.7</ele><time>2026-01-01T05:30:00Z</time></trkpt>
<trkpt lat="-27.608569" lon="152.788513"><ele>24.9</ele><time>2026-01-01T05:30:02Z</time></trkpt>
<trkpt lat="-27.608597" lon="152.788722"><ele>24.3</ele><time>2026-01-01T05:30:04Z</time></trkpt>
<trkpt lat="-27.608626" lon="152.788926"><ele>23.8</ele><time>2026-01-01T05:30:06Z</time></trkpt>
<trkpt lat="-27.608636" lon="152.789023"><ele>23.6</ele><time>2026-01-01T05:30:07Z</time></trkpt>
<trkpt lat="-27.608648" lon="152.789115"><ele>23.5</ele><time>2026-01-01T05:30:08Z</time></trkpt>
<trkpt lat="-27.608673" lon="152.78929"><ele>23.4</ele><time>2026-01-01T05:30:10Z</time></trkpt>
<trkpt lat="-27.608684" lon="152.789373"><ele>23.4</ele><time>2026-01-01T05:30:11Z</time></trkpt>
<trkpt lat="-27.608699" lon="152.789595"><ele>23.4</ele><time>2026-01-01T05:30:14Z</time></trkpt>
<trkpt lat="-27.608682" lon="152.78969"><ele>23.4</ele><time>2026-01-01T05:30:15Z</time></trkpt>
<trkpt lat="-27.608655" lon="152.789766"><ele>23.3</ele><time>2026-01-01T05:30:16Z</time></trkpt>
<trkpt lat="-27.608614" lon="152.789835"><ele>23.3</ele><time>2026-01-01T05:30:17Z</time></trkpt>
<trkpt lat="-27.608558" lon="152.789889"><ele>23.3</ele><time>2026-01-01T05:30:18Z</time></trkpt>
<trkpt lat="-27.608415" lon="152.789943"><ele>23.3</ele><time>2026-01-01T05:30:20Z</time></trkpt>
<trkpt lat="-27.608342" lon="152.789955"><ele>23.3</ele><time>2026-01-01T05:30:21Z</time></trkpt>
<trkpt lat="-27.608163" lon="152.789986"><ele>23.6</ele><time>2026-01-01T05:30:24Z</time></trkpt>
<trkpt lat="-27.608111" lon="152.789994"><ele>23.7</ele><time>2026-01-01T05:30:25Z</time></trkpt>
<trkpt lat="-27.607865" lon="152.790023"><ele>24.4</ele><time>2026-01-01T05:30:30Z</time></trkpt>
<trkpt lat="-27.607661" lon="152.790056"><ele>25.2</ele><time>2026-01-01T05:30:34Z</time></trkpt>
<trkpt lat="-27.607452" lon="152.790092"><ele>26.4</ele><time>2026-01-01T05:30:38Z</time></trkpt>
<trkpt lat="-27.607401" lon="152.790104"><ele>26.7</ele><time>2026-01-01T05:30:39Z</time></trkpt>
<trkpt lat="-27.607295" lon="152.79012"><ele>27.3</ele><time>2026-01-01T05:30:41Z</time></trkpt>
<trkpt lat="-27.607022" lon="152.790177"><ele>29</ele><time>2026-01-01T05:30:46Z</time></trkpt>
<trkpt lat="-27.606915" lon="152.790195"><ele>29.6</ele><time>2026-01-01T05:30:48Z</time></trkpt>
<trkpt lat="-27.606825" lon="152.790209"><ele>30.1</ele><time>2026-01-01T05:30:50Z</time></trkpt>
<trkpt lat="-27.606776" lon="152.790216"><ele>30.4</ele><time>2026-01-01T05:30:51Z</time></trkpt>
<trkpt lat="-27.606519" lon="152.790251"><ele>31.5</ele><time>2026-01-01T05:30:56Z</time></trkpt>
<trkpt lat="-27.606459" lon="152.790261"><ele>31.8</ele><time>2026-01-01T05:30:57Z</time></trkpt>
<trkpt lat="-27.606247" lon="152.790289"><ele>32.4</ele><time>2026-01-01T05:31:01Z</time></trkpt>
<trkpt lat="-27.605971" lon="152.790329"><ele>32.9</ele><time>2026-01-01T05:31:06Z</time></trkpt>
<trkpt lat="-27.605914" lon="152.790339"><ele>32.9</ele><time>2026-01-01T05:31:07Z</time></trkpt>
<trkpt lat="-27.605404" lon="152.790424"><ele>31.4</ele><time>2026-01-01T05:31:15Z</time></trkpt>
<trkpt lat="-27.605033" lon="152.7905"><ele>28.8</ele><time>2026-01-01T05:31:20Z</time></trkpt>
<trkpt lat="-27.604772" lon="152.790539"><ele>26.9</ele><time>2026-01-01T05:31:23Z</time></trkpt>
<trkpt lat="-27.604591" lon="152.790564"><ele>25.8</ele><time>2026-01-01T05:31:25Z</time></trkpt>
<trkpt lat="-27.604504" lon="152.790579"><ele>25.3</ele><time>2026-01-01T05:31:26Z</time></trkpt>
<trkpt lat="-27.604421" lon="152.790601"><ele>24.8</ele><time>2026-01-01T05:31:27Z</time></trkpt>
<trkpt lat="-27.604291" lon="152.79069"><ele>24.1</ele><time>2026-01-01T05:31:29Z</time></trkpt>
<trkpt lat="-27.604255" lon="152.790763"><ele>24.2</ele><time>2026-01-01T05:31:30Z</time></trkpt>
<trkpt lat="-27.60424" lon="152.790843"><ele>24</ele><time>2026-01-01T05:31:31Z</time></trkpt>
<trkpt lat="-27.604273" lon="152.791098"><ele>22.7</ele><time>2026-01-01T05:31:34Z</time></trkpt>
<trkpt lat="-27.604291" lon="152.791191"><ele>22.2</ele><time>2026-01-01T05:31:35Z</time></trkpt>
<trkpt lat="-27.604309" lon="152.791287"><ele>21.7</ele><time>2026-01-01T05:31:36Z</time></trkpt>
<trkpt lat="-27.604328" lon="152.791384"><ele>21.3</ele><time>2026-01-01T05:31:37Z</time></trkpt>
<trkpt lat="-27.604345" lon="152.791479"><ele>20.8</ele><time>2026-01-01T05:31:38Z</time></trkpt>
<trkpt lat="-27.604388" lon="152.791775"><ele>19.3</ele><time>2026-01-01T05:31:41Z</time></trkpt>
<trkpt lat="-27.604438" lon="152.792081"><ele>18</ele><time>2026-01-01T05:31:44Z</time></trkpt>
<trkpt lat="-27.60447" lon="152.792296"><ele>17.2</ele><time>2026-01-01T05:31:46Z</time></trkpt>
<trkpt lat="-27.604523" lon="152.792621"><ele>14.5</ele><time>2026-01-01T05:31:49Z</time></trkpt>
<trkpt lat="-27.604562" lon="152.792854"><ele>13</ele><time>2026-01-01T05:31:51Z</time></trkpt>
<trkpt lat="-27.604626" lon="152.793387"><ele>14.7</ele><time>2026-01-01T05:31:56Z</time></trkpt>
<trkpt lat="-27.604654" lon="152.793575"><ele>15.9</ele><time>2026-01-01T05:31:58Z</time></trkpt>
<trkpt lat="-27.604677" lon="152.793741"><ele>17</ele><time>2026-01-01T05:32:00Z</time></trkpt>
<trkpt lat="-27.604686" lon="152.793812"><ele>17.5</ele><time>2026-01-01T05:32:01Z</time></trkpt>
<trkpt lat="-27.604694" lon="152.793882"><ele>18</ele><time>2026-01-01T05:32:02Z</time></trkpt>
<trkpt lat="-27.604723" lon="152.794088"><ele>19.2</ele><time>2026-01-01T05:32:05Z</time></trkpt>
<trkpt lat="-27.604732" lon="152.794152"><ele>19.6</ele><time>2026-01-01T05:32:06Z</time></trkpt>
<trkpt lat="-27.604749" lon="152.794282"><ele>20.2</ele><time>2026-01-01T05:32:08Z</time></trkpt>
<trkpt lat="-27.604768" lon="152.794409"><ele>20.7</ele><time>2026-01-01T05:32:10Z</time></trkpt>
<trkpt lat="-27.604798" lon="152.7946"><ele>21.3</ele><time>2026-01-01T05:32:13Z</time></trkpt>
<trkpt lat="-27.604826" lon="152.794788"><ele>21.8</ele><time>2026-01-01T05:32:16Z</time></trkpt>
<trkpt lat="-27.604891" lon="152.795306"><ele>22.8</ele><time>2026-01-01T05:32:25Z</time></trkpt>
<trkpt lat="-27.604939" lon="152.795599"><ele>23.2</ele><time>2026-01-01T05:32:30Z</time></trkpt>
<trkpt lat="-27.60495" lon="152.795728"><ele>23.3</ele><time>2026-01-01T05:32:32Z</time></trkpt>
<trkpt lat="-27.605025" lon="152.796277"><ele>22.7</ele><time>2026-01-01T05:32:40Z</time></trkpt>
<trkpt lat="-27.605048" lon="152.796415"><ele>22.6</ele><time>2026-01-01T05:32:42Z</time></trkpt>
<trkpt lat="-27.6051" lon="152.796795"><ele>22.3</ele><time>2026-01-01T05:32:47Z</time></trkpt>
<trkpt lat="-27.605111" lon="152.796875"><ele>22.2</ele><time>2026-01-01T05:32:48Z</time></trkpt>
<trkpt lat="-27.605122" lon="152.796953"><ele>22.2</ele><time>2026-01-01T05:32:49Z</time></trkpt>
<trkpt lat="-27.605142" lon="152.797121"><ele>22.1</ele><time>2026-01-01T05:32:51Z</time></trkpt>
<trkpt lat="-27.605184" lon="152.797452"><ele>21.8</ele><time>2026-01-01T05:32:55Z</time></trkpt>
<trkpt lat="-27.605266" lon="152.798015"><ele>20.5</ele><time>2026-01-01T05:33:02Z</time></trkpt>
<trkpt lat="-27.605287" lon="152.798195"><ele>19.7</ele><time>2026-01-01T05:33:04Z</time></trkpt>
<trkpt lat="-27.605331" lon="152.798472"><ele>18.4</ele><time>2026-01-01T05:33:07Z</time></trkpt>
<trkpt lat="-27.605387" lon="152.798878"><ele>17.1</ele><time>2026-01-01T05:33:11Z</time></trkpt>
<trkpt lat="-27.605422" lon="152.799172"><ele>16.8</ele><time>2026-01-01T05:33:14Z</time></trkpt>
<trkpt lat="-27.605471" lon="152.799546"><ele>16.9</ele><time>2026-01-01T05:33:18Z</time></trkpt>
<trkpt lat="-27.605549" lon="152.800165"><ele>17</ele><time>2026-01-01T05:33:25Z</time></trkpt>
<trkpt lat="-27.605562" lon="152.800266"><ele>17</ele><time>2026-01-01T05:33:26Z</time></trkpt>
<trkpt lat="-27.605589" lon="152.800532"><ele>17</ele><time>2026-01-01T05:33:29Z</time></trkpt>
<trkpt lat="-27.605639" lon="152.80088"><ele>17</ele><time>2026-01-01T05:33:33Z</time></trkpt>
<trkpt lat="-27.605653" lon="152.800963"><ele>17</ele><time>2026-01-01T05:33:34Z</time></trkpt>
<trkpt lat="-27.605717" lon="152.801466"><ele>17.4</ele><time>2026-01-01T05:33:40Z</time></trkpt>
<trkpt lat="-27.605729" lon="152.801546"><ele>17.5</ele><time>2026-01-01T05:33:41Z</time></trkpt>
<trkpt lat="-27.605801" lon="152.802083"><ele>18</ele><time>2026-01-01T05:33:48Z</time></trkpt>
<trkpt lat="-27.605856" lon="152.802469"><ele>18.2</ele><time>2026-01-01T05:33:53Z</time></trkpt>
<trkpt lat="-27.60587" lon="152.802545"><ele>18.2</ele><time>2026-01-01T05:33:54Z</time></trkpt>
<trkpt lat="-27.605903" lon="152.802767"><ele>18.6</ele><time>2026-01-01T05:33:57Z</time></trkpt>
<trkpt lat="-27.605911" lon="152.802835"><ele>18.7</ele><time>2026-01-01T05:33:58Z</time></trkpt>
<trkpt lat="-27.605947" lon="152.803145"><ele>19.7</ele><time>2026-01-01T05:34:03Z</time></trkpt>
<trkpt lat="-27.605957" lon="152.803204"><ele>19.9</ele><time>2026-01-01T05:34:04Z</time></trkpt>
<trkpt lat="-27.606031" lon="152.80375"><ele>22.1</ele><time>2026-01-01T05:34:14Z</time></trkpt>
<trkpt lat="-27.606065" lon="152.80401"><ele>23.3</ele><time>2026-01-01T05:34:19Z</time></trkpt>
<trkpt lat="-27.606091" lon="152.804207"><ele>24.3</ele><time>2026-01-01T05:34:23Z</time></trkpt>
<trkpt lat="-27.606098" lon="152.804294"><ele>24.8</ele><time>2026-01-01T05:34:25Z</time></trkpt>
<trkpt lat="-27.606107" lon="152.804378"><ele>25.3</ele><time>2026-01-01T05:34:27Z</time></trkpt>
<trkpt lat="-27.606117" lon="152.80446"><ele>25.8</ele><time>2026-01-01T05:34:29Z</time></trkpt>
<trkpt lat="-27.606122" lon="152.804501"><ele>26.2</ele><time>2026-01-01T05:34:30Z</time></trkpt>
<trkpt lat="-27.606133" lon="152.804579"><ele>26.9</ele><time>2026-01-01T05:34:32Z</time></trkpt>
<trkpt lat="-27.606145" lon="152.804691"><ele>27.9</ele><time>2026-01-01T05:34:35Z</time></trkpt>
<trkpt lat="-27.606157" lon="152.804752"><ele>28.5</ele><time>2026-01-01T05:34:37Z</time></trkpt>
<trkpt lat="-27.606169" lon="152.80481"><ele>29.1</ele><time>2026-01-01T05:34:39Z</time></trkpt>
<trkpt lat="-27.606181" lon="152.80495"><ele>29.8</ele><time>2026-01-01T05:34:43Z</time></trkpt>
<trkpt lat="-27.606184" lon="152.80498"><ele>30</ele><time>2026-01-01T05:34:44Z</time></trkpt>
<trkpt lat="-27.606203" lon="152.805112"><ele>31</ele><time>2026-01-01T05:34:49Z</time></trkpt>
<trkpt lat="-27.606205" lon="152.805145"><ele>31.2</ele><time>2026-01-01T05:34:50Z</time></trkpt>
<trkpt lat="-27.606224" lon="152.805241"><ele>32.1</ele><time>2026-01-01T05:34:53Z</time></trkpt>
<trkpt lat="-27.606233" lon="152.8053"><ele>32.7</ele><time>2026-01-01T05:34:55Z</time></trkpt>
<trkpt lat="-27.60626" lon="152.805391"><ele>33.6</ele><time>2026-01-01T05:35:00Z</time></trkpt>
<trkpt lat="-27.606298" lon="152.805364"><ele>32.9</ele><time>2026-01-01T05:35:02Z</time></trkpt>
<trkpt lat="-27.606308" lon="152.805324"><ele>32.2</ele><time>2026-01-01T05:35:03Z</time></trkpt>
<trkpt lat="-27.606326" lon="152.805232"><ele>34.7</ele><time>2026-01-01T05:35:05Z</time></trkpt>
<trkpt lat="-27.606353" lon="152.805192"><ele>34.9</ele><time>2026-01-01T05:35:06Z</time></trkpt>
<trkpt lat="-27.606392" lon="152.80516"><ele>35.1</ele><time>2026-01-01T05:35:07Z</time></trkpt>
<trkpt lat="-27.606474" lon="152.805143"><ele>35.3</ele><time>2026-01-01T05:35:09Z</time></trkpt>
<trkpt lat="-27.606748" lon="152.805139"><ele>35.7</ele><time>2026-01-01T05:35:16Z</time></trkpt>
<trkpt lat="-27.606881" lon="152.8051"><ele>35.8</ele><time>2026-01-01T05:35:21Z</time></trkpt>
<trkpt lat="-27.606886" lon="152.805096"><ele>35.8</ele><time>2026-01-01T05:35:24Z</time></trkpt>
<trkpt lat="-27.606859" lon="152.80518"><ele>36.1</ele><time>2026-01-01T05:35:33Z</time></trkpt>
<trkpt lat="-27.606887" lon="152.805336"><ele>36.2</ele><time>2026-01-01T05:35:38Z</time></trkpt>
<trkpt lat="-27.606907" lon="152.80537"><ele>36.1</ele><time>2026-01-01T05:35:39Z</time></trkpt>
<trkpt lat="-27.606943" lon="152.805438"><ele>35.9</ele><time>2026-01-01T05:35:41Z</time></trkpt>
<trkpt lat="-27.607" lon="152.805526"><ele>35.4</ele><time>2026-01-01T05:35:43Z</time></trkpt>
<trkpt lat="-27.607098" lon="152.8057"><ele>34.1</ele><time>2026-01-01T05:35:46Z</time></trkpt>
<trkpt lat="-27.60713" lon="152.805768"><ele>33.6</ele><time>2026-01-01T05:35:47Z</time></trkpt>
<trkpt lat="-27.607159" lon="152.80584"><ele>33.3</ele><time>2026-01-01T05:35:48Z</time></trkpt>
<trkpt lat="-27.607185" lon="152.805919"><ele>33.1</ele><time>2026-01-01T05:35:49Z</time></trkpt>
<trkpt lat="-27.607201" lon="152.806084"><ele>33</ele><time>2026-01-01T05:35:51Z</time></trkpt>
<trkpt lat="-27.607229" lon="152.806545"><ele>33.5</ele><time>2026-01-01T05:35:57Z</time></trkpt>
<trkpt lat="-27.607248" lon="152.806905"><ele>34</ele><time>2026-01-01T05:36:02Z</time></trkpt>
<trkpt lat="-27.607261" lon="152.807038"><ele>34.1</ele><time>2026-01-01T05:36:04Z</time></trkpt>
<trkpt lat="-27.607292" lon="152.807234"><ele>34.3</ele><time>2026-01-01T05:36:07Z</time></trkpt>
<trkpt lat="-27.6073" lon="152.807297"><ele>34.3</ele><time>2026-01-01T05:36:08Z</time></trkpt>
<trkpt lat="-27.607307" lon="152.807356"><ele>34.4</ele><time>2026-01-01T05:36:09Z</time></trkpt>
<trkpt lat="-27.607329" lon="152.807547"><ele>34.5</ele><time>2026-01-01T05:36:12Z</time></trkpt>
<trkpt lat="-27.60734" lon="152.807615"><ele>34.6</ele><time>2026-01-01T05:36:13Z</time></trkpt>
<trkpt lat="-27.607362" lon="152.807756"><ele>34.7</ele><time>2026-01-01T05:36:15Z</time></trkpt>
<trkpt lat="-27.607421" lon="152.808092"><ele>34.6</ele><time>2026-01-01T05:36:20Z</time></trkpt>
<trkpt lat="-27.607427" lon="152.808157"><ele>34.6</ele><time>2026-01-01T05:36:21Z</time></trkpt>
<trkpt lat="-27.607433" lon="152.808225"><ele>34.5</ele><time>2026-01-01T05:36:22Z</time></trkpt>
<trkpt lat="-27.60744" lon="152.808291"><ele>34.5</ele><time>2026-01-01T05:36:23Z</time></trkpt>
<trkpt lat="-27.607509" lon="152.80869"><ele>34.3</ele><time>2026-01-01T05:36:29Z</time></trkpt>
<trkpt lat="-27.607527" lon="152.808827"><ele>34.2</ele><time>2026-01-01T05:36:31Z</time></trkpt>
<trkpt lat="-27.607568" lon="152.80923"><ele>34.5</ele><time>2026-01-01T05:36:37Z</time></trkpt>
<trkpt lat="-27.607566" lon="152.809365"><ele>34.7</ele><time>2026-01-01T05:36:39Z</time></trkpt>
<trkpt lat="-27.607539" lon="152.809549"><ele>34.9</ele><time>2026-01-01T05:36:42Z</time></trkpt>
<trkpt lat="-27.607518" lon="152.809664"><ele>35.1</ele><time>2026-01-01T05:36:44Z</time></trkpt>
<trkpt lat="-27.607495" lon="152.809784"><ele>35.3</ele><time>2026-01-01T05:36:46Z</time></trkpt>
<trkpt lat="-27.607486" lon="152.809847"><ele>35.3</ele><time>2026-01-01T05:36:47Z</time></trkpt>
<trkpt lat="-27.607438" lon="152.810155"><ele>35.8</ele><time>2026-01-01T05:36:52Z</time></trkpt>
<trkpt lat="-27.607419" lon="152.810341"><ele>36</ele><time>2026-01-01T05:36:55Z</time></trkpt>
<trkpt lat="-27.607363" lon="152.810704"><ele>35.9</ele><time>2026-01-01T05:37:01Z</time></trkpt>
<trkpt lat="-27.607345" lon="152.810832"><ele>35.6</ele><time>2026-01-01T05:37:03Z</time></trkpt>
<trkpt lat="-27.607299" lon="152.811168"><ele>34.2</ele><time>2026-01-01T05:37:08Z</time></trkpt>
<trkpt lat="-27.607268" lon="152.811383"><ele>32.8</ele><time>2026-01-01T05:37:11Z</time></trkpt>
<trkpt lat="-27.607247" lon="152.811527"><ele>31.9</ele><time>2026-01-01T05:37:13Z</time></trkpt>
<trkpt lat="-27.607241" lon="152.811592"><ele>31.5</ele><time>2026-01-01T05:37:14Z</time></trkpt>
<trkpt lat="-27.607237" lon="152.811704"><ele>30.9</ele><time>2026-01-01T05:37:16Z</time></trkpt>
<trkpt lat="-27.607235" lon="152.811753"><ele>30.7</ele><time>2026-01-01T05:37:17Z</time></trkpt>
<trkpt lat="-27.607239" lon="152.811792"><ele>30.5</ele><time>2026-01-01T05:37:18Z</time></trkpt>
<trkpt lat="-27.607251" lon="152.811821"><ele>30.3</ele><time>2026-01-01T05:37:19Z</time></trkpt>
<trkpt lat="-27.607265" lon="152.811839"><ele>30.2</ele><time>2026-01-01T05:37:20Z</time></trkpt>
<trkpt lat="-27.607288" lon="152.811863"><ele>30</ele><time>2026-01-01T05:37:22Z</time></trkpt>
<trkpt lat="-27.607297" lon="152.811897"><ele>29.9</ele><time>2026-01-01T05:37:24Z</time></trkpt>
<trkpt lat="-27.6073" lon="152.811907"><ele>29.8</ele><time>2026-01-01T05:37:27Z</time></trkpt>
<trkpt lat="-27.607292" lon="152.811929"><ele>29.8</ele><time>2026-01-01T05:37:29Z</time></trkpt>
<trkpt lat="-27.607285" lon="152.811947"><ele>29.8</ele><time>2026-01-01T05:37:32Z</time></trkpt>
<trkpt lat="-27.60729" lon="152.812013"><ele>29.9</ele><time>2026-01-01T05:37:49Z</time></trkpt>
<trkpt lat="-27.607299" lon="152.81204"><ele>29.9</ele><time>2026-01-01T05:37:50Z</time></trkpt>
<trkpt lat="-27.607318" lon="152.812073"><ele>29.9</ele><time>2026-01-01T05:37:51Z</time></trkpt>
<trkpt lat="-27.607382" lon="152.812114"><ele>29.8</ele><time>2026-01-01T05:37:53Z</time></trkpt>
<trkpt lat="-27.607422" lon="152.812127"><ele>29.8</ele><time>2026-01-01T05:37:54Z</time></trkpt>
<trkpt lat="-27.607579" lon="152.812156"><ele>29.7</ele><time>2026-01-01T05:37:58Z</time></trkpt>
<trkpt lat="-27.607626" lon="152.81217"><ele>29.6</ele><time>2026-01-01T05:37:59Z</time></trkpt>
<trkpt lat="-27.607711" lon="152.812215"><ele>29.5</ele><time>2026-01-01T05:38:01Z</time></trkpt>
<trkpt lat="-27.607769" lon="152.812325"><ele>29.6</ele><time>2026-01-01T05:38:04Z</time></trkpt>
<trkpt lat="-27.607712" lon="152.812543"><ele>29.9</ele><time>2026-01-01T05:38:09Z</time></trkpt>
<trkpt lat="-27.607606" lon="152.812805"><ele>30.3</ele><time>2026-01-01T05:38:14Z</time></trkpt>
<trkpt lat="-27.607587" lon="152.812855"><ele>30.4</ele><time>2026-01-01T05:38:15Z</time></trkpt>
<trkpt lat="-27.607565" lon="152.812906"><ele>30.5</ele><time>2026-01-01T05:38:16Z</time></trkpt>
<trkpt lat="-27.607436" lon="152.81324"><ele>31.4</ele><time>2026-01-01T05:38:22Z</time></trkpt>
<trkpt lat="-27.607366" lon="152.813402"><ele>32.1</ele><time>2026-01-01T05:38:25Z</time></trkpt>
<trkpt lat="-27.607348" lon="152.813446"><ele>32.3</ele><time>2026-01-01T05:38:26Z</time></trkpt>
<trkpt lat="-27.607276" lon="152.813621"><ele>33</ele><time>2026-01-01T05:38:29Z</time></trkpt>
<trkpt lat="-27.607212" lon="152.813776"><ele>33.7</ele><time>2026-01-01T05:38:32Z</time></trkpt>
<trkpt lat="-27.607168" lon="152.813881"><ele>34.1</ele><time>2026-01-01T05:38:34Z</time></trkpt>
<trkpt lat="-27.607129" lon="152.813977"><ele>34.5</ele><time>2026-01-01T05:38:36Z</time></trkpt>
<trkpt lat="-27.607079" lon="152.814089"><ele>34.9</ele><time>2026-01-01T05:38:38Z</time></trkpt>
<trkpt lat="-27.607011" lon="152.814226"><ele>35.3</ele><time>2026-01-01T05:38:41Z</time></trkpt>
<trkpt lat="-27.606919" lon="152.814448"><ele>35.9</ele><time>2026-01-01T05:38:45Z</time></trkpt>
<trkpt lat="-27.606883" lon="152.81456"><ele>36.1</ele><time>2026-01-01T05:38:47Z</time></trkpt>
<trkpt lat="-27.606795" lon="152.814777"><ele>36.4</ele><time>2026-01-01T05:38:51Z</time></trkpt>
<trkpt lat="-27.606773" lon="152.814831"><ele>36.5</ele><time>2026-01-01T05:38:52Z</time></trkpt>
<trkpt lat="-27.606725" lon="152.814944"><ele>36.5</ele><time>2026-01-01T05:38:54Z</time></trkpt>
<trkpt lat="-27.6067" lon="152.815"><ele>36.5</ele><time>2026-01-01T05:38:55Z</time></trkpt>
<trkpt lat="-27.606623" lon="152.815168"><ele>36.5</ele><time>2026-01-01T05:38:58Z</time></trkpt>
<trkpt lat="-27.606499" lon="152.815454"><ele>36.5</ele><time>2026-01-01T05:39:03Z</time></trkpt>
<trkpt lat="-27.606426" lon="152.815626"><ele>36.5</ele><time>2026-01-01T05:39:06Z</time></trkpt>
<trkpt lat="-27.606366" lon="152.815763"><ele>36.5</ele><time>2026-01-01T05:39:08Z</time></trkpt>
<trkpt lat="-27.606183" lon="152.816187"><ele>37.2</ele><time>2026-01-01T05:39:15Z</time></trkpt>
<trkpt lat="-27.606027" lon="152.816555"><ele>38.2</ele><time>2026-01-01T05:39:21Z</time></trkpt>
<trkpt lat="-27.605915" lon="152.816842"><ele>39.5</ele><time>2026-01-01T05:39:26Z</time></trkpt>
<trkpt lat="-27.605761" lon="152.817199"><ele>41.7</ele><time>2026-01-01T05:39:32Z</time></trkpt>
<trkpt lat="-27.605715" lon="152.817308"><ele>42.4</ele><time>2026-01-01T05:39:34Z</time></trkpt>
<trkpt lat="-27.605613" lon="152.817572"><ele>44.2</ele><time>2026-01-01T05:39:39Z</time></trkpt>
<trkpt lat="-27.605596" lon="152.817615"><ele>44.4</ele><time>2026-01-01T05:39:40Z</time></trkpt>
<trkpt lat="-27.60557" lon="152.817678"><ele>44.8</ele><time>2026-01-01T05:39:41Z</time></trkpt>
<trkpt lat="-27.605546" lon="152.81773"><ele>45.1</ele><time>2026-01-01T05:39:42Z</time></trkpt>
<trkpt lat="-27.605433" lon="152.817993"><ele>46.4</ele><time>2026-01-01T05:39:47Z</time></trkpt>
<trkpt lat="-27.605341" lon="152.818206"><ele>47.2</ele><time>2026-01-01T05:39:51Z</time></trkpt>
<trkpt lat="-27.605293" lon="152.818314"><ele>47.5</ele><time>2026-01-01T05:39:53Z</time></trkpt>
<trkpt lat="-27.605269" lon="152.81837"><ele>47.7</ele><time>2026-01-01T05:39:54Z</time></trkpt>
<trkpt lat="-27.605105" lon="152.818762"><ele>48.4</ele><time>2026-01-01T05:40:01Z</time></trkpt>
<trkpt lat="-27.60493" lon="152.819184"><ele>48.2</ele><time>2026-01-01T05:40:08Z</time></trkpt>
<trkpt lat="-27.604878" lon="152.819304"><ele>47.9</ele><time>2026-01-01T05:40:10Z</time></trkpt>
<trkpt lat="-27.604773" lon="152.819572"><ele>47.1</ele><time>2026-01-01T05:40:14Z</time></trkpt>
<trkpt lat="-27.604723" lon="152.819698"><ele>46.5</ele><time>2026-01-01T05:40:16Z</time></trkpt>
<trkpt lat="-27.604551" lon="152.820109"><ele>44.6</ele><time>2026-01-01T05:40:21Z</time></trkpt>
<trkpt lat="-27.604446" lon="152.820348"><ele>43.4</ele><time>2026-01-01T05:40:24Z</time></trkpt>
<trkpt lat="-27.604376" lon="152.820507"><ele>42.8</ele><time>2026-01-01T05:40:26Z</time></trkpt>
<trkpt lat="-27.604341" lon="152.820586"><ele>42.5</ele><time>2026-01-01T05:40:27Z</time></trkpt>
<trkpt lat="-27.604306" lon="152.820668"><ele>42.3</ele><time>2026-01-01T05:40:28Z</time></trkpt>
<trkpt lat="-27.604274" lon="152.820749"><ele>42.2</ele><time>2026-01-01T05:40:29Z</time></trkpt>
<trkpt lat="-27.604243" lon="152.82083"><ele>42.1</ele><time>2026-01-01T05:40:30Z</time></trkpt>
<trkpt lat="-27.604188" lon="152.820974"><ele>42</ele><time>2026-01-01T05:40:32Z</time></trkpt>
<trkpt lat="-27.604152" lon="152.821068"><ele>42</ele><time>2026-01-01T05:40:33Z</time></trkpt>
<trkpt lat="-27.604122" lon="152.821145"><ele>42</ele><time>2026-01-01T05:40:34Z</time></trkpt>
<trkpt lat="-27.604073" lon="152.821292"><ele>42.2</ele><time>2026-01-01T05:40:36Z</time></trkpt>
<trkpt lat="-27.604044" lon="152.821366"><ele>42.3</ele><time>2026-01-01T05:40:37Z</time></trkpt>
<trkpt lat="-27.603975" lon="152.82157"><ele>42.7</ele><time>2026-01-01T05:40:40Z</time></trkpt>
<trkpt lat="-27.603848" lon="152.82186"><ele>43</ele><time>2026-01-01T05:40:44Z</time></trkpt>
<trkpt lat="-27.603607" lon="152.822431"><ele>43.9</ele><time>2026-01-01T05:40:52Z</time></trkpt>
<trkpt lat="-27.603546" lon="152.822574"><ele>44.2</ele><time>2026-01-01T05:40:54Z</time></trkpt>
<trkpt lat="-27.603455" lon="152.822787"><ele>44.8</ele><time>2026-01-01T05:40:57Z</time></trkpt>
<trkpt lat="-27.603367" lon="152.822986"><ele>45.3</ele><time>2026-01-01T05:41:00Z</time></trkpt>
<trkpt lat="-27.603339" lon="152.823051"><ele>45.5</ele><time>2026-01-01T05:41:01Z</time></trkpt>
<trkpt lat="-27.603278" lon="152.823172"><ele>45.7</ele><time>2026-01-01T05:41:03Z</time></trkpt>
<trkpt lat="-27.603215" lon="152.823282"><ele>45.9</ele><time>2026-01-01T05:41:05Z</time></trkpt>
<trkpt lat="-27.603123" lon="152.823424"><ele>46.2</ele><time>2026-01-01T05:41:09Z</time></trkpt>
<trkpt lat="-27.60312" lon="152.823427"><ele>46.2</ele><time>2026-01-01T05:41:11Z</time></trkpt>
<trkpt lat="-27.603103" lon="152.82349"><ele>46.3</ele><time>2026-01-01T05:43:56Z</time></trkpt>
<trkpt lat="-27.603093" lon="152.823515"><ele>46.3</ele><time>2026-01-01T05:43:57Z</time></trkpt>
<trkpt lat="-27.602995" lon="152.823647"><ele>46.4</ele><time>2026-01-01T05:44:00Z</time></trkpt>
<trkpt lat="-27.602858" lon="152.823774"><ele>46.8</ele><time>2026-01-01T05:44:03Z</time></trkpt>
<trkpt lat="-27.602738" lon="152.823837"><ele>47</ele><time>2026-01-01T05:44:05Z</time></trkpt>
<trkpt lat="-27.602612" lon="152.823842"><ele>46.6</ele><time>2026-01-01T05:44:07Z</time></trkpt>
<trkpt lat="-27.602556" lon="152.823824"><ele>46.5</ele><time>2026-01-01T05:44:08Z</time></trkpt>
<trkpt lat="-27.602228" lon="152.823663"><ele>45.5</ele><time>2026-01-01T05:44:14Z</time></trkpt>
<trkpt lat="-27.601778" lon="152.823474"><ele>44.4</ele><time>2026-01-01T05:44:21Z</time></trkpt>
<trkpt lat="-27.60147" lon="152.823462"><ele>43.7</ele><time>2026-01-01T05:44:25Z</time></trkpt>
<trkpt lat="-27.601282" lon="152.823496"><ele>43.1</ele><time>2026-01-01T05:44:27Z</time></trkpt>
<trkpt lat="-27.601084" lon="152.82353"><ele>42.7</ele><time>2026-01-01T05:44:29Z</time></trkpt>
<trkpt lat="-27.600767" lon="152.823563"><ele>43</ele><time>2026-01-01T05:44:32Z</time></trkpt>
<trkpt lat="-27.600505" lon="152.823581"><ele>43.4</ele><time>2026-01-01T05:44:35Z</time></trkpt>
<trkpt lat="-27.600123" lon="152.823644"><ele>43.9</ele><time>2026-01-01T05:44:40Z</time></trkpt>
<trkpt lat="-27.600046" lon="152.823673"><ele>44</ele><time>2026-01-01T05:44:41Z</time></trkpt>
<trkpt lat="-27.599954" lon="152.823716"><ele>44.1</ele><time>2026-01-01T05:44:42Z</time></trkpt>
<trkpt lat="-27.599828" lon="152.823794"><ele>44.4</ele><time>2026-01-01T05:44:44Z</time></trkpt>
<trkpt lat="-27.599756" lon="152.823836"><ele>44.5</ele><time>2026-01-01T05:44:45Z</time></trkpt>
<trkpt lat="-27.599595" lon="152.823921"><ele>44.6</ele><time>2026-01-01T05:44:47Z</time></trkpt>
<trkpt lat="-27.599514" lon="152.82394"><ele>44.7</ele><time>2026-01-01T05:44:48Z</time></trkpt>
<trkpt lat="-27.599432" lon="152.823942"><ele>44.7</ele><time>2026-01-01T05:44:49Z</time></trkpt>
<trkpt lat="-27.599356" lon="152.823942"><ele>44.8</ele><time>2026-01-01T05:44:50Z</time></trkpt>
<trkpt lat="-27.599283" lon="152.823958"><ele>45</ele><time>2026-01-01T05:44:51Z</time></trkpt>
<trkpt lat="-27.599214" lon="152.823988"><ele>45.2</ele><time>2026-01-01T05:44:52Z</time></trkpt>
<trkpt lat="-27.599161" lon="152.824024"><ele>45.1</ele><time>2026-01-01T05:44:53Z</time></trkpt>
<trkpt lat="-27.599043" lon="152.824168"><ele>44.8</ele><time>2026-01-01T05:44:55Z</time></trkpt>
<trkpt lat="-27.598993" lon="152.824246"><ele>44.7</ele><time>2026-01-01T05:44:56Z</time></trkpt>
<trkpt lat="-27.598944" lon="152.824302"><ele>44.6</ele><time>2026-01-01T05:44:57Z</time></trkpt>
<trkpt lat="-27.598863" lon="152.824375"><ele>44.5</ele><time>2026-01-01T05:44:58Z</time></trkpt>
<trkpt lat="-27.598573" lon="152.824573"><ele>44.2</ele><time>2026-01-01T05:45:02Z</time></trkpt>
<trkpt lat="-27.5985" lon="152.824622"><ele>44.4</ele><time>2026-01-01T05:45:03Z</time></trkpt>
<trkpt lat="-27.598443" lon="152.824658"><ele>44.6</ele><time>2026-01-01T05:45:04Z</time></trkpt>
<trkpt lat="-27.598358" lon="152.824711"><ele>45</ele><time>2026-01-01T05:45:05Z</time></trkpt>
<trkpt lat="-27.598238" lon="152.824787"><ele>45.5</ele><time>2026-01-01T05:45:07Z</time></trkpt>
<trkpt lat="-27.598099" lon="152.824869"><ele>46.6</ele><time>2026-01-01T05:45:09Z</time></trkpt>
<trkpt lat="-27.598039" lon="152.824904"><ele>47</ele><time>2026-01-01T05:45:10Z</time></trkpt>
<trkpt lat="-27.597876" lon="152.825008"><ele>48</ele><time>2026-01-01T05:45:13Z</time></trkpt>
<trkpt lat="-27.597771" lon="152.825077"><ele>48.6</ele><time>2026-01-01T05:45:15Z</time></trkpt>
<trkpt lat="-27.597721" lon="152.825108"><ele>48.8</ele><time>2026-01-01T05:45:16Z</time></trkpt>
<trkpt lat="-27.597434" lon="152.825264"><ele>49.7</ele><time>2026-01-01T05:45:22Z</time></trkpt>
<trkpt lat="-27.597383" lon="152.825286"><ele>49.8</ele><time>2026-01-01T05:45:23Z</time></trkpt>
<trkpt lat="-27.597331" lon="152.825309"><ele>49.9</ele><time>2026-01-01T05:45:24Z</time></trkpt>
<trkpt lat="-27.597222" lon="152.825352"><ele>50</ele><time>2026-01-01T05:45:26Z</time></trkpt>
<trkpt lat="-27.597067" lon="152.825408"><ele>50</ele><time>2026-01-01T05:45:29Z</time></trkpt>
<trkpt lat="-27.596689" lon="152.825493"><ele>49.4</ele><time>2026-01-01T05:45:35Z</time></trkpt>
<trkpt lat="-27.596341" lon="152.825544"><ele>48.2</ele><time>2026-01-01T05:45:40Z</time></trkpt>
<trkpt lat="-27.596196" lon="152.825569"><ele>47.4</ele><time>2026-01-01T05:45:42Z</time></trkpt>
<trkpt lat="-27.596121" lon="152.825591"><ele>46.9</ele><time>2026-01-01T05:45:43Z</time></trkpt>
<trkpt lat="-27.596043" lon="152.825612"><ele>46.4</ele><time>2026-01-01T05:45:44Z</time></trkpt>
<trkpt lat="-27.595541" lon="152.825704"><ele>43.2</ele><time>2026-01-01T05:45:50Z</time></trkpt>
<trkpt lat="-27.595174" lon="152.825858"><ele>40.7</ele><time>2026-01-01T05:45:54Z</time></trkpt>
<trkpt lat="-27.595057" lon="152.825901"><ele>39.9</ele><time>2026-01-01T05:45:55Z</time></trkpt>
<trkpt lat="-27.594745" lon="152.825974"><ele>38</ele><time>2026-01-01T05:45:58Z</time></trkpt>
<trkpt lat="-27.594532" lon="152.826014"><ele>36.7</ele><time>2026-01-01T05:46:00Z</time></trkpt>
<trkpt lat="-27.594446" lon="152.826029"><ele>36.2</ele><time>2026-01-01T05:46:01Z</time></trkpt>
<trkpt lat="-27.594314" lon="152.826049"><ele>35.5</ele><time>2026-01-01T05:46:02Z</time></trkpt>
<trkpt lat="-27.594202" lon="152.826064"><ele>34.7</ele><time>2026-01-01T05:46:03Z</time></trkpt>
<trkpt lat="-27.593974" lon="152.826098"><ele>33</ele><time>2026-01-01T05:46:05Z</time></trkpt>
<trkpt lat="-27.593625" lon="152.826149"><ele>30.6</ele><time>2026-01-01T05:46:08Z</time></trkpt>
<trkpt lat="-27.593506" lon="152.826172"><ele>29.9</ele><time>2026-01-01T05:46:09Z</time></trkpt>
<trkpt lat="-27.593269" lon="152.826217"><ele>28.7</ele><time>2026-01-01T05:46:11Z</time></trkpt>
<trkpt lat="-27.593037" lon="152.826258"><ele>27.8</ele><time>2026-01-01T05:46:13Z</time></trkpt>
<trkpt lat="-27.592923" lon="152.826277"><ele>27.5</ele><time>2026-01-01T05:46:14Z</time></trkpt>
<trkpt lat="-27.592813" lon="152.826295"><ele>27.4</ele><time>2026-01-01T05:46:15Z</time></trkpt>
<trkpt lat="-27.592705" lon="152.826317"><ele>27.3</ele><time>2026-01-01T05:46:16Z</time></trkpt>
<trkpt lat="-27.592599" lon="152.826338"><ele>27.3</ele><time>2026-01-01T05:46:17Z</time></trkpt>
<trkpt lat="-27.592491" lon="152.826363"><ele>27.3</ele><time>2026-01-01T05:46:18Z</time></trkpt>
<trkpt lat="-27.592284" lon="152.826401"><ele>27.3</ele><time>2026-01-01T05:46:20Z</time></trkpt>
<trkpt lat="-27.591989" lon="152.826451"><ele>27.4</ele><time>2026-01-01T05:46:23Z</time></trkpt>
<trkpt lat="-27.591523" lon="152.826534"><ele>27.3</ele><time>2026-01-01T05:46:28Z</time></trkpt>
<trkpt lat="-27.591204" lon="152.826588"><ele>26.3</ele><time>2026-01-01T05:46:32Z</time></trkpt>
<trkpt lat="-27.591061" lon="152.826611"><ele>25.7</ele><time>2026-01-01T05:46:34Z</time></trkpt>
<trkpt lat="-27.590985" lon="152.826618"><ele>25.3</ele><time>2026-01-01T05:46:35Z</time></trkpt>
<trkpt lat="-27.590718" lon="152.826609"><ele>24.3</ele><time>2026-01-01T05:46:39Z</time></trkpt>
<trkpt lat="-27.590591" lon="152.826608"><ele>24.2</ele><time>2026-01-01T05:46:42Z</time></trkpt>
<trkpt lat="-27.590558" lon="152.826613"><ele>24.2</ele><time>2026-01-01T05:46:45Z</time></trkpt>
<trkpt lat="-27.590558" lon="152.826613"><ele>24.2</ele><time>2026-01-01T05:46:46Z</time></trkpt>
<trkpt lat="-27.590507" lon="152.826609"><ele>24.2</ele><time>2026-01-01T05:47:05Z</time></trkpt>
<trkpt lat="-27.59045" lon="152.826613"><ele>24.2</ele><time>2026-01-01T05:47:07Z</time></trkpt>
<trkpt lat="-27.59034" lon="152.826618"><ele>24.2</ele><time>2026-01-01T05:47:10Z</time></trkpt>
<trkpt lat="-27.590286" lon="152.826636"><ele>24.1</ele><time>2026-01-01T05:47:11Z</time></trkpt>
<trkpt lat="-27.590243" lon="152.826671"><ele>24</ele><time>2026-01-01T05:47:12Z</time></trkpt>
<trkpt lat="-27.590196" lon="152.826775"><ele>23.7</ele><time>2026-01-01T05:47:14Z</time></trkpt>
<trkpt lat="-27.590216" lon="152.826971"><ele>23</ele><time>2026-01-01T05:47:17Z</time></trkpt>
<trkpt lat="-27.590226" lon="152.827063"><ele>22.6</ele><time>2026-01-01T05:47:18Z</time></trkpt>
<trkpt lat="-27.590267" lon="152.827303"><ele>21.8</ele><time>2026-01-01T05:47:21Z</time></trkpt>
<trkpt lat="-27.590309" lon="152.827561"><ele>21.1</ele><time>2026-01-01T05:47:24Z</time></trkpt>
<trkpt lat="-27.590355" lon="152.827838"><ele>20.7</ele><time>2026-01-01T05:47:27Z</time></trkpt>
<trkpt lat="-27.590375" lon="152.82793"><ele>20.6</ele><time>2026-01-01T05:47:28Z</time></trkpt>
<trkpt lat="-27.590405" lon="152.828116"><ele>20.5</ele><time>2026-01-01T05:47:30Z</time></trkpt>
<trkpt lat="-27.590418" lon="152.828209"><ele>20.4</ele><time>2026-01-01T05:47:31Z</time></trkpt>
<trkpt lat="-27.590479" lon="152.828548"><ele>20.8</ele><time>2026-01-01T05:47:35Z</time></trkpt>
<trkpt lat="-27.590538" lon="152.82879"><ele>21.4</ele><time>2026-01-01T05:47:38Z</time></trkpt>
<trkpt lat="-27.590615" lon="152.829055"><ele>22.8</ele><time>2026-01-01T05:47:42Z</time></trkpt>
<trkpt lat="-27.59066" lon="152.829196"><ele>23.8</ele><time>2026-01-01T05:47:44Z</time></trkpt>
<trkpt lat="-27.590726" lon="152.829372"><ele>25.2</ele><time>2026-01-01T05:47:47Z</time></trkpt>
<trkpt lat="-27.590796" lon="152.829551"><ele>26.6</ele><time>2026-01-01T05:47:50Z</time></trkpt>
<trkpt lat="-27.590893" lon="152.82979"><ele>28.5</ele><time>2026-01-01T05:47:54Z</time></trkpt>
<trkpt lat="-27.590937" lon="152.829894"><ele>29.3</ele><time>2026-01-01T05:47:56Z</time></trkpt>
<trkpt lat="-27.590958" lon="152.829931"><ele>29.6</ele><time>2026-01-01T05:47:57Z</time></trkpt>
<trkpt lat="-27.590989" lon="152.829991"><ele>30.1</ele><time>2026-01-01T05:47:58Z</time></trkpt>
<trkpt lat="-27.591147" lon="152.830274"><ele>31.9</ele><time>2026-01-01T05:48:04Z</time></trkpt>
<trkpt lat="-27.591184" lon="152.830378"><ele>32.5</ele><time>2026-01-01T05:48:06Z</time></trkpt>
<trkpt lat="-27.591196" lon="152.830432"><ele>32.7</ele><time>2026-01-01T05:48:07Z</time></trkpt>
<trkpt lat="-27.591221" lon="152.830528"><ele>33.1</ele><time>2026-01-01T05:48:09Z</time></trkpt>
<trkpt lat="-27.59123" lon="152.830592"><ele>33.4</ele><time>2026-01-01T05:48:10Z</time></trkpt>
<trkpt lat="-27.591234" lon="152.830692"><ele>33.8</ele><time>2026-01-01T05:48:12Z</time></trkpt>
<trkpt lat="-27.591231" lon="152.830819"><ele>34.3</ele><time>2026-01-01T05:48:14Z</time></trkpt>
<trkpt lat="-27.59121" lon="152.830932"><ele>34.6</ele><time>2026-01-01T05:48:16Z</time></trkpt>
<trkpt lat="-27.591163" lon="152.831016"><ele>34.8</ele><time>2026-01-01T05:48:18Z</time></trkpt>
<trkpt lat="-27.59113" lon="152.831047"><ele>34.9</ele><time>2026-01-01T05:48:19Z</time></trkpt>
<trkpt lat="-27.591021" lon="152.831096"><ele>35</ele><time>2026-01-01T05:48:22Z</time></trkpt>
<trkpt lat="-27.590986" lon="152.831102"><ele>35.1</ele><time>2026-01-01T05:48:23Z</time></trkpt>
<trkpt lat="-27.590876" lon="152.831134"><ele>35.2</ele><time>2026-01-01T05:48:26Z</time></trkpt>
<trkpt lat="-27.590838" lon="152.831172"><ele>35.3</ele><time>2026-01-01T05:48:27Z</time></trkpt>
<trkpt lat="-27.590813" lon="152.831221"><ele>35.4</ele><time>2026-01-01T05:48:28Z</time></trkpt>
<trkpt lat="-27.590815" lon="152.831342"><ele>35.7</ele><time>2026-01-01T05:48:30Z</time></trkpt>
<trkpt lat="-27.590871" lon="152.8316"><ele>36.3</ele><time>2026-01-01T05:48:34Z</time></trkpt>
<trkpt lat="-27.59091" lon="152.83181"><ele>36.8</ele><time>2026-01-01T05:48:37Z</time></trkpt>
<trkpt lat="-27.590975" lon="152.832114"><ele>37.6</ele><time>2026-01-01T05:48:42Z</time></trkpt>
<trkpt lat="-27.591003" lon="152.832234"><ele>38</ele><time>2026-01-01T05:48:44Z</time></trkpt>
<trkpt lat="-27.591034" lon="152.832356"><ele>38.3</ele><time>2026-01-01T05:48:46Z</time></trkpt>
<trkpt lat="-27.591052" lon="152.832406"><ele>38.5</ele><time>2026-01-01T05:48:47Z</time></trkpt>
<trkpt lat="-27.591073" lon="152.832453"><ele>38.6</ele><time>2026-01-01T05:48:48Z</time></trkpt>
<trkpt lat="-27.591089" lon="152.832492"><ele>38.7</ele><time>2026-01-01T05:48:49Z</time></trkpt>
<trkpt lat="-27.59114" lon="152.832598"><ele>39</ele><time>2026-01-01T05:48:51Z</time></trkpt>
<trkpt lat="-27.591162" lon="152.832634"><ele>39.1</ele><time>2026-01-01T05:48:52Z</time></trkpt>
<trkpt lat="-27.591197" lon="152.832687"><ele>39.3</ele><time>2026-01-01T05:48:53Z</time></trkpt>
<trkpt lat="-27.591231" lon="152.832791"><ele>39.5</ele><time>2026-01-01T05:48:55Z</time></trkpt>
<trkpt lat="-27.591229" lon="152.832842"><ele>39.6</ele><time>2026-01-01T05:48:56Z</time></trkpt>
<trkpt lat="-27.591206" lon="152.832915"><ele>39.7</ele><time>2026-01-01T05:48:58Z</time></trkpt>
<trkpt lat="-27.591173" lon="152.83295"><ele>39.7</ele><time>2026-01-01T05:48:59Z</time></trkpt>
<trkpt lat="-27.59112" lon="152.832989"><ele>39.7</ele><time>2026-01-01T05:49:00Z</time></trkpt>
<trkpt lat="-27.590954" lon="152.833087"><ele>39.1</ele><time>2026-01-01T05:49:03Z</time></trkpt>
<trkpt lat="-27.590606" lon="152.833264"><ele>38.1</ele><time>2026-01-01T05:49:08Z</time></trkpt>
<trkpt lat="-27.590469" lon="152.833332"><ele>37.7</ele><time>2026-01-01T05:49:10Z</time></trkpt>
<trkpt lat="-27.590414" lon="152.833351"><ele>37.6</ele><time>2026-01-01T05:49:11Z</time></trkpt>
<trkpt lat="-27.590264" lon="152.833339"><ele>37.3</ele><time>2026-01-01T05:49:13Z</time></trkpt>
<trkpt lat="-27.590152" lon="152.833266"><ele>37.2</ele><time>2026-01-01T05:49:15Z</time></trkpt>
<trkpt lat="-27.5901" lon="152.833218"><ele>37.2</ele><time>2026-01-01T05:49:16Z</time></trkpt>
<trkpt lat="-27.590056" lon="152.833185"><ele>37.1</ele><time>2026-01-01T05:49:17Z</time></trkpt>
<trkpt lat="-27.589909" lon="152.833133"><ele>36.8</ele><time>2026-01-01T05:49:19Z</time></trkpt>
<trkpt lat="-27.589784" lon="152.833179"><ele>36.4</ele><time>2026-01-01T05:49:21Z</time></trkpt>
<trkpt lat="-27.589717" lon="152.833247"><ele>36.1</ele><time>2026-01-01T05:49:22Z</time></trkpt>
<trkpt lat="-27.589685" lon="152.83331"><ele>35.9</ele><time>2026-01-01T05:49:23Z</time></trkpt>
<trkpt lat="-27.58966" lon="152.833487"><ele>35.5</ele><time>2026-01-01T05:49:25Z</time></trkpt>
<trkpt lat="-27.589752" lon="152.833746"><ele>34.9</ele><time>2026-01-01T05:49:28Z</time></trkpt>
<trkpt lat="-27.589885" lon="152.8343"><ele>33.3</ele><time>2026-01-01T05:49:35Z</time></trkpt>
<trkpt lat="-27.589931" lon="152.834564"><ele>32.3</ele><time>2026-01-01T05:49:38Z</time></trkpt>
<trkpt lat="-27.589944" lon="152.834638"><ele>32</ele><time>2026-01-01T05:49:39Z</time></trkpt>
<trkpt lat="-27.589957" lon="152.834734"><ele>31.7</ele><time>2026-01-01T05:49:40Z</time></trkpt>
<trkpt lat="-27.590049" lon="152.83532"><ele>30.3</ele><time>2026-01-01T05:49:46Z</time></trkpt>
<trkpt lat="-27.590076" lon="152.835431"><ele>30.1</ele><time>2026-01-01T05:49:47Z</time></trkpt>
<trkpt lat="-27.590105" lon="152.83552"><ele>29.9</ele><time>2026-01-01T05:49:48Z</time></trkpt>
<trkpt lat="-27.590134" lon="152.83559"><ele>29.8</ele><time>2026-01-01T05:49:49Z</time></trkpt>
<trkpt lat="-27.590175" lon="152.835676"><ele>29.7</ele><time>2026-01-01T05:49:50Z</time></trkpt>
<trkpt lat="-27.59023" lon="152.835774"><ele>29.5</ele><time>2026-01-01T05:49:51Z</time></trkpt>
<trkpt lat="-27.590389" lon="152.835996"><ele>28.9</ele><time>2026-01-01T05:49:54Z</time></trkpt>
<trkpt lat="-27.590454" lon="152.836059"><ele>28.7</ele><time>2026-01-01T05:49:55Z</time></trkpt>
<trkpt lat="-27.590597" lon="152.836168"><ele>28.3</ele><time>2026-01-01T05:49:57Z</time></trkpt>
<trkpt lat="-27.590743" lon="152.836261"><ele>27.9</ele><time>2026-01-01T05:49:59Z</time></trkpt>
<trkpt lat="-27.590816" lon="152.836309"><ele>27.7</ele><time>2026-01-01T05:50:00Z</time></trkpt>
<trkpt lat="-27.590943" lon="152.836422"><ele>27.2</ele><time>2026-01-01T05:50:02Z</time></trkpt>
<trkpt lat="-27.590983" lon="152.836504"><ele>26.5</ele><time>2026-01-01T05:50:03Z</time></trkpt>
<trkpt lat="-27.591" lon="152.836572"><ele>26.3</ele><time>2026-01-01T05:50:04Z</time></trkpt>
<trkpt lat="-27.591026" lon="152.836734"><ele>25.7</ele><time>2026-01-01T05:50:06Z</time></trkpt>
<trkpt lat="-27.591037" lon="152.836803"><ele>25.5</ele><time>2026-01-01T05:50:07Z</time></trkpt>
<trkpt lat="-27.591058" lon="152.83688"><ele>25.3</ele><time>2026-01-01T05:50:08Z</time></trkpt>
<trkpt lat="-27.591096" lon="152.836975"><ele>25</ele><time>2026-01-01T05:50:10Z</time></trkpt>
<trkpt lat="-27.591119" lon="152.837029"><ele>24.9</ele><time>2026-01-01T05:50:11Z</time></trkpt>
<trkpt lat="-27.591155" lon="152.837109"><ele>24.8</ele><time>2026-01-01T05:50:13Z</time></trkpt>
<trkpt lat="-27.591192" lon="152.837225"><ele>24.5</ele><time>2026-01-01T05:50:15Z</time></trkpt>
<trkpt lat="-27.591216" lon="152.837323"><ele>24.3</ele><time>2026-01-01T05:50:17Z</time></trkpt>
<trkpt lat="-27.591232" lon="152.837434"><ele>24.1</ele><time>2026-01-01T05:50:19Z</time></trkpt>
<trkpt lat="-27.591249" lon="152.837524"><ele>23.9</ele><time>2026-01-01T05:50:21Z</time></trkpt>
<trkpt lat="-27.591266" lon="152.837634"><ele>23.7</ele><time>2026-01-01T05:50:24Z</time></trkpt>
<trkpt lat="-27.591272" lon="152.837698"><ele>23.6</ele><time>2026-01-01T05:50:26Z</time></trkpt>
<trkpt lat="-27.591298" lon="152.837899"><ele>23.2</ele><time>2026-01-01T05:50:32Z</time></trkpt>
<trkpt lat="-27.5913" lon="152.837923"><ele>23.2</ele><time>2026-01-01T05:50:33Z</time></trkpt>
<trkpt lat="-27.591317" lon="152.838"><ele>23</ele><time>2026-01-01T05:50:38Z</time></trkpt>
<trkpt lat="-27.591321" lon="152.838027"><ele>23</ele><time>2026-01-01T05:50:41Z</time></trkpt>
<trkpt lat="-27.591322" lon="152.838028"><ele>23</ele><time>2026-01-01T05:50:42Z</time></trkpt>
<trkpt lat="-27.591333" lon="152.838101"><ele>22.8</ele><time>2026-01-01T05:50:49Z</time></trkpt>
<trkpt lat="-27.591341" lon="152.838133"><ele>22.8</ele><time>2026-01-01T05:50:50Z</time></trkpt>
<trkpt lat="-27.59136" lon="152.838282"><ele>22.5</ele><time>2026-01-01T05:50:53Z</time></trkpt>
<trkpt lat="-27.591415" lon="152.838528"><ele>22.6</ele><time>2026-01-01T05:50:57Z</time></trkpt>
<trkpt lat="-27.591439" lon="152.83862"><ele>22.6</ele><time>2026-01-01T05:50:59Z</time></trkpt>
<trkpt lat="-27.591463" lon="152.838707"><ele>22.7</ele><time>2026-01-01T05:51:01Z</time></trkpt>
<trkpt lat="-27.591489" lon="152.838857"><ele>22.7</ele><time>2026-01-01T05:51:04Z</time></trkpt>
<trkpt lat="-27.591504" lon="152.83898"><ele>22.5</ele><time>2026-01-01T05:51:06Z</time></trkpt>
<trkpt lat="-27.591519" lon="152.839155"><ele>22.1</ele><time>2026-01-01T05:51:08Z</time></trkpt>
<trkpt lat="-27.591534" lon="152.839396"><ele>21.3</ele><time>2026-01-01T05:51:11Z</time></trkpt>
<trkpt lat="-27.591606" lon="152.839987"><ele>21.2</ele><time>2026-01-01T05:51:17Z</time></trkpt>
<trkpt lat="-27.591647" lon="152.840258"><ele>22.2</ele><time>2026-01-01T05:51:20Z</time></trkpt>
<trkpt lat="-27.59169" lon="152.840558"><ele>23.6</ele><time>2026-01-01T05:51:23Z</time></trkpt>
<trkpt lat="-27.591697" lon="152.840631"><ele>23.9</ele><time>2026-01-01T05:51:24Z</time></trkpt>
<trkpt lat="-27.591721" lon="152.840933"><ele>25</ele><time>2026-01-01T05:51:28Z</time></trkpt>
<trkpt lat="-27.591726" lon="152.841008"><ele>25.5</ele><time>2026-01-01T05:51:29Z</time></trkpt>
<trkpt lat="-27.591744" lon="152.841109"><ele>26.1</ele><time>2026-01-01T05:51:31Z</time></trkpt>
<trkpt lat="-27.59175" lon="152.841163"><ele>26.4</ele><time>2026-01-01T05:51:32Z</time></trkpt>
<trkpt lat="-27.591756" lon="152.841216"><ele>26.7</ele><time>2026-01-01T05:51:33Z</time></trkpt>
<trkpt lat="-27.591768" lon="152.841312"><ele>27.2</ele><time>2026-01-01T05:51:35Z</time></trkpt>
<trkpt lat="-27.591781" lon="152.841398"><ele>27.7</ele><time>2026-01-01T05:51:37Z</time></trkpt>
<trkpt lat="-27.591806" lon="152.841529"><ele>28.2</ele><time>2026-01-01T05:51:40Z</time></trkpt>
<trkpt lat="-27.591812" lon="152.841581"><ele>28.4</ele><time>2026-01-01T05:51:41Z</time></trkpt>
<trkpt lat="-27.591818" lon="152.841632"><ele>28.5</ele><time>2026-01-01T05:51:42Z</time></trkpt>
<trkpt lat="-27.591836" lon="152.841773"><ele>28.8</ele><time>2026-01-01T05:51:45Z</time></trkpt>
<trkpt lat="-27.591864" lon="152.841949"><ele>29.1</ele><time>2026-01-01T05:51:49Z</time></trkpt>
<trkpt lat="-27.591896" lon="152.842155"><ele>29.1</ele><time>2026-01-01T05:51:53Z</time></trkpt>
<trkpt lat="-27.591918" lon="152.842268"><ele>29</ele><time>2026-01-01T05:51:55Z</time></trkpt>
<trkpt lat="-27.591925" lon="152.842339"><ele>28.9</ele><time>2026-01-01T05:51:56Z</time></trkpt>
<trkpt lat="-27.591961" lon="152.842669"><ele>28.2</ele><time>2026-01-01T05:52:01Z</time></trkpt>
<trkpt lat="-27.59201" lon="152.84302"><ele>27</ele><time>2026-01-01T05:52:06Z</time></trkpt>
<trkpt lat="-27.592041" lon="152.843165"><ele>26.5</ele><time>2026-01-01T05:52:08Z</time></trkpt>
<trkpt lat="-27.592054" lon="152.843241"><ele>26.2</ele><time>2026-01-01T05:52:09Z</time></trkpt>
<trkpt lat="-27.592064" lon="152.843302"><ele>25.9</ele><time>2026-01-01T05:52:10Z</time></trkpt>
<trkpt lat="-27.592088" lon="152.843467"><ele>25.3</ele><time>2026-01-01T05:52:12Z</time></trkpt>
<trkpt lat="-27.592104" lon="152.843597"><ele>24.8</ele><time>2026-01-01T05:52:14Z</time></trkpt>
<trkpt lat="-27.592121" lon="152.843757"><ele>24.4</ele><time>2026-01-01T05:52:16Z</time></trkpt>
<trkpt lat="-27.592153" lon="152.843909"><ele>24.1</ele><time>2026-01-01T05:52:18Z</time></trkpt>
<trkpt lat="-27.592166" lon="152.843988"><ele>24</ele><time>2026-01-01T05:52:19Z</time></trkpt>
<trkpt lat="-27.592189" lon="152.84415"><ele>23.8</ele><time>2026-01-01T05:52:21Z</time></trkpt>
<trkpt lat="-27.592261" lon="152.844632"><ele>23.8</ele><time>2026-01-01T05:52:27Z</time></trkpt>
<trkpt lat="-27.592357" lon="152.845289"><ele>23.4</ele><time>2026-01-01T05:52:35Z</time></trkpt>
<trkpt lat="-27.592395" lon="152.845545"><ele>23.2</ele><time>2026-01-01T05:52:38Z</time></trkpt>
<trkpt lat="-27.592431" lon="152.845806"><ele>22.8</ele><time>2026-01-01T05:52:41Z</time></trkpt>
<trkpt lat="-27.59244" lon="152.845883"><ele>22.6</ele><time>2026-01-01T05:52:42Z</time></trkpt>
<trkpt lat="-27.592467" lon="152.846111"><ele>22.3</ele><time>2026-01-01T05:52:45Z</time></trkpt>
<trkpt lat="-27.592481" lon="152.846213"><ele>22.2</ele><time>2026-01-01T05:52:46Z</time></trkpt>
<trkpt lat="-27.592565" lon="152.846841"><ele>23</ele><time>2026-01-01T05:52:54Z</time></trkpt>
<trkpt lat="-27.592579" lon="152.84694"><ele>23.2</ele><time>2026-01-01T05:52:55Z</time></trkpt>
<trkpt lat="-27.592645" lon="152.847403"><ele>24.8</ele><time>2026-01-01T05:53:01Z</time></trkpt>
<trkpt lat="-27.592665" lon="152.847552"><ele>25.3</ele><time>2026-01-01T05:53:03Z</time></trkpt>
<trkpt lat="-27.592673" lon="152.847625"><ele>25.6</ele><time>2026-01-01T05:53:04Z</time></trkpt>
<trkpt lat="-27.592682" lon="152.847696"><ele>25.9</ele><time>2026-01-01T05:53:05Z</time></trkpt>
<trkpt lat="-27.5927" lon="152.847839"><ele>26.4</ele><time>2026-01-01T05:53:07Z</time></trkpt>
<trkpt lat="-27.592723" lon="152.84797"><ele>26.7</ele><time>2026-01-01T05:53:09Z</time></trkpt>
<trkpt lat="-27.592771" lon="152.84807"><ele>27</ele><time>2026-01-01T05:53:11Z</time></trkpt>
<trkpt lat="-27.592811" lon="152.848113"><ele>27.1</ele><time>2026-01-01T05:53:12Z</time></trkpt>
<trkpt lat="-27.59287" lon="152.848143"><ele>27.2</ele><time>2026-01-01T05:53:13Z</time></trkpt>
<trkpt lat="-27.592923" lon="152.848152"><ele>27.3</ele><time>2026-01-01T05:53:14Z</time></trkpt>
<trkpt lat="-27.592979" lon="152.848151"><ele>27.4</ele><time>2026-01-01T05:53:15Z</time></trkpt>
<trkpt lat="-27.593159" lon="152.848117"><ele>27.4</ele><time>2026-01-01T05:53:18Z</time></trkpt>
<trkpt lat="-27.593286" lon="152.848092"><ele>27.3</ele><time>2026-01-01T05:53:20Z</time></trkpt>
<trkpt lat="-27.593551" lon="152.848047"><ele>27</ele><time>2026-01-01T05:53:24Z</time></trkpt>
<trkpt lat="-27.593691" lon="152.848024"><ele>27</ele><time>2026-01-01T05:53:26Z</time></trkpt>
<trkpt lat="-27.593751" lon="152.848012"><ele>26.9</ele><time>2026-01-01T05:53:27Z</time></trkpt>
<trkpt lat="-27.594068" lon="152.847961"><ele>26.9</ele><time>2026-01-01T05:53:31Z</time></trkpt>
<trkpt lat="-27.594637" lon="152.847881"><ele>27.2</ele><time>2026-01-01T05:53:39Z</time></trkpt>
<trkpt lat="-27.594705" lon="152.847878"><ele>27.2</ele><time>2026-01-01T05:53:40Z</time></trkpt>
<trkpt lat="-27.594925" lon="152.847873"><ele>27.3</ele><time>2026-01-01T05:53:43Z</time></trkpt>
<trkpt lat="-27.595055" lon="152.84785"><ele>27.5</ele><time>2026-01-01T05:53:45Z</time></trkpt>
<trkpt lat="-27.595243" lon="152.847801"><ele>28.1</ele><time>2026-01-01T05:53:48Z</time></trkpt>
<trkpt lat="-27.59545" lon="152.847741"><ele>28.9</ele><time>2026-01-01T05:53:52Z</time></trkpt>
<trkpt lat="-27.595544" lon="152.847713"><ele>29.3</ele><time>2026-01-01T05:53:54Z</time></trkpt>
<trkpt lat="-27.595582" lon="152.847712"><ele>29.5</ele><time>2026-01-01T05:53:55Z</time></trkpt>
<trkpt lat="-27.59561" lon="152.84772"><ele>29.6</ele><time>2026-01-01T05:53:56Z</time></trkpt>
<trkpt lat="-27.595631" lon="152.847735"><ele>29.7</ele><time>2026-01-01T05:53:57Z</time></trkpt>
<trkpt lat="-27.595647" lon="152.847783"><ele>29.7</ele><time>2026-01-01T05:53:59Z</time></trkpt>
<trkpt lat="-27.595655" lon="152.84794"><ele>29.1</ele><time>2026-01-01T05:54:04Z</time></trkpt>
<trkpt lat="-27.595677" lon="152.848175"><ele>28.6</ele><time>2026-01-01T05:54:09Z</time></trkpt>
<trkpt lat="-27.595717" lon="152.848523"><ele>29</ele><time>2026-01-01T05:54:15Z</time></trkpt>
<trkpt lat="-27.595722" lon="152.848586"><ele>29.3</ele><time>2026-01-01T05:54:16Z</time></trkpt>
<trkpt lat="-27.595761" lon="152.848797"><ele>30.3</ele><time>2026-01-01T05:54:20Z</time></trkpt>
<trkpt lat="-27.595792" lon="152.848973"><ele>31.2</ele><time>2026-01-01T05:54:23Z</time></trkpt>
<trkpt lat="-27.595815" lon="152.849152"><ele>32.1</ele><time>2026-01-01T05:54:26Z</time></trkpt>
<trkpt lat="-27.59582" lon="152.849192"><ele>32.3</ele><time>2026-01-01T05:54:27Z</time></trkpt>
<trkpt lat="-27.595841" lon="152.849387"><ele>33.4</ele><time>2026-01-01T05:54:30Z</time></trkpt>
<trkpt lat="-27.595891" lon="152.849739"><ele>35.2</ele><time>2026-01-01T05:54:36Z</time></trkpt>
<trkpt lat="-27.595908" lon="152.849851"><ele>35.7</ele><time>2026-01-01T05:54:38Z</time></trkpt>
<trkpt lat="-27.595923" lon="152.849967"><ele>36.1</ele><time>2026-01-01T05:54:40Z</time></trkpt>
<trkpt lat="-27.595959" lon="152.850281"><ele>37.2</ele><time>2026-01-01T05:54:46Z</time></trkpt>
<trkpt lat="-27.59603" lon="152.850674"><ele>37.9</ele><time>2026-01-01T05:54:53Z</time></trkpt>
<trkpt lat="-27.596064" lon="152.850838"><ele>38.1</ele><time>2026-01-01T05:54:56Z</time></trkpt>
<trkpt lat="-27.596085" lon="152.850938"><ele>38.2</ele><time>2026-01-01T05:54:58Z</time></trkpt>
<trkpt lat="-27.5961" lon="152.850984"><ele>38.3</ele><time>2026-01-01T05:54:59Z</time></trkpt>
<trkpt lat="-27.596111" lon="152.85106"><ele>38.5</ele><time>2026-01-01T05:55:01Z</time></trkpt>
<trkpt lat="-27.59613" lon="152.851204"><ele>38.4</ele><time>2026-01-01T05:55:05Z</time></trkpt>
<trkpt lat="-27.596203" lon="152.8514"><ele>38.1</ele><time>2026-01-01T05:55:11Z</time></trkpt>
<trkpt lat="-27.596226" lon="152.851454"><ele>38</ele><time>2026-01-01T05:55:12Z</time></trkpt>
<trkpt lat="-27.596342" lon="152.851699"><ele>37.4</ele><time>2026-01-01T05:55:17Z</time></trkpt>
<trkpt lat="-27.596364" lon="152.85176"><ele>37.3</ele><time>2026-01-01T05:55:18Z</time></trkpt>
<trkpt lat="-27.596483" lon="152.852069"><ele>36.1</ele><time>2026-01-01T05:55:23Z</time></trkpt>
<trkpt lat="-27.596517" lon="152.852151"><ele>35.7</ele><time>2026-01-01T05:55:24Z</time></trkpt>
<trkpt lat="-27.596547" lon="152.852222"><ele>35.3</ele><time>2026-01-01T05:55:25Z</time></trkpt>
<trkpt lat="-27.596685" lon="152.852547"><ele>33.5</ele><time>2026-01-01T05:55:29Z</time></trkpt>
<trkpt lat="-27.596722" lon="152.852635"><ele>33</ele><time>2026-01-01T05:55:30Z</time></trkpt>
<trkpt lat="-27.596799" lon="152.852813"><ele>31.9</ele><time>2026-01-01T05:55:32Z</time></trkpt>
<trkpt lat="-27.596839" lon="152.852907"><ele>31.3</ele><time>2026-01-01T05:55:33Z</time></trkpt>
<trkpt lat="-27.596919" lon="152.853098"><ele>30.3</ele><time>2026-01-01T05:55:35Z</time></trkpt>
<trkpt lat="-27.596959" lon="152.853195"><ele>29.9</ele><time>2026-01-01T05:55:36Z</time></trkpt>
<trkpt lat="-27.597191" lon="152.85375"><ele>28.8</ele><time>2026-01-01T05:55:42Z</time></trkpt>
<trkpt lat="-27.597264" lon="152.853931"><ele>28.6</ele><time>2026-01-01T05:55:44Z</time></trkpt>
<trkpt lat="-27.597483" lon="152.854435"><ele>28.6</ele><time>2026-01-01T05:55:50Z</time></trkpt>
<trkpt lat="-27.597524" lon="152.854538"><ele>28.6</ele><time>2026-01-01T05:55:51Z</time></trkpt>
<trkpt lat="-27.597582" lon="152.854695"><ele>28.6</ele><time>2026-01-01T05:55:53Z</time></trkpt>
<trkpt lat="-27.597622" lon="152.854799"><ele>28.6</ele><time>2026-01-01T05:55:54Z</time></trkpt>
<trkpt lat="-27.597658" lon="152.854881"><ele>28.6</ele><time>2026-01-01T05:55:55Z</time></trkpt>
<trkpt lat="-27.597734" lon="152.855043"><ele>28.6</ele><time>2026-01-01T05:55:57Z</time></trkpt>
<trkpt lat="-27.597776" lon="152.855123"><ele>28.6</ele><time>2026-01-01T05:55:58Z</time></trkpt>
<trkpt lat="-27.597809" lon="152.855186"><ele>28.6</ele><time>2026-01-01T05:55:59Z</time></trkpt>
<trkpt lat="-27.59798" lon="152.855504"><ele>28.5</ele><time>2026-01-01T05:56:03Z</time></trkpt>
<trkpt lat="-27.598024" lon="152.855578"><ele>28.4</ele><time>2026-01-01T05:56:04Z</time></trkpt>
<trkpt lat="-27.598158" lon="152.855796"><ele>28.1</ele><time>2026-01-01T05:56:07Z</time></trkpt>
<trkpt lat="-27.598293" lon="152.856003"><ele>27.4</ele><time>2026-01-01T05:56:10Z</time></trkpt>
<trkpt lat="-27.598441" lon="152.856207"><ele>26.3</ele><time>2026-01-01T05:56:13Z</time></trkpt>
<trkpt lat="-27.598539" lon="152.856336"><ele>25.5</ele><time>2026-01-01T05:56:15Z</time></trkpt>
<trkpt lat="-27.598593" lon="152.856381"><ele>25.2</ele><time>2026-01-01T05:56:16Z</time></trkpt>
<trkpt lat="-27.598715" lon="152.856476"><ele>24.3</ele><time>2026-01-01T05:56:18Z</time></trkpt>
<trkpt lat="-27.598825" lon="152.856609"><ele>23.3</ele><time>2026-01-01T05:56:20Z</time></trkpt>
<trkpt lat="-27.598902" lon="152.856705"><ele>22.6</ele><time>2026-01-01T05:56:21Z</time></trkpt>
<trkpt lat="-27.59918" lon="152.857055"><ele>20.1</ele><time>2026-01-01T05:56:25Z</time></trkpt>
<trkpt lat="-27.59932" lon="152.857235"><ele>19</ele><time>2026-01-01T05:56:27Z</time></trkpt>
<trkpt lat="-27.599458" lon="152.857423"><ele>18</ele><time>2026-01-01T05:56:29Z</time></trkpt>
<trkpt lat="-27.599579" lon="152.857589"><ele>17.5</ele><time>2026-01-01T05:56:31Z</time></trkpt>
<trkpt lat="-27.599659" lon="152.857698"><ele>17.2</ele><time>2026-01-01T05:56:32Z</time></trkpt>
<trkpt lat="-27.59996" lon="152.858138"><ele>16.7</ele><time>2026-01-01T05:56:37Z</time></trkpt>
<trkpt lat="-27.600004" lon="152.858203"><ele>16.7</ele><time>2026-01-01T05:56:38Z</time></trkpt>
<trkpt lat="-27.600058" lon="152.858287"><ele>16.8</ele><time>2026-01-01T05:56:39Z</time></trkpt>
<trkpt lat="-27.600334" lon="152.858722"><ele>17</ele><time>2026-01-01T05:56:44Z</time></trkpt>
<trkpt lat="-27.600375" lon="152.858787"><ele>17.1</ele><time>2026-01-01T05:56:45Z</time></trkpt>
<trkpt lat="-27.600422" lon="152.858865"><ele>17.1</ele><time>2026-01-01T05:56:46Z</time></trkpt>
<trkpt lat="-27.600668" lon="152.859267"><ele>17.3</ele><time>2026-01-01T05:56:51Z</time></trkpt>
<trkpt lat="-27.600927" lon="152.859624"><ele>17</ele><time>2026-01-01T05:56:56Z</time></trkpt>
<trkpt lat="-27.601147" lon="152.859883"><ele>16.4</ele><time>2026-01-01T05:57:00Z</time></trkpt>
<trkpt lat="-27.601382" lon="152.860139"><ele>15.5</ele><time>2026-01-01T05:57:04Z</time></trkpt>
<trkpt lat="-27.601628" lon="152.860371"><ele>15.2</ele><time>2026-01-01T05:57:08Z</time></trkpt>
<trkpt lat="-27.601908" lon="152.860633"><ele>15.9</ele><time>2026-01-01T05:57:13Z</time></trkpt>
<trkpt lat="-27.602026" lon="152.860743"><ele>16.6</ele><time>2026-01-01T05:57:15Z</time></trkpt>
<trkpt lat="-27.602283" lon="152.860994"><ele>19</ele><time>2026-01-01T05:57:21Z</time></trkpt>
<trkpt lat="-27.602392" lon="152.861105"><ele>20.1</ele><time>2026-01-01T05:57:24Z</time></trkpt>
<trkpt lat="-27.602493" lon="152.861218"><ele>21.2</ele><time>2026-01-01T05:57:27Z</time></trkpt>
<trkpt lat="-27.602557" lon="152.861295"><ele>21.9</ele><time>2026-01-01T05:57:29Z</time></trkpt>
<trkpt lat="-27.602586" lon="152.861333"><ele>22.2</ele><time>2026-01-01T05:57:30Z</time></trkpt>
<trkpt lat="-27.60264" lon="152.861411"><ele>22.8</ele><time>2026-01-01T05:57:32Z</time></trkpt>
<trkpt lat="-27.602667" lon="152.86145"><ele>23.1</ele><time>2026-01-01T05:57:33Z</time></trkpt>
<trkpt lat="-27.602761" lon="152.861605"><ele>24.2</ele><time>2026-01-01T05:57:37Z</time></trkpt>
<trkpt lat="-27.602802" lon="152.861685"><ele>24.8</ele><time>2026-01-01T05:57:39Z</time></trkpt>
<trkpt lat="-27.602849" lon="152.861777"><ele>25.3</ele><time>2026-01-01T05:57:41Z</time></trkpt>
<trkpt lat="-27.602866" lon="152.86181"><ele>25.5</ele><time>2026-01-01T05:57:42Z</time></trkpt>
<trkpt lat="-27.602936" lon="152.861979"><ele>26.5</ele><time>2026-01-01T05:57:46Z</time></trkpt>
<trkpt lat="-27.602984" lon="152.862114"><ele>27.3</ele><time>2026-01-01T05:57:49Z</time></trkpt>
<trkpt lat="-27.603016" lon="152.86221"><ele>27.8</ele><time>2026-01-01T05:57:51Z</time></trkpt>
<trkpt lat="-27.603055" lon="152.86235"><ele>28.5</ele><time>2026-01-01T05:57:54Z</time></trkpt>
<trkpt lat="-27.603066" lon="152.862391"><ele>28.7</ele><time>2026-01-01T05:57:55Z</time></trkpt>
<trkpt lat="-27.603079" lon="152.862432"><ele>28.9</ele><time>2026-01-01T05:57:56Z</time></trkpt>
<trkpt lat="-27.603088" lon="152.862478"><ele>29.2</ele><time>2026-01-01T05:57:57Z</time></trkpt>
<trkpt lat="-27.603097" lon="152.862533"><ele>29.5</ele><time>2026-01-01T05:57:58Z</time></trkpt>
<trkpt lat="-27.603109" lon="152.862615"><ele>29.9</ele><time>2026-01-01T05:58:00Z</time></trkpt>
<trkpt lat="-27.603141" lon="152.862974"><ele>31.8</ele><time>2026-01-01T05:58:07Z</time></trkpt>
<trkpt lat="-27.603143" lon="152.863072"><ele>32.3</ele><time>2026-01-01T05:58:09Z</time></trkpt>
<trkpt lat="-27.603138" lon="152.863164"><ele>33</ele><time>2026-01-01T05:58:11Z</time></trkpt>
<trkpt lat="-27.603111" lon="152.863477"><ele>34.9</ele><time>2026-01-01T05:58:17Z</time></trkpt>
<trkpt lat="-27.603088" lon="152.863631"><ele>35.7</ele><time>2026-01-01T05:58:20Z</time></trkpt>
<trkpt lat="-27.603023" lon="152.863893"><ele>36.6</ele><time>2026-01-01T05:58:25Z</time></trkpt>
<trkpt lat="-27.602876" lon="152.864311"><ele>36.9</ele><time>2026-01-01T05:58:33Z</time></trkpt>
<trkpt lat="-27.602853" lon="152.864366"><ele>36.9</ele><time>2026-01-01T05:58:34Z</time></trkpt>
<trkpt lat="-27.602828" lon="152.864425"><ele>36.9</ele><time>2026-01-01T05:58:35Z</time></trkpt>
<trkpt lat="-27.602652" lon="152.864839"><ele>36.6</ele><time>2026-01-01T05:58:42Z</time></trkpt>
<trkpt lat="-27.602507" lon="152.865159"><ele>35.8</ele><time>2026-01-01T05:58:47Z</time></trkpt>
<trkpt lat="-27.60241" lon="152.865386"><ele>35.1</ele><time>2026-01-01T05:58:50Z</time></trkpt>
<trkpt lat="-27.602387" lon="152.865445"><ele>34.9</ele><time>2026-01-01T05:58:51Z</time></trkpt>
<trkpt lat="-27.602302" lon="152.865655"><ele>34.2</ele><time>2026-01-01T05:58:54Z</time></trkpt>
<trkpt lat="-27.602202" lon="152.865882"><ele>33.3</ele><time>2026-01-01T05:58:57Z</time></trkpt>
<trkpt lat="-27.602145" lon="152.866012"><ele>32.7</ele><time>2026-01-01T05:58:59Z</time></trkpt>
<trkpt lat="-27.601952" lon="152.866489"><ele>30.3</ele><time>2026-01-01T05:59:05Z</time></trkpt>
<trkpt lat="-27.601917" lon="152.866571"><ele>30</ele><time>2026-01-01T05:59:06Z</time></trkpt>
<trkpt lat="-27.6017" lon="152.867062"><ele>27.7</ele><time>2026-01-01T05:59:12Z</time></trkpt>
<trkpt lat="-27.60159" lon="152.867322"><ele>26.8</ele><time>2026-01-01T05:59:15Z</time></trkpt>
<trkpt lat="-27.601511" lon="152.867512"><ele>26.4</ele><time>2026-01-01T05:59:17Z</time></trkpt>
<trkpt lat="-27.601481" lon="152.867581"><ele>26.3</ele><time>2026-01-01T05:59:18Z</time></trkpt>
<trkpt lat="-27.601383" lon="152.867829"><ele>26</ele><time>2026-01-01T05:59:21Z</time></trkpt>
<trkpt lat="-27.601352" lon="152.867907"><ele>25.9</ele><time>2026-01-01T05:59:22Z</time></trkpt>
<trkpt lat="-27.60114" lon="152.868409"><ele>26.1</ele><time>2026-01-01T05:59:29Z</time></trkpt>
<trkpt lat="-27.600966" lon="152.868744"><ele>26.2</ele><time>2026-01-01T05:59:34Z</time></trkpt>
<trkpt lat="-27.600938" lon="152.868814"><ele>26.3</ele><time>2026-01-01T05:59:35Z</time></trkpt>
<trkpt lat="-27.600919" lon="152.868869"><ele>26.3</ele><time>2026-01-01T05:59:36Z</time></trkpt>
<trkpt lat="-27.600808" lon="152.869153"><ele>26.3</ele><time>2026-01-01T05:59:40Z</time></trkpt>
<trkpt lat="-27.600735" lon="152.869336"><ele>26.2</ele><time>2026-01-01T05:59:43Z</time></trkpt>
<trkpt lat="-27.600655" lon="152.869535"><ele>26.1</ele><time>2026-01-01T05:59:46Z</time></trkpt>
<trkpt lat="-27.600601" lon="152.869664"><ele>26</ele><time>2026-01-01T05:59:48Z</time></trkpt>
<trkpt lat="-27.600509" lon="152.869871"><ele>25.7</ele><time>2026-01-01T05:59:51Z</time></trkpt>
<trkpt lat="-27.600485" lon="152.869925"><ele>25.7</ele><time>2026-01-01T05:59:52Z</time></trkpt>
<trkpt lat="-27.600432" lon="152.870051"><ele>25.5</ele><time>2026-01-01T05:59:54Z</time></trkpt>
<trkpt lat="-27.600353" lon="152.870236"><ele>25.3</ele><time>2026-01-01T05:59:58Z</time></trkpt>
<trkpt lat="-27.600322" lon="152.870355"><ele>25.2</ele><time>2026-01-01T06:00:01Z</time></trkpt>
<trkpt lat="-27.600343" lon="152.870384"><ele>25.2</ele><time>2026-01-01T06:00:02Z</time></trkpt>
<trkpt lat="-27.600374" lon="152.870392"><ele>25.2</ele><time>2026-01-01T06:00:03Z</time></trkpt>
<trkpt lat="-27.600404" lon="152.870381"><ele>25.2</ele><time>2026-01-01T06:00:04Z</time></trkpt>
<trkpt lat="-27.600431" lon="152.870362"><ele>25.2</ele><time>2026-01-01T06:00:05Z</time></trkpt>
<trkpt lat="-27.600499" lon="152.870328"><ele>25.3</ele><time>2026-01-01T06:00:07Z</time></trkpt>
<trkpt lat="-27.600563" lon="152.870304"><ele>25.4</ele><time>2026-01-01T06:00:09Z</time></trkpt>
<trkpt lat="-27.600625" lon="152.870277"><ele>25.5</ele><time>2026-01-01T06:00:12Z</time></trkpt>
<trkpt lat="-27.600632" lon="152.870276"><ele>25.5</ele><time>2026-01-01T06:00:13Z</time></trkpt>
<trkpt lat="-27.600632" lon="152.870276"><ele>25.5</ele><time>2026-01-01T06:00:15Z</time></trkpt>
<trkpt lat="-27.600649" lon="152.870162"><ele>25.6</ele><time>2026-01-01T06:00:40Z</time></trkpt>
<trkpt lat="-27.60065" lon="152.870155"><ele>25.6</ele><time>2026-01-01T06:00:41Z</time></trkpt>
<trkpt lat="-27.600682" lon="152.87018"><ele>25.6</ele><time>2026-01-01T06:00:48Z</time></trkpt>
<trkpt lat="-27.600679" lon="152.870168"><ele>25.6</ele><time>2026-01-01T06:00:49Z</time></trkpt>
<trkpt lat="-27.600693" lon="152.87014"><ele>25.6</ele><time>2026-01-01T06:00:52Z</time></trkpt>
<trkpt lat="-27.600694" lon="152.870131"><ele>25.6</ele><time>2026-01-01T06:00:53Z</time></trkpt>
<trkpt lat="-27.600694" lon="152.870131"><ele>25.6</ele><time>2026-01-01T06:00:56Z</time></trkpt>
<trkpt lat="-27.600694" lon="152.870131"><ele>25.6</ele><time>2026-01-01T06:00:59Z</time></trkpt>
<trkpt lat="-27.600694" lon="152.870131"><ele>25.6</ele><time>2026-01-01T06:01:01Z</time></trkpt>
<trkpt lat="-27.600694" lon="152.870131"><ele>25.6</ele><time>2026-01-01T06:01:06Z</time></trkpt>
<trkpt lat="-27.600694" lon="152.870131"><ele>25.6</ele><time>2026-01-01T06:01:07Z</time></trkpt>
<trkpt lat="-27.600694" lon="152.870131"><ele>25.6</ele><time>2026-01-01T06:01:09Z</time></trkpt>
<trkpt lat="-27.600694" lon="152.870131"><ele>25.6</ele><time>2026-01-01T06:01:19Z</time></trkpt>
<trkpt lat="-27.600694" lon="152.870131"><ele>25.6</ele><time>2026-01-01T06:01:20Z</time></trkpt>
<trkpt lat="-27.600588" lon="152.87019"><ele>25.6</ele><time>2026-01-01T06:01:32Z</time></trkpt>
<trkpt lat="-27.600521" lon="152.8703"><ele>25.4</ele><time>2026-01-01T06:02:29Z</time></trkpt>
<trkpt lat="-27.600521" lon="152.8703"><ele>25.4</ele><time>2026-01-01T06:02:30Z</time></trkpt>
<trkpt lat="-27.600521" lon="152.8703"><ele>25.4</ele><time>2026-01-01T06:02:31Z</time></trkpt>
<trkpt lat="-27.600485" lon="152.870341"><ele>25.3</ele><time>2026-01-01T06:08:46Z</time></trkpt>
<trkpt lat="-27.600471" lon="152.870338"><ele>25.3</ele><time>2026-01-01T06:08:47Z</time></trkpt>
<trkpt lat="-27.600448" lon="152.870335"><ele>25.2</ele><time>2026-01-01T06:08:48Z</time></trkpt>
<trkpt lat="-27.60043" lon="152.870336"><ele>25.2</ele><time>2026-01-01T06:08:49Z</time></trkpt>
<trkpt lat="-27.600418" lon="152.870347"><ele>25.2</ele><time>2026-01-01T06:08:51Z</time></trkpt>
<trkpt lat="-27.60041" lon="152.870349"><ele>25.2</ele><time>2026-01-01T06:08:52Z</time></trkpt>
<trkpt lat="-27.600402" lon="152.87035"><ele>25.2</ele><time>2026-01-01T06:08:53Z</time></trkpt>
<trkpt lat="-27.600392" lon="152.870361"><ele>25.2</ele><time>2026-01-01T06:08:55Z</time></trkpt>
<trkpt lat="-27.600377" lon="152.870377"><ele>25.2</ele><time>2026-01-01T06:08:57Z</time></trkpt>
<trkpt lat="-27.60037" lon="152.870401"><ele>25.2</ele><time>2026-01-01T06:08:58Z</time></trkpt>
<trkpt lat="-27.600353" lon="152.870428"><ele>25.1</ele><time>2026-01-01T06:08:59Z</time></trkpt>
<trkpt lat="-27.600262" lon="152.870491"><ele>25</ele><time>2026-01-01T06:09:02Z</time></trkpt>
<trkpt lat="-27.600192" lon="152.870604"><ele>24.9</ele><time>2026-01-01T06:09:04Z</time></trkpt>
<trkpt lat="-27.600164" lon="152.870666"><ele>24.8</ele><time>2026-01-01T06:09:05Z</time></trkpt>
<trkpt lat="-27.600056" lon="152.870937"><ele>24.6</ele><time>2026-01-01T06:09:10Z</time></trkpt>
<trkpt lat="-27.600033" lon="152.870988"><ele>24.5</ele><time>2026-01-01T06:09:11Z</time></trkpt>
<trkpt lat="-27.599924" lon="152.871253"><ele>24.4</ele><time>2026-01-01T06:09:17Z</time></trkpt>
<trkpt lat="-27.599846" lon="152.871421"><ele>24.4</ele><time>2026-01-01T06:09:21Z</time></trkpt>
<trkpt lat="-27.599813" lon="152.871524"><ele>24.4</ele><time>2026-01-01T06:09:23Z</time></trkpt>
<trkpt lat="-27.59972" lon="152.871943"><ele>24.2</ele><time>2026-01-01T06:09:30Z</time></trkpt>
<trkpt lat="-27.599706" lon="152.872339"><ele>23.9</ele><time>2026-01-01T06:09:36Z</time></trkpt>
<trkpt lat="-27.599718" lon="152.872396"><ele>23.9</ele><time>2026-01-01T06:09:37Z</time></trkpt>
<trkpt lat="-27.599754" lon="152.872733"><ele>23.8</ele><time>2026-01-01T06:09:42Z</time></trkpt>
<trkpt lat="-27.599816" lon="152.873224"><ele>24.1</ele><time>2026-01-01T06:09:50Z</time></trkpt>
<trkpt lat="-27.599825" lon="152.873283"><ele>24.1</ele><time>2026-01-01T06:09:51Z</time></trkpt>
<trkpt lat="-27.599918" lon="152.87357"><ele>23.9</ele><time>2026-01-01T06:09:56Z</time></trkpt>
<trkpt lat="-27.599959" lon="152.873692"><ele>23.7</ele><time>2026-01-01T06:09:58Z</time></trkpt>
<trkpt lat="-27.600083" lon="152.873951"><ele>23.2</ele><time>2026-01-01T06:10:02Z</time></trkpt>
<trkpt lat="-27.600145" lon="152.87409"><ele>23.1</ele><time>2026-01-01T06:10:04Z</time></trkpt>
<trkpt lat="-27.60015" lon="152.874238"><ele>23</ele><time>2026-01-01T06:10:06Z</time></trkpt>
<trkpt lat="-27.600083" lon="152.874349"><ele>22.8</ele><time>2026-01-01T06:10:08Z</time></trkpt>
<trkpt lat="-27.600029" lon="152.874368"><ele>22.9</ele><time>2026-01-01T06:10:09Z</time></trkpt>
<trkpt lat="-27.599973" lon="152.874381"><ele>23</ele><time>2026-01-01T06:10:10Z</time></trkpt>
<trkpt lat="-27.599887" lon="152.874439"><ele>23.2</ele><time>2026-01-01T06:10:12Z</time></trkpt>
<trkpt lat="-27.599857" lon="152.874536"><ele>22.9</ele><time>2026-01-01T06:10:14Z</time></trkpt>
<trkpt lat="-27.59987" lon="152.874595"><ele>22.7</ele><time>2026-01-01T06:10:15Z</time></trkpt>
<trkpt lat="-27.599905" lon="152.874668"><ele>22.2</ele><time>2026-01-01T06:10:16Z</time></trkpt>
<trkpt lat="-27.600011" lon="152.874829"><ele>20.5</ele><time>2026-01-01T06:10:19Z</time></trkpt>
<trkpt lat="-27.600111" lon="152.874999"><ele>19.7</ele><time>2026-01-01T06:10:22Z</time></trkpt>
<trkpt lat="-27.600205" lon="152.875096"><ele>19.2</ele><time>2026-01-01T06:10:24Z</time></trkpt>
<trkpt lat="-27.600319" lon="152.875183"><ele>18.6</ele><time>2026-01-01T06:10:26Z</time></trkpt>
<trkpt lat="-27.60049" lon="152.875323"><ele>18.2</ele><time>2026-01-01T06:10:29Z</time></trkpt>
<trkpt lat="-27.600539" lon="152.875377"><ele>18</ele><time>2026-01-01T06:10:30Z</time></trkpt>
<trkpt lat="-27.600594" lon="152.875504"><ele>17.7</ele><time>2026-01-01T06:10:32Z</time></trkpt>
<trkpt lat="-27.600597" lon="152.875575"><ele>17.6</ele><time>2026-01-01T06:10:33Z</time></trkpt>
<trkpt lat="-27.600579" lon="152.875655"><ele>17.4</ele><time>2026-01-01T06:10:34Z</time></trkpt>
<trkpt lat="-27.600497" lon="152.875927"><ele>17.3</ele><time>2026-01-01T06:10:37Z</time></trkpt>
<trkpt lat="-27.600392" lon="152.87644"><ele>16.8</ele><time>2026-01-01T06:10:43Z</time></trkpt>
<trkpt lat="-27.60031" lon="152.876771"><ele>16.8</ele><time>2026-01-01T06:10:47Z</time></trkpt>
<trkpt lat="-27.600256" lon="152.876937"><ele>16.8</ele><time>2026-01-01T06:10:49Z</time></trkpt>
<trkpt lat="-27.600046" lon="152.877366"><ele>17.1</ele><time>2026-01-01T06:10:55Z</time></trkpt>
<trkpt lat="-27.599809" lon="152.877709"><ele>18.1</ele><time>2026-01-01T06:11:01Z</time></trkpt>
<trkpt lat="-27.599671" lon="152.87785"><ele>19</ele><time>2026-01-01T06:11:04Z</time></trkpt>
<trkpt lat="-27.599592" lon="152.877925"><ele>19.6</ele><time>2026-01-01T06:11:06Z</time></trkpt>
<trkpt lat="-27.59944" lon="152.878047"><ele>20.9</ele><time>2026-01-01T06:11:10Z</time></trkpt>
<trkpt lat="-27.599365" lon="152.878099"><ele>21.4</ele><time>2026-01-01T06:11:12Z</time></trkpt>
<trkpt lat="-27.599281" lon="152.878141"><ele>22</ele><time>2026-01-01T06:11:14Z</time></trkpt>
<trkpt lat="-27.599152" lon="152.878205"><ele>22.9</ele><time>2026-01-01T06:11:17Z</time></trkpt>
<trkpt lat="-27.599074" lon="152.878249"><ele>23.5</ele><time>2026-01-01T06:11:19Z</time></trkpt>
<trkpt lat="-27.599042" lon="152.878275"><ele>23.7</ele><time>2026-01-01T06:11:20Z</time></trkpt>
<trkpt lat="-27.599007" lon="152.878298"><ele>24</ele><time>2026-01-01T06:11:21Z</time></trkpt>
<trkpt lat="-27.598762" lon="152.878423"><ele>25.6</ele><time>2026-01-01T06:11:27Z</time></trkpt>
<trkpt lat="-27.59864" lon="152.87848"><ele>26.3</ele><time>2026-01-01T06:11:30Z</time></trkpt>
<trkpt lat="-27.598285" lon="152.878657"><ele>27.6</ele><time>2026-01-01T06:11:38Z</time></trkpt>
<trkpt lat="-27.597943" lon="152.87882"><ele>27.6</ele><time>2026-01-01T06:11:45Z</time></trkpt>
<trkpt lat="-27.597742" lon="152.878909"><ele>27.1</ele><time>2026-01-01T06:11:49Z</time></trkpt>
<trkpt lat="-27.597686" lon="152.878927"><ele>26.9</ele><time>2026-01-01T06:11:50Z</time></trkpt>
<trkpt lat="-27.597565" lon="152.878938"><ele>26.5</ele><time>2026-01-01T06:11:52Z</time></trkpt>
<trkpt lat="-27.597513" lon="152.87894"><ele>26.4</ele><time>2026-01-01T06:11:53Z</time></trkpt>
<trkpt lat="-27.597429" lon="152.87891"><ele>26.1</ele><time>2026-01-01T06:11:55Z</time></trkpt>
<trkpt lat="-27.597381" lon="152.878904"><ele>26</ele><time>2026-01-01T06:11:57Z</time></trkpt>
<trkpt lat="-27.597333" lon="152.878986"><ele>25.7</ele><time>2026-01-01T06:12:01Z</time></trkpt>
<trkpt lat="-27.597279" lon="152.87904"><ele>25.5</ele><time>2026-01-01T06:12:06Z</time></trkpt>
<trkpt lat="-27.597255" lon="152.87905"><ele>25.4</ele><time>2026-01-01T06:12:07Z</time></trkpt>
<trkpt lat="-27.597232" lon="152.879061"><ele>25.2</ele><time>2026-01-01T06:12:08Z</time></trkpt>
<trkpt lat="-27.597208" lon="152.879071"><ele>25</ele><time>2026-01-01T06:12:32Z</time></trkpt>
<trkpt lat="-27.597184" lon="152.879081"><ele>25.1</ele><time>2026-01-01T06:12:33Z</time></trkpt>
<trkpt lat="-27.597149" lon="152.879115"><ele>25.3</ele><time>2026-01-01T06:12:34Z</time></trkpt>
<trkpt lat="-27.597096" lon="152.879232"><ele>25.1</ele><time>2026-01-01T06:12:36Z</time></trkpt>
<trkpt lat="-27.597043" lon="152.879565"><ele>23.2</ele><time>2026-01-01T06:12:40Z</time></trkpt>
<trkpt lat="-27.597031" lon="152.879657"><ele>22.5</ele><time>2026-01-01T06:12:41Z</time></trkpt>
<trkpt lat="-27.596986" lon="152.879964"><ele>20.1</ele><time>2026-01-01T06:12:44Z</time></trkpt>
<trkpt lat="-27.596972" lon="152.880075"><ele>19.3</ele><time>2026-01-01T06:12:45Z</time></trkpt>
<trkpt lat="-27.596937" lon="152.880304"><ele>17.7</ele><time>2026-01-01T06:12:47Z</time></trkpt>
<trkpt lat="-27.596893" lon="152.88067"><ele>14.7</ele><time>2026-01-01T06:12:50Z</time></trkpt>
<trkpt lat="-27.596857" lon="152.881037"><ele>12.3</ele><time>2026-01-01T06:12:53Z</time></trkpt>
<trkpt lat="-27.596841" lon="152.881159"><ele>11.7</ele><time>2026-01-01T06:12:54Z</time></trkpt>
<trkpt lat="-27.596823" lon="152.881279"><ele>11.3</ele><time>2026-01-01T06:12:55Z</time></trkpt>
<trkpt lat="-27.596804" lon="152.881396"><ele>10.8</ele><time>2026-01-01T06:12:56Z</time></trkpt>
<trkpt lat="-27.596787" lon="152.88151"><ele>10.5</ele><time>2026-01-01T06:12:57Z</time></trkpt>
<trkpt lat="-27.59677" lon="152.881628"><ele>10.1</ele><time>2026-01-01T06:12:58Z</time></trkpt>
<trkpt lat="-27.596661" lon="152.882338"><ele>9.1</ele><time>2026-01-01T06:13:04Z</time></trkpt>
<trkpt lat="-27.596633" lon="152.882569"><ele>9.2</ele><time>2026-01-01T06:13:06Z</time></trkpt>
<trkpt lat="-27.596623" lon="152.882679"><ele>9.4</ele><time>2026-01-01T06:13:07Z</time></trkpt>
<trkpt lat="-27.596613" lon="152.882792"><ele>9.6</ele><time>2026-01-01T06:13:08Z</time></trkpt>
<trkpt lat="-27.596594" lon="152.883331"><ele>10</ele><time>2026-01-01T06:13:13Z</time></trkpt>
<trkpt lat="-27.596619" lon="152.883735"><ele>10.8</ele><time>2026-01-01T06:13:17Z</time></trkpt>
<trkpt lat="-27.596643" lon="152.884005"><ele>11.5</ele><time>2026-01-01T06:13:20Z</time></trkpt>
<trkpt lat="-27.596671" lon="152.884384"><ele>12.6</ele><time>2026-01-01T06:13:25Z</time></trkpt>
<trkpt lat="-27.596677" lon="152.884455"><ele>12.8</ele><time>2026-01-01T06:13:26Z</time></trkpt>
<trkpt lat="-27.596744" lon="152.885002"><ele>12.8</ele><time>2026-01-01T06:13:34Z</time></trkpt>
<trkpt lat="-27.596822" lon="152.885468"><ele>12.3</ele><time>2026-01-01T06:13:40Z</time></trkpt>
<trkpt lat="-27.596846" lon="152.885624"><ele>12.3</ele><time>2026-01-01T06:13:42Z</time></trkpt>
<trkpt lat="-27.596891" lon="152.885925"><ele>12.6</ele><time>2026-01-01T06:13:46Z</time></trkpt>
<trkpt lat="-27.596913" lon="152.88607"><ele>13</ele><time>2026-01-01T06:13:48Z</time></trkpt>
<trkpt lat="-27.59696" lon="152.886418"><ele>14.2</ele><time>2026-01-01T06:13:53Z</time></trkpt>
<trkpt lat="-27.596992" lon="152.886625"><ele>15.3</ele><time>2026-01-01T06:13:56Z</time></trkpt>
<trkpt lat="-27.597012" lon="152.886752"><ele>16.1</ele><time>2026-01-01T06:13:58Z</time></trkpt>
<trkpt lat="-27.597048" lon="152.886994"><ele>17.7</ele><time>2026-01-01T06:14:02Z</time></trkpt>
<trkpt lat="-27.597058" lon="152.887058"><ele>18.2</ele><time>2026-01-01T06:14:03Z</time></trkpt>
<trkpt lat="-27.597134" lon="152.887498"><ele>20.5</ele><time>2026-01-01T06:14:10Z</time></trkpt>
<trkpt lat="-27.597159" lon="152.887621"><ele>20.9</ele><time>2026-01-01T06:14:12Z</time></trkpt>
<trkpt lat="-27.597174" lon="152.887684"><ele>21.1</ele><time>2026-01-01T06:14:13Z</time></trkpt>
<trkpt lat="-27.597266" lon="152.888056"><ele>21.3</ele><time>2026-01-01T06:14:19Z</time></trkpt>
<trkpt lat="-27.597321" lon="152.888256"><ele>21.1</ele><time>2026-01-01T06:14:22Z</time></trkpt>
<trkpt lat="-27.597427" lon="152.888613"><ele>20.7</ele><time>2026-01-01T06:14:27Z</time></trkpt>
<trkpt lat="-27.597582" lon="152.889138"><ele>20.1</ele><time>2026-01-01T06:14:34Z</time></trkpt>
<trkpt lat="-27.597633" lon="152.889287"><ele>19.9</ele><time>2026-01-01T06:14:36Z</time></trkpt>
<trkpt lat="-27.597717" lon="152.88952"><ele>19.6</ele><time>2026-01-01T06:14:39Z</time></trkpt>
<trkpt lat="-27.597774" lon="152.889675"><ele>19.5</ele><time>2026-01-01T06:14:41Z</time></trkpt>
<trkpt lat="-27.597832" lon="152.889827"><ele>19.4</ele><time>2026-01-01T06:14:43Z</time></trkpt>
<trkpt lat="-27.598041" lon="152.890383"><ele>18.9</ele><time>2026-01-01T06:14:50Z</time></trkpt>
<trkpt lat="-27.598108" lon="152.890548"><ele>18.8</ele><time>2026-01-01T06:14:52Z</time></trkpt>
<trkpt lat="-27.598179" lon="152.890739"><ele>18.7</ele><time>2026-01-01T06:14:54Z</time></trkpt>
<trkpt lat="-27.598319" lon="152.891048"><ele>18.7</ele><time>2026-01-01T06:14:58Z</time></trkpt>
<trkpt lat="-27.59839" lon="152.891201"><ele>18.7</ele><time>2026-01-01T06:15:00Z</time></trkpt>
<trkpt lat="-27.59864" lon="152.891646"><ele>19</ele><time>2026-01-01T06:15:06Z</time></trkpt>
<trkpt lat="-27.598844" lon="152.891995"><ele>19.4</ele><time>2026-01-01T06:15:11Z</time></trkpt>
<trkpt lat="-27.598931" lon="152.892142"><ele>19.6</ele><time>2026-01-01T06:15:13Z</time></trkpt>
<trkpt lat="-27.599004" lon="152.892259"><ele>19.7</ele><time>2026-01-01T06:15:15Z</time></trkpt>
<trkpt lat="-27.59937" lon="152.892753"><ele>20.1</ele><time>2026-01-01T06:15:23Z</time></trkpt>
<trkpt lat="-27.599627" lon="152.893076"><ele>20.1</ele><time>2026-01-01T06:15:29Z</time></trkpt>
<trkpt lat="-27.599728" lon="152.893204"><ele>20.1</ele><time>2026-01-01T06:15:31Z</time></trkpt>
<trkpt lat="-27.599919" lon="152.89342"><ele>20.1</ele><time>2026-01-01T06:15:35Z</time></trkpt>
<trkpt lat="-27.600079" lon="152.893594"><ele>19.9</ele><time>2026-01-01T06:15:38Z</time></trkpt>
<trkpt lat="-27.600184" lon="152.893708"><ele>19.7</ele><time>2026-01-01T06:15:40Z</time></trkpt>
<trkpt lat="-27.600539" lon="152.894056"><ele>18.6</ele><time>2026-01-01T06:15:46Z</time></trkpt>
<trkpt lat="-27.600604" lon="152.894114"><ele>18.5</ele><time>2026-01-01T06:15:47Z</time></trkpt>
<trkpt lat="-27.600933" lon="152.894395"><ele>17.9</ele><time>2026-01-01T06:15:52Z</time></trkpt>
<trkpt lat="-27.601058" lon="152.894501"><ele>17.8</ele><time>2026-01-01T06:15:54Z</time></trkpt>
<trkpt lat="-27.601456" lon="152.894807"><ele>17.6</ele><time>2026-01-01T06:16:00Z</time></trkpt>
<trkpt lat="-27.601904" lon="152.895165"><ele>17.6</ele><time>2026-01-01T06:16:07Z</time></trkpt>
<trkpt lat="-27.602348" lon="152.89553"><ele>17.4</ele><time>2026-01-01T06:16:14Z</time></trkpt>
<trkpt lat="-27.602708" lon="152.895939"><ele>16.7</ele><time>2026-01-01T06:16:20Z</time></trkpt>
<trkpt lat="-27.602973" lon="152.896272"><ele>16.3</ele><time>2026-01-01T06:16:25Z</time></trkpt>
<trkpt lat="-27.603083" lon="152.896403"><ele>16.3</ele><time>2026-01-01T06:16:27Z</time></trkpt>
<trkpt lat="-27.60333" lon="152.896703"><ele>16.1</ele><time>2026-01-01T06:16:32Z</time></trkpt>
<trkpt lat="-27.603641" lon="152.897092"><ele>15.8</ele><time>2026-01-01T06:16:38Z</time></trkpt>
<trkpt lat="-27.60393" lon="152.897497"><ele>15.6</ele><time>2026-01-01T06:16:43Z</time></trkpt>
<trkpt lat="-27.604195" lon="152.897938"><ele>15.1</ele><time>2026-01-01T06:16:49Z</time></trkpt>
<trkpt lat="-27.604243" lon="152.898017"><ele>15</ele><time>2026-01-01T06:16:50Z</time></trkpt>
<trkpt lat="-27.604393" lon="152.898274"><ele>14.8</ele><time>2026-01-01T06:16:53Z</time></trkpt>
<trkpt lat="-27.604526" lon="152.898502"><ele>14.6</ele><time>2026-01-01T06:16:56Z</time></trkpt>
<trkpt lat="-27.604629" lon="152.898674"><ele>14.6</ele><time>2026-01-01T06:16:58Z</time></trkpt>
<trkpt lat="-27.604675" lon="152.89875"><ele>14.5</ele><time>2026-01-01T06:16:59Z</time></trkpt>
<trkpt lat="-27.604943" lon="152.899184"><ele>14.2</ele><time>2026-01-01T06:17:05Z</time></trkpt>
<trkpt lat="-27.605148" lon="152.899551"><ele>13.3</ele><time>2026-01-01T06:17:10Z</time></trkpt>
<trkpt lat="-27.605179" lon="152.899633"><ele>13</ele><time>2026-01-01T06:17:11Z</time></trkpt>
<trkpt lat="-27.605241" lon="152.899806"><ele>12.5</ele><time>2026-01-01T06:17:13Z</time></trkpt>
<trkpt lat="-27.605353" lon="152.900163"><ele>11.7</ele><time>2026-01-01T06:17:17Z</time></trkpt>
<trkpt lat="-27.605381" lon="152.900258"><ele>11.5</ele><time>2026-01-01T06:17:18Z</time></trkpt>
<trkpt lat="-27.605556" lon="152.900922"><ele>12</ele><time>2026-01-01T06:17:25Z</time></trkpt>
<trkpt lat="-27.605575" lon="152.901006"><ele>12.4</ele><time>2026-01-01T06:17:26Z</time></trkpt>
<trkpt lat="-27.605596" lon="152.901086"><ele>12.8</ele><time>2026-01-01T06:17:27Z</time></trkpt>
<trkpt lat="-27.605677" lon="152.901357"><ele>13.8</ele><time>2026-01-01T06:17:31Z</time></trkpt>
<trkpt lat="-27.605723" lon="152.901558"><ele>14.3</ele><time>2026-01-01T06:17:34Z</time></trkpt>
<trkpt lat="-27.60576" lon="152.90175"><ele>14.6</ele><time>2026-01-01T06:17:37Z</time></trkpt>
<trkpt lat="-27.60577" lon="152.901813"><ele>14.7</ele><time>2026-01-01T06:17:38Z</time></trkpt>
<trkpt lat="-27.605824" lon="152.902056"><ele>14.8</ele><time>2026-01-01T06:17:42Z</time></trkpt>
<trkpt lat="-27.605836" lon="152.902121"><ele>14.9</ele><time>2026-01-01T06:17:43Z</time></trkpt>
<trkpt lat="-27.605849" lon="152.902188"><ele>15</ele><time>2026-01-01T06:17:44Z</time></trkpt>
<trkpt lat="-27.605951" lon="152.902661"><ele>15.4</ele><time>2026-01-01T06:17:51Z</time></trkpt>
<trkpt lat="-27.606011" lon="152.902943"><ele>15.7</ele><time>2026-01-01T06:17:55Z</time></trkpt>
<trkpt lat="-27.606061" lon="152.903217"><ele>15.9</ele><time>2026-01-01T06:17:59Z</time></trkpt>
<trkpt lat="-27.606084" lon="152.903357"><ele>16</ele><time>2026-01-01T06:18:01Z</time></trkpt>
<trkpt lat="-27.606105" lon="152.903503"><ele>16.1</ele><time>2026-01-01T06:18:03Z</time></trkpt>
<trkpt lat="-27.606122" lon="152.90365"><ele>16.2</ele><time>2026-01-01T06:18:05Z</time></trkpt>
<trkpt lat="-27.606129" lon="152.903793"><ele>16.2</ele><time>2026-01-01T06:18:07Z</time></trkpt>
<trkpt lat="-27.606134" lon="152.903865"><ele>16.3</ele><time>2026-01-01T06:18:08Z</time></trkpt>
<trkpt lat="-27.606186" lon="152.904555"><ele>16.5</ele><time>2026-01-01T06:18:17Z</time></trkpt>
<trkpt lat="-27.606195" lon="152.904618"><ele>16.6</ele><time>2026-01-01T06:18:18Z</time></trkpt>
<trkpt lat="-27.606227" lon="152.905141"><ele>16.5</ele><time>2026-01-01T06:18:25Z</time></trkpt>
<trkpt lat="-27.60625" lon="152.905727"><ele>15.9</ele><time>2026-01-01T06:18:33Z</time></trkpt>
<trkpt lat="-27.60626" lon="152.906081"><ele>15</ele><time>2026-01-01T06:18:37Z</time></trkpt>
<trkpt lat="-27.606267" lon="152.906259"><ele>14.3</ele><time>2026-01-01T06:18:39Z</time></trkpt>
<trkpt lat="-27.606274" lon="152.906448"><ele>13.7</ele><time>2026-01-01T06:18:41Z</time></trkpt>
<trkpt lat="-27.606276" lon="152.906545"><ele>13.3</ele><time>2026-01-01T06:18:42Z</time></trkpt>
<trkpt lat="-27.606283" lon="152.906843"><ele>12.5</ele><time>2026-01-01T06:18:45Z</time></trkpt>
<trkpt lat="-27.606297" lon="152.907123"><ele>11.9</ele><time>2026-01-01T06:18:48Z</time></trkpt>
<trkpt lat="-27.606303" lon="152.907441"><ele>11.4</ele><time>2026-01-01T06:18:51Z</time></trkpt>
<trkpt lat="-27.606321" lon="152.908073"><ele>11.1</ele><time>2026-01-01T06:18:57Z</time></trkpt>
<trkpt lat="-27.606331" lon="152.908486"><ele>10.9</ele><time>2026-01-01T06:19:01Z</time></trkpt>
<trkpt lat="-27.606342" lon="152.908878"><ele>10.8</ele><time>2026-01-01T06:19:05Z</time></trkpt>
<trkpt lat="-27.606348" lon="152.909162"><ele>10.8</ele><time>2026-01-01T06:19:08Z</time></trkpt>
<trkpt lat="-27.606365" lon="152.909653"><ele>10.7</ele><time>2026-01-01T06:19:13Z</time></trkpt>
<trkpt lat="-27.60636" lon="152.910279"><ele>10.7</ele><time>2026-01-01T06:19:20Z</time></trkpt>
<trkpt lat="-27.606363" lon="152.910369"><ele>10.9</ele><time>2026-01-01T06:19:21Z</time></trkpt>
<trkpt lat="-27.60638" lon="152.910722"><ele>11.8</ele><time>2026-01-01T06:19:25Z</time></trkpt>
<trkpt lat="-27.60639" lon="152.910862"><ele>12.2</ele><time>2026-01-01T06:19:27Z</time></trkpt>
<trkpt lat="-27.606414" lon="152.911241"><ele>13.2</ele><time>2026-01-01T06:19:32Z</time></trkpt>
<trkpt lat="-27.606421" lon="152.911312"><ele>13.3</ele><time>2026-01-01T06:19:33Z</time></trkpt>
<trkpt lat="-27.606446" lon="152.911595"><ele>13.9</ele><time>2026-01-01T06:19:37Z</time></trkpt>
<trkpt lat="-27.606452" lon="152.911804"><ele>14.6</ele><time>2026-01-01T06:19:40Z</time></trkpt>
<trkpt lat="-27.606453" lon="152.911944"><ele>14.9</ele><time>2026-01-01T06:19:42Z</time></trkpt>
<trkpt lat="-27.606445" lon="152.912097"><ele>15.5</ele><time>2026-01-01T06:19:44Z</time></trkpt>
<trkpt lat="-27.606439" lon="152.912165"><ele>15.7</ele><time>2026-01-01T06:19:45Z</time></trkpt>
<trkpt lat="-27.606413" lon="152.912372"><ele>16.5</ele><time>2026-01-01T06:19:48Z</time></trkpt>
<trkpt lat="-27.606388" lon="152.912506"><ele>17</ele><time>2026-01-01T06:19:50Z</time></trkpt>
<trkpt lat="-27.606284" lon="152.912885"><ele>18.3</ele><time>2026-01-01T06:19:56Z</time></trkpt>
<trkpt lat="-27.606132" lon="152.913256"><ele>19.8</ele><time>2026-01-01T06:20:02Z</time></trkpt>
<trkpt lat="-27.6061" lon="152.913316"><ele>20.1</ele><time>2026-01-01T06:20:03Z</time></trkpt>
<trkpt lat="-27.606023" lon="152.913498"><ele>20.8</ele><time>2026-01-01T06:20:06Z</time></trkpt>
<trkpt lat="-27.606" lon="152.913557"><ele>21</ele><time>2026-01-01T06:20:07Z</time></trkpt>
<trkpt lat="-27.605975" lon="152.913615"><ele>21.2</ele><time>2026-01-01T06:20:08Z</time></trkpt>
<trkpt lat="-27.605927" lon="152.91372"><ele>21.3</ele><time>2026-01-01T06:20:10Z</time></trkpt>
<trkpt lat="-27.605902" lon="152.91377"><ele>21.4</ele><time>2026-01-01T06:20:11Z</time></trkpt>
<trkpt lat="-27.605843" lon="152.91388"><ele>21.6</ele><time>2026-01-01T06:20:13Z</time></trkpt>
<trkpt lat="-27.605745" lon="152.914065"><ele>21.8</ele><time>2026-01-01T06:20:16Z</time></trkpt>
<trkpt lat="-27.605544" lon="152.914459"><ele>21.4</ele><time>2026-01-01T06:20:22Z</time></trkpt>
<trkpt lat="-27.605387" lon="152.914752"><ele>20.3</ele><time>2026-01-01T06:20:26Z</time></trkpt>
<trkpt lat="-27.605301" lon="152.914914"><ele>19.5</ele><time>2026-01-01T06:20:28Z</time></trkpt>
<trkpt lat="-27.605163" lon="152.915172"><ele>18.7</ele><time>2026-01-01T06:20:31Z</time></trkpt>
<trkpt lat="-27.605073" lon="152.91534"><ele>18.6</ele><time>2026-01-01T06:20:33Z</time></trkpt>
<trkpt lat="-27.604837" lon="152.9158"><ele>20.6</ele><time>2026-01-01T06:20:39Z</time></trkpt>
<trkpt lat="-27.604801" lon="152.915866"><ele>21.1</ele><time>2026-01-01T06:20:40Z</time></trkpt>
<trkpt lat="-27.604636" lon="152.916163"><ele>23.8</ele><time>2026-01-01T06:20:45Z</time></trkpt>
<trkpt lat="-27.604602" lon="152.916229"><ele>24.5</ele><time>2026-01-01T06:20:46Z</time></trkpt>
<trkpt lat="-27.604579" lon="152.916275"><ele>24.9</ele><time>2026-01-01T06:20:47Z</time></trkpt>
<trkpt lat="-27.60449" lon="152.916439"><ele>26.3</ele><time>2026-01-01T06:20:50Z</time></trkpt>
<trkpt lat="-27.604434" lon="152.916542"><ele>27</ele><time>2026-01-01T06:20:52Z</time></trkpt>
<trkpt lat="-27.604331" lon="152.916709"><ele>28</ele><time>2026-01-01T06:20:55Z</time></trkpt>
<trkpt lat="-27.604244" lon="152.916858"><ele>28.8</ele><time>2026-01-01T06:20:58Z</time></trkpt>
<trkpt lat="-27.603991" lon="152.917229"><ele>30.3</ele><time>2026-01-01T06:21:05Z</time></trkpt>
<trkpt lat="-27.603724" lon="152.917523"><ele>30.9</ele><time>2026-01-01T06:21:11Z</time></trkpt>
<trkpt lat="-27.603678" lon="152.917568"><ele>31</ele><time>2026-01-01T06:21:12Z</time></trkpt>
<trkpt lat="-27.603593" lon="152.917645"><ele>31</ele><time>2026-01-01T06:21:14Z</time></trkpt>
<trkpt lat="-27.603389" lon="152.917824"><ele>30.9</ele><time>2026-01-01T06:21:18Z</time></trkpt>
<trkpt lat="-27.60293" lon="152.918259"><ele>30</ele><time>2026-01-01T06:21:27Z</time></trkpt>
<trkpt lat="-27.602876" lon="152.918308"><ele>29.8</ele><time>2026-01-01T06:21:28Z</time></trkpt>
<trkpt lat="-27.602431" lon="152.918664"><ele>29</ele><time>2026-01-01T06:21:36Z</time></trkpt>
<trkpt lat="-27.602314" lon="152.918732"><ele>28.9</ele><time>2026-01-01T06:21:38Z</time></trkpt>
<trkpt lat="-27.602252" lon="152.918765"><ele>28.9</ele><time>2026-01-01T06:21:39Z</time></trkpt>
<trkpt lat="-27.602067" lon="152.918867"><ele>29</ele><time>2026-01-01T06:21:42Z</time></trkpt>
<trkpt lat="-27.601559" lon="152.919088"><ele>29.1</ele><time>2026-01-01T06:21:51Z</time></trkpt>
<trkpt lat="-27.601289" lon="152.919203"><ele>29.2</ele><time>2026-01-01T06:21:56Z</time></trkpt>
<trkpt lat="-27.600828" lon="152.919372"><ele>29</ele><time>2026-01-01T06:22:04Z</time></trkpt>
<trkpt lat="-27.600596" lon="152.919451"><ele>28.8</ele><time>2026-01-01T06:22:08Z</time></trkpt>
<trkpt lat="-27.600489" lon="152.919499"><ele>28.7</ele><time>2026-01-01T06:22:10Z</time></trkpt>
<trkpt lat="-27.600306" lon="152.919576"><ele>28.5</ele><time>2026-01-01T06:22:13Z</time></trkpt>
<trkpt lat="-27.60024" lon="152.9196"><ele>28.4</ele><time>2026-01-01T06:22:14Z</time></trkpt>
<trkpt lat="-27.600173" lon="152.919622"><ele>28.3</ele><time>2026-01-01T06:22:15Z</time></trkpt>
<trkpt lat="-27.600045" lon="152.919671"><ele>28.1</ele><time>2026-01-01T06:22:17Z</time></trkpt>
<trkpt lat="-27.599839" lon="152.919742"><ele>27.8</ele><time>2026-01-01T06:22:20Z</time></trkpt>
<trkpt lat="-27.599696" lon="152.919791"><ele>27.6</ele><time>2026-01-01T06:22:22Z</time></trkpt>
<trkpt lat="-27.599626" lon="152.919817"><ele>27.4</ele><time>2026-01-01T06:22:23Z</time></trkpt>
<trkpt lat="-27.599552" lon="152.919843"><ele>27.3</ele><time>2026-01-01T06:22:24Z</time></trkpt>
<trkpt lat="-27.599403" lon="152.919895"><ele>26.9</ele><time>2026-01-01T06:22:26Z</time></trkpt>
<trkpt lat="-27.599336" lon="152.919919"><ele>26.7</ele><time>2026-01-01T06:22:27Z</time></trkpt>
<trkpt lat="-27.599199" lon="152.919967"><ele>26.4</ele><time>2026-01-01T06:22:29Z</time></trkpt>
<trkpt lat="-27.599126" lon="152.919993"><ele>26.3</ele><time>2026-01-01T06:22:30Z</time></trkpt>
<trkpt lat="-27.598983" lon="152.920043"><ele>26</ele><time>2026-01-01T06:22:32Z</time></trkpt>
<trkpt lat="-27.598456" lon="152.920218"><ele>24.9</ele><time>2026-01-01T06:22:39Z</time></trkpt>
<trkpt lat="-27.598214" lon="152.920317"><ele>24.7</ele><time>2026-01-01T06:22:42Z</time></trkpt>
<trkpt lat="-27.598056" lon="152.920385"><ele>24.5</ele><time>2026-01-01T06:22:44Z</time></trkpt>
<trkpt lat="-27.597592" lon="152.920557"><ele>24.2</ele><time>2026-01-01T06:22:50Z</time></trkpt>
<trkpt lat="-27.597299" lon="152.920666"><ele>24.2</ele><time>2026-01-01T06:22:54Z</time></trkpt>
<trkpt lat="-27.597084" lon="152.920742"><ele>24.4</ele><time>2026-01-01T06:22:57Z</time></trkpt>
<trkpt lat="-27.59651" lon="152.920945"><ele>24.6</ele><time>2026-01-01T06:23:05Z</time></trkpt>
<trkpt lat="-27.59644" lon="152.920964"><ele>24.6</ele><time>2026-01-01T06:23:06Z</time></trkpt>
<trkpt lat="-27.596367" lon="152.920974"><ele>24.6</ele><time>2026-01-01T06:23:07Z</time></trkpt>
<trkpt lat="-27.596212" lon="152.920992"><ele>24.7</ele><time>2026-01-01T06:23:09Z</time></trkpt>
<trkpt lat="-27.596137" lon="152.921012"><ele>24.7</ele><time>2026-01-01T06:23:10Z</time></trkpt>
<trkpt lat="-27.596059" lon="152.921034"><ele>24.7</ele><time>2026-01-01T06:23:11Z</time></trkpt>
<trkpt lat="-27.595612" lon="152.921162"><ele>24.8</ele><time>2026-01-01T06:23:17Z</time></trkpt>
<trkpt lat="-27.595478" lon="152.921205"><ele>24.8</ele><time>2026-01-01T06:23:19Z</time></trkpt>
<trkpt lat="-27.595057" lon="152.921368"><ele>25</ele><time>2026-01-01T06:23:25Z</time></trkpt>
<trkpt lat="-27.594541" lon="152.921563"><ele>25.1</ele><time>2026-01-01T06:23:32Z</time></trkpt>
<trkpt lat="-27.594173" lon="152.921705"><ele>24.8</ele><time>2026-01-01T06:23:37Z</time></trkpt>
<trkpt lat="-27.593949" lon="152.921788"><ele>24.5</ele><time>2026-01-01T06:23:40Z</time></trkpt>
<trkpt lat="-27.593874" lon="152.921816"><ele>24.4</ele><time>2026-01-01T06:23:41Z</time></trkpt>
<trkpt lat="-27.593799" lon="152.921842"><ele>24.3</ele><time>2026-01-01T06:23:42Z</time></trkpt>
<trkpt lat="-27.593323" lon="152.922007"><ele>23.5</ele><time>2026-01-01T06:23:48Z</time></trkpt>
<trkpt lat="-27.593162" lon="152.922064"><ele>23.2</ele><time>2026-01-01T06:23:50Z</time></trkpt>
<trkpt lat="-27.592762" lon="152.922225"><ele>22.6</ele><time>2026-01-01T06:23:55Z</time></trkpt>
<trkpt lat="-27.592679" lon="152.922251"><ele>22.5</ele><time>2026-01-01T06:23:56Z</time></trkpt>
<trkpt lat="-27.59251" lon="152.922298"><ele>22.5</ele><time>2026-01-01T06:23:58Z</time></trkpt>
<trkpt lat="-27.592433" lon="152.922334"><ele>22.3</ele><time>2026-01-01T06:23:59Z</time></trkpt>
<trkpt lat="-27.592358" lon="152.922373"><ele>22.2</ele><time>2026-01-01T06:24:00Z</time></trkpt>
<trkpt lat="-27.592209" lon="152.922438"><ele>22</ele><time>2026-01-01T06:24:02Z</time></trkpt>
<trkpt lat="-27.592053" lon="152.922495"><ele>21.8</ele><time>2026-01-01T06:24:04Z</time></trkpt>
<trkpt lat="-27.591591" lon="152.922662"><ele>21.3</ele><time>2026-01-01T06:24:10Z</time></trkpt>
<trkpt lat="-27.591226" lon="152.922799"><ele>21.3</ele><time>2026-01-01T06:24:15Z</time></trkpt>
<trkpt lat="-27.591091" lon="152.92285"><ele>21.3</ele><time>2026-01-01T06:24:17Z</time></trkpt>
<trkpt lat="-27.590963" lon="152.922902"><ele>21.3</ele><time>2026-01-01T06:24:19Z</time></trkpt>
<trkpt lat="-27.59065" lon="152.923032"><ele>21.1</ele><time>2026-01-01T06:24:24Z</time></trkpt>
<trkpt lat="-27.59059" lon="152.92306"><ele>21</ele><time>2026-01-01T06:24:25Z</time></trkpt>
<trkpt lat="-27.590452" lon="152.923124"><ele>20.8</ele><time>2026-01-01T06:24:27Z</time></trkpt>
<trkpt lat="-27.590384" lon="152.923152"><ele>20.7</ele><time>2026-01-01T06:24:28Z</time></trkpt>
<trkpt lat="-27.590332" lon="152.923174"><ele>20.6</ele><time>2026-01-01T06:24:29Z</time></trkpt>
<trkpt lat="-27.590266" lon="152.923199"><ele>20.5</ele><time>2026-01-01T06:24:30Z</time></trkpt>
<trkpt lat="-27.59007" lon="152.923285"><ele>20.2</ele><time>2026-01-01T06:24:33Z</time></trkpt>
<trkpt lat="-27.589818" lon="152.923402"><ele>20</ele><time>2026-01-01T06:24:37Z</time></trkpt>
<trkpt lat="-27.589431" lon="152.923566"><ele>19.7</ele><time>2026-01-01T06:24:43Z</time></trkpt>
<trkpt lat="-27.588917" lon="152.923801"><ele>19.7</ele><time>2026-01-01T06:24:51Z</time></trkpt>
<trkpt lat="-27.58867" lon="152.923909"><ele>19.7</ele><time>2026-01-01T06:24:55Z</time></trkpt>
<trkpt lat="-27.5885" lon="152.923985"><ele>19.7</ele><time>2026-01-01T06:24:58Z</time></trkpt>
<trkpt lat="-27.588262" lon="152.924089"><ele>19.8</ele><time>2026-01-01T06:25:03Z</time></trkpt>
<trkpt lat="-27.588227" lon="152.924101"><ele>19.8</ele><time>2026-01-01T06:25:05Z</time></trkpt>
<trkpt lat="-27.58822" lon="152.924104"><ele>19.8</ele><time>2026-01-01T06:25:06Z</time></trkpt>
<trkpt lat="-27.588216" lon="152.924108"><ele>19.8</ele><time>2026-01-01T06:25:07Z</time></trkpt>
<trkpt lat="-27.588159" lon="152.924156"><ele>19.8</ele><time>2026-01-01T06:25:11Z</time></trkpt>
<trkpt lat="-27.588151" lon="152.92425"><ele>19.8</ele><time>2026-01-01T06:25:13Z</time></trkpt>
<trkpt lat="-27.588275" lon="152.924519"><ele>19.6</ele><time>2026-01-01T06:25:18Z</time></trkpt>
<trkpt lat="-27.588289" lon="152.924685"><ele>19.6</ele><time>2026-01-01T06:25:22Z</time></trkpt>
<trkpt lat="-27.588254" lon="152.924698"><ele>19.7</ele><time>2026-01-01T06:25:25Z</time></trkpt>
<trkpt lat="-27.588255" lon="152.924682"><ele>19.7</ele><time>2026-01-01T06:25:26Z</time></trkpt>
<trkpt lat="-27.588282" lon="152.924654"><ele>19.7</ele><time>2026-01-01T06:25:28Z</time></trkpt>
<trkpt lat="-27.588367" lon="152.924734"><ele>19.6</ele><time>2026-01-01T06:25:31Z</time></trkpt>
<trkpt lat="-27.588513" lon="152.925038"><ele>19.1</ele><time>2026-01-01T06:25:36Z</time></trkpt>
<trkpt lat="-27.58854" lon="152.925095"><ele>19.1</ele><time>2026-01-01T06:25:37Z</time></trkpt>
<trkpt lat="-27.58858" lon="152.925247"><ele>18.9</ele><time>2026-01-01T06:25:40Z</time></trkpt>
<trkpt lat="-27.588587" lon="152.925356"><ele>18.8</ele><time>2026-01-01T06:25:43Z</time></trkpt>
<trkpt lat="-27.588568" lon="152.925381"><ele>18.6</ele><time>2026-01-01T06:25:44Z</time></trkpt>
<trkpt lat="-27.588524" lon="152.925402"><ele>18.4</ele><time>2026-01-01T06:25:45Z</time></trkpt>
<trkpt lat="-27.588406" lon="152.92546"><ele>17.9</ele><time>2026-01-01T06:25:47Z</time></trkpt>
<trkpt lat="-27.58821" lon="152.925561"><ele>17.3</ele><time>2026-01-01T06:25:50Z</time></trkpt>
<trkpt lat="-27.588092" lon="152.925641"><ele>17.2</ele><time>2026-01-01T06:25:52Z</time></trkpt>
<trkpt lat="-27.588032" lon="152.925688"><ele>17.1</ele><time>2026-01-01T06:25:53Z</time></trkpt>
<trkpt lat="-27.587915" lon="152.925766"><ele>17.1</ele><time>2026-01-01T06:25:55Z</time></trkpt>
<trkpt lat="-27.587766" lon="152.925849"><ele>17.1</ele><time>2026-01-01T06:25:58Z</time></trkpt>
<trkpt lat="-27.587628" lon="152.92597"><ele>17.2</ele><time>2026-01-01T06:26:01Z</time></trkpt>
<trkpt lat="-27.587558" lon="152.926067"><ele>17.2</ele><time>2026-01-01T06:26:03Z</time></trkpt>
<trkpt lat="-27.587505" lon="152.926188"><ele>17.2</ele><time>2026-01-01T06:26:05Z</time></trkpt>
<trkpt lat="-27.587445" lon="152.926385"><ele>17.3</ele><time>2026-01-01T06:26:08Z</time></trkpt>
<trkpt lat="-27.587434" lon="152.926445"><ele>17.3</ele><time>2026-01-01T06:26:09Z</time></trkpt>
<trkpt lat="-27.587423" lon="152.92661"><ele>17.3</ele><time>2026-01-01T06:26:12Z</time></trkpt>
<trkpt lat="-27.587417" lon="152.926662"><ele>17.4</ele><time>2026-01-01T06:26:13Z</time></trkpt>
<trkpt lat="-27.587408" lon="152.926712"><ele>17.4</ele><time>2026-01-01T06:26:14Z</time></trkpt>
<trkpt lat="-27.587388" lon="152.92676"><ele>17.4</ele><time>2026-01-01T06:26:15Z</time></trkpt>
<trkpt lat="-27.587365" lon="152.9268"><ele>17.4</ele><time>2026-01-01T06:26:16Z</time></trkpt>
<trkpt lat="-27.587318" lon="152.926859"><ele>17.4</ele><time>2026-01-01T06:26:17Z</time></trkpt>
<trkpt lat="-27.587201" lon="152.926948"><ele>17.4</ele><time>2026-01-01T06:26:19Z</time></trkpt>
<trkpt lat="-27.586949" lon="152.927085"><ele>17.4</ele><time>2026-01-01T06:26:23Z</time></trkpt>
<trkpt lat="-27.586886" lon="152.927129"><ele>17.4</ele><time>2026-01-01T06:26:24Z</time></trkpt>
<trkpt lat="-27.586765" lon="152.927236"><ele>17.3</ele><time>2026-01-01T06:26:26Z</time></trkpt>
<trkpt lat="-27.586656" lon="152.927372"><ele>17.1</ele><time>2026-01-01T06:26:28Z</time></trkpt>
<trkpt lat="-27.586477" lon="152.927646"><ele>17.2</ele><time>2026-01-01T06:26:32Z</time></trkpt>
<trkpt lat="-27.586432" lon="152.92771"><ele>17.3</ele><time>2026-01-01T06:26:33Z</time></trkpt>
<trkpt lat="-27.586385" lon="152.927769"><ele>17.4</ele><time>2026-01-01T06:26:34Z</time></trkpt>
<trkpt lat="-27.586248" lon="152.927929"><ele>17.9</ele><time>2026-01-01T06:26:37Z</time></trkpt>
<trkpt lat="-27.586115" lon="152.928073"><ele>18.3</ele><time>2026-01-01T06:26:40Z</time></trkpt>
<trkpt lat="-27.585911" lon="152.928281"><ele>18.9</ele><time>2026-01-01T06:26:45Z</time></trkpt>
<trkpt lat="-27.585811" lon="152.928367"><ele>19.1</ele><time>2026-01-01T06:26:47Z</time></trkpt>
<trkpt lat="-27.585484" lon="152.928644"><ele>19.5</ele><time>2026-01-01T06:26:53Z</time></trkpt>
<trkpt lat="-27.58512" lon="152.928986"><ele>19.6</ele><time>2026-01-01T06:27:00Z</time></trkpt>
<trkpt lat="-27.584727" lon="152.929414"><ele>19.8</ele><time>2026-01-01T06:27:08Z</time></trkpt>
<trkpt lat="-27.584476" lon="152.929692"><ele>20.1</ele><time>2026-01-01T06:27:13Z</time></trkpt>
<trkpt lat="-27.584298" lon="152.929917"><ele>20.6</ele><time>2026-01-01T06:27:17Z</time></trkpt>
<trkpt lat="-27.584083" lon="152.930182"><ele>21.2</ele><time>2026-01-01T06:27:22Z</time></trkpt>
<trkpt lat="-27.584004" lon="152.930293"><ele>21.6</ele><time>2026-01-01T06:27:24Z</time></trkpt>
<trkpt lat="-27.583745" lon="152.930668"><ele>23</ele><time>2026-01-01T06:27:31Z</time></trkpt>
<trkpt lat="-27.583677" lon="152.930777"><ele>23.5</ele><time>2026-01-01T06:27:33Z</time></trkpt>
<trkpt lat="-27.583465" lon="152.931104"><ele>25</ele><time>2026-01-01T06:27:39Z</time></trkpt>
<trkpt lat="-27.583366" lon="152.931254"><ele>25.8</ele><time>2026-01-01T06:27:42Z</time></trkpt>
<trkpt lat="-27.583333" lon="152.931307"><ele>26.1</ele><time>2026-01-01T06:27:43Z</time></trkpt>
<trkpt lat="-27.583225" lon="152.931468"><ele>26.9</ele><time>2026-01-01T06:27:46Z</time></trkpt>
<trkpt lat="-27.583192" lon="152.93152"><ele>27.1</ele><time>2026-01-01T06:27:47Z</time></trkpt>
<trkpt lat="-27.583057" lon="152.931729"><ele>28.2</ele><time>2026-01-01T06:27:51Z</time></trkpt>
<trkpt lat="-27.582919" lon="152.931938"><ele>29.2</ele><time>2026-01-01T06:27:55Z</time></trkpt>
<trkpt lat="-27.582883" lon="152.931991"><ele>29.5</ele><time>2026-01-01T06:27:56Z</time></trkpt>
<trkpt lat="-27.582715" lon="152.932266"><ele>30.8</ele><time>2026-01-01T06:28:01Z</time></trkpt>
<trkpt lat="-27.582648" lon="152.932374"><ele>31.4</ele><time>2026-01-01T06:28:03Z</time></trkpt>
<trkpt lat="-27.582508" lon="152.932592"><ele>32.4</ele><time>2026-01-01T06:28:07Z</time></trkpt>
<trkpt lat="-27.582437" lon="152.932701"><ele>32.9</ele><time>2026-01-01T06:28:09Z</time></trkpt>
<trkpt lat="-27.582366" lon="152.932813"><ele>33.5</ele><time>2026-01-01T06:28:11Z</time></trkpt>
<trkpt lat="-27.5823" lon="152.932925"><ele>34</ele><time>2026-01-01T06:28:13Z</time></trkpt>
<trkpt lat="-27.582266" lon="152.932978"><ele>34.2</ele><time>2026-01-01T06:28:14Z</time></trkpt>
<trkpt lat="-27.582085" lon="152.933266"><ele>35.3</ele><time>2026-01-01T06:28:19Z</time></trkpt>
<trkpt lat="-27.58205" lon="152.933323"><ele>35.4</ele><time>2026-01-01T06:28:20Z</time></trkpt>
<trkpt lat="-27.581977" lon="152.933435"><ele>35.6</ele><time>2026-01-01T06:28:22Z</time></trkpt>
<trkpt lat="-27.581689" lon="152.933881"><ele>35.6</ele><time>2026-01-01T06:28:30Z</time></trkpt>
<trkpt lat="-27.581346" lon="152.934417"><ele>34.2</ele><time>2026-01-01T06:28:39Z</time></trkpt>
<trkpt lat="-27.581299" lon="152.934496"><ele>33.8</ele><time>2026-01-01T06:28:40Z</time></trkpt>
<trkpt lat="-27.581085" lon="152.934846"><ele>31.7</ele><time>2026-01-01T06:28:45Z</time></trkpt>
<trkpt lat="-27.581037" lon="152.934926"><ele>31.1</ele><time>2026-01-01T06:28:46Z</time></trkpt>
<trkpt lat="-27.580925" lon="152.935097"><ele>29.9</ele><time>2026-01-01T06:28:48Z</time></trkpt>
<trkpt lat="-27.580769" lon="152.935347"><ele>28</ele><time>2026-01-01T06:28:51Z</time></trkpt>
<trkpt lat="-27.580653" lon="152.935523"><ele>26.6</ele><time>2026-01-01T06:28:53Z</time></trkpt>
<trkpt lat="-27.580597" lon="152.935613"><ele>26</ele><time>2026-01-01T06:28:54Z</time></trkpt>
<trkpt lat="-27.580424" lon="152.935893"><ele>24</ele><time>2026-01-01T06:28:57Z</time></trkpt>
<trkpt lat="-27.580261" lon="152.936161"><ele>22.4</ele><time>2026-01-01T06:29:00Z</time></trkpt>
<trkpt lat="-27.580085" lon="152.936452"><ele>21.1</ele><time>2026-01-01T06:29:03Z</time></trkpt>
<trkpt lat="-27.580027" lon="152.936543"><ele>20.8</ele><time>2026-01-01T06:29:04Z</time></trkpt>
<trkpt lat="-27.579919" lon="152.936729"><ele>20.2</ele><time>2026-01-01T06:29:06Z</time></trkpt>
<trkpt lat="-27.579812" lon="152.936919"><ele>20</ele><time>2026-01-01T06:29:08Z</time></trkpt>
<trkpt lat="-27.579654" lon="152.937199"><ele>20.2</ele><time>2026-01-01T06:29:11Z</time></trkpt>
<trkpt lat="-27.579602" lon="152.937293"><ele>20.3</ele><time>2026-01-01T06:29:12Z</time></trkpt>
<trkpt lat="-27.579343" lon="152.937735"><ele>20.4</ele><time>2026-01-01T06:29:17Z</time></trkpt>
<trkpt lat="-27.579302" lon="152.937801"><ele>20.6</ele><time>2026-01-01T06:29:18Z</time></trkpt>
<trkpt lat="-27.579204" lon="152.937973"><ele>21</ele><time>2026-01-01T06:29:20Z</time></trkpt>
<trkpt lat="-27.579117" lon="152.938125"><ele>21.5</ele><time>2026-01-01T06:29:22Z</time></trkpt>
<trkpt lat="-27.579077" lon="152.938197"><ele>21.8</ele><time>2026-01-01T06:29:23Z</time></trkpt>
<trkpt lat="-27.579035" lon="152.938267"><ele>22</ele><time>2026-01-01T06:29:24Z</time></trkpt>
<trkpt lat="-27.578994" lon="152.938334"><ele>22.1</ele><time>2026-01-01T06:29:25Z</time></trkpt>
<trkpt lat="-27.57892" lon="152.938462"><ele>22.4</ele><time>2026-01-01T06:29:27Z</time></trkpt>
<trkpt lat="-27.578885" lon="152.938525"><ele>22.6</ele><time>2026-01-01T06:29:28Z</time></trkpt>
<trkpt lat="-27.57885" lon="152.938589"><ele>22.9</ele><time>2026-01-01T06:29:29Z</time></trkpt>
<trkpt lat="-27.578815" lon="152.938654"><ele>23.1</ele><time>2026-01-01T06:29:30Z</time></trkpt>
<trkpt lat="-27.578741" lon="152.938784"><ele>23.5</ele><time>2026-01-01T06:29:32Z</time></trkpt>
<trkpt lat="-27.578594" lon="152.939039"><ele>24</ele><time>2026-01-01T06:29:36Z</time></trkpt>
<trkpt lat="-27.578524" lon="152.939167"><ele>24.2</ele><time>2026-01-01T06:29:38Z</time></trkpt>
<trkpt lat="-27.578491" lon="152.939231"><ele>24.2</ele><time>2026-01-01T06:29:39Z</time></trkpt>
<trkpt lat="-27.578361" lon="152.939468"><ele>23.9</ele><time>2026-01-01T06:29:43Z</time></trkpt>
<trkpt lat="-27.578322" lon="152.939549"><ele>23.8</ele><time>2026-01-01T06:29:44Z</time></trkpt>
<trkpt lat="-27.578295" lon="152.939603"><ele>23.6</ele><time>2026-01-01T06:29:45Z</time></trkpt>
<trkpt lat="-27.578254" lon="152.939685"><ele>23.4</ele><time>2026-01-01T06:29:46Z</time></trkpt>
<trkpt lat="-27.57809" lon="152.940029"><ele>22.3</ele><time>2026-01-01T06:29:51Z</time></trkpt>
<trkpt lat="-27.578031" lon="152.940165"><ele>21.9</ele><time>2026-01-01T06:29:53Z</time></trkpt>
<trkpt lat="-27.577829" lon="152.940665"><ele>20.6</ele><time>2026-01-01T06:29:59Z</time></trkpt>
<trkpt lat="-27.577739" lon="152.940922"><ele>20.1</ele><time>2026-01-01T06:30:02Z</time></trkpt>
<trkpt lat="-27.577596" lon="152.941352"><ele>19.8</ele><time>2026-01-01T06:30:07Z</time></trkpt>
<trkpt lat="-27.577511" lon="152.941605"><ele>19.7</ele><time>2026-01-01T06:30:10Z</time></trkpt>
<trkpt lat="-27.577383" lon="152.942014"><ele>19.3</ele><time>2026-01-01T06:30:15Z</time></trkpt>
<trkpt lat="-27.577354" lon="152.942095"><ele>19.3</ele><time>2026-01-01T06:30:16Z</time></trkpt>
<trkpt lat="-27.577174" lon="152.942562"><ele>19.5</ele><time>2026-01-01T06:30:22Z</time></trkpt>
<trkpt lat="-27.577144" lon="152.942633"><ele>19.6</ele><time>2026-01-01T06:30:23Z</time></trkpt>
<trkpt lat="-27.57711" lon="152.942703"><ele>19.6</ele><time>2026-01-01T06:30:24Z</time></trkpt>
<trkpt lat="-27.577005" lon="152.942892"><ele>19.7</ele><time>2026-01-01T06:30:27Z</time></trkpt>
<trkpt lat="-27.576927" lon="152.943013"><ele>19.8</ele><time>2026-01-01T06:30:29Z</time></trkpt>
<trkpt lat="-27.576886" lon="152.943074"><ele>19.8</ele><time>2026-01-01T06:30:30Z</time></trkpt>
<trkpt lat="-27.576848" lon="152.943132"><ele>19.8</ele><time>2026-01-01T06:30:31Z</time></trkpt>
<trkpt lat="-27.576764" lon="152.943229"><ele>19.9</ele><time>2026-01-01T06:30:33Z</time></trkpt>
<trkpt lat="-27.57668" lon="152.943329"><ele>20</ele><time>2026-01-01T06:30:35Z</time></trkpt>
<trkpt lat="-27.576615" lon="152.943385"><ele>20</ele><time>2026-01-01T06:30:37Z</time></trkpt>
<trkpt lat="-27.576581" lon="152.943407"><ele>20</ele><time>2026-01-01T06:30:38Z</time></trkpt>
<trkpt lat="-27.57655" lon="152.943434"><ele>20</ele><time>2026-01-01T06:30:39Z</time></trkpt>
<trkpt lat="-27.576485" lon="152.943548"><ele>20</ele><time>2026-01-01T06:30:42Z</time></trkpt>
<trkpt lat="-27.576316" lon="152.943701"><ele>20.5</ele><time>2026-01-01T06:30:48Z</time></trkpt>
<trkpt lat="-27.576237" lon="152.94376"><ele>20.9</ele><time>2026-01-01T06:30:50Z</time></trkpt>
<trkpt lat="-27.576083" lon="152.94386"><ele>21.9</ele><time>2026-01-01T06:30:54Z</time></trkpt>
<trkpt lat="-27.576037" lon="152.943883"><ele>22.2</ele><time>2026-01-01T06:30:55Z</time></trkpt>
<trkpt lat="-27.575943" lon="152.94394"><ele>22.8</ele><time>2026-01-01T06:30:57Z</time></trkpt>
<trkpt lat="-27.575851" lon="152.943988"><ele>23.3</ele><time>2026-01-01T06:30:59Z</time></trkpt>
<trkpt lat="-27.575801" lon="152.944001"><ele>23.6</ele><time>2026-01-01T06:31:00Z</time></trkpt>
<trkpt lat="-27.575601" lon="152.944045"><ele>24.4</ele><time>2026-01-01T06:31:04Z</time></trkpt>
<trkpt lat="-27.575517" lon="152.94406"><ele>24.7</ele><time>2026-01-01T06:31:06Z</time></trkpt>
<trkpt lat="-27.575469" lon="152.944071"><ele>24.8</ele><time>2026-01-01T06:31:07Z</time></trkpt>
<trkpt lat="-27.575212" lon="152.944083"><ele>25.6</ele><time>2026-01-01T06:31:12Z</time></trkpt>
<trkpt lat="-27.575163" lon="152.944082"><ele>25.8</ele><time>2026-01-01T06:31:13Z</time></trkpt>
<trkpt lat="-27.574807" lon="152.944093"><ele>27</ele><time>2026-01-01T06:31:21Z</time></trkpt>
<trkpt lat="-27.574653" lon="152.944095"><ele>27.5</ele><time>2026-01-01T06:31:24Z</time></trkpt>
<trkpt lat="-27.574562" lon="152.944096"><ele>27.8</ele><time>2026-01-01T06:31:26Z</time></trkpt>
<trkpt lat="-27.574404" lon="152.944098"><ele>28.2</ele><time>2026-01-01T06:31:29Z</time></trkpt>
<trkpt lat="-27.574133" lon="152.94409"><ele>29</ele><time>2026-01-01T06:31:34Z</time></trkpt>
<trkpt lat="-27.573854" lon="152.944082"><ele>29.8</ele><time>2026-01-01T06:31:39Z</time></trkpt>
<trkpt lat="-27.573801" lon="152.944081"><ele>29.9</ele><time>2026-01-01T06:31:40Z</time></trkpt>
<trkpt lat="-27.573636" lon="152.944082"><ele>30.4</ele><time>2026-01-01T06:31:43Z</time></trkpt>
<trkpt lat="-27.573357" lon="152.94408"><ele>31.1</ele><time>2026-01-01T06:31:48Z</time></trkpt>
<trkpt lat="-27.573123" lon="152.944072"><ele>31.6</ele><time>2026-01-01T06:31:52Z</time></trkpt>
<trkpt lat="-27.57283" lon="152.944062"><ele>32.2</ele><time>2026-01-01T06:31:57Z</time></trkpt>
<trkpt lat="-27.572582" lon="152.94405"><ele>32.5</ele><time>2026-01-01T06:32:01Z</time></trkpt>
<trkpt lat="-27.572343" lon="152.944045"><ele>32.7</ele><time>2026-01-01T06:32:05Z</time></trkpt>
<trkpt lat="-27.571987" lon="152.944016"><ele>32.8</ele><time>2026-01-01T06:32:11Z</time></trkpt>
<trkpt lat="-27.571752" lon="152.943992"><ele>32.7</ele><time>2026-01-01T06:32:15Z</time></trkpt>
<trkpt lat="-27.571448" lon="152.943954"><ele>32.5</ele><time>2026-01-01T06:32:20Z</time></trkpt>
<trkpt lat="-27.571326" lon="152.943937"><ele>32.3</ele><time>2026-01-01T06:32:22Z</time></trkpt>
<trkpt lat="-27.571266" lon="152.943928"><ele>32.3</ele><time>2026-01-01T06:32:23Z</time></trkpt>
<trkpt lat="-27.571087" lon="152.943902"><ele>32</ele><time>2026-01-01T06:32:26Z</time></trkpt>
<trkpt lat="-27.571027" lon="152.943892"><ele>32</ele><time>2026-01-01T06:32:27Z</time></trkpt>
<trkpt lat="-27.570678" lon="152.943836"><ele>31.3</ele><time>2026-01-01T06:32:33Z</time></trkpt>
<trkpt lat="-27.570615" lon="152.943828"><ele>31.2</ele><time>2026-01-01T06:32:34Z</time></trkpt>
<trkpt lat="-27.570008" lon="152.943746"><ele>29.7</ele><time>2026-01-01T06:32:43Z</time></trkpt>
<trkpt lat="-27.569935" lon="152.943734"><ele>29.5</ele><time>2026-01-01T06:32:44Z</time></trkpt>
<trkpt lat="-27.56971" lon="152.943692"><ele>28.8</ele><time>2026-01-01T06:32:47Z</time></trkpt>
<trkpt lat="-27.569633" lon="152.943676"><ele>28.6</ele><time>2026-01-01T06:32:48Z</time></trkpt>
<trkpt lat="-27.569556" lon="152.94366"><ele>28.3</ele><time>2026-01-01T06:32:49Z</time></trkpt>
<trkpt lat="-27.569302" lon="152.943599"><ele>27.2</ele><time>2026-01-01T06:32:52Z</time></trkpt>
<trkpt lat="-27.569211" lon="152.943579"><ele>26.8</ele><time>2026-01-01T06:32:53Z</time></trkpt>
<trkpt lat="-27.568838" lon="152.943513"><ele>25</ele><time>2026-01-01T06:32:57Z</time></trkpt>
<trkpt lat="-27.568741" lon="152.943495"><ele>24.5</ele><time>2026-01-01T06:32:58Z</time></trkpt>
<trkpt lat="-27.568644" lon="152.94348"><ele>24</ele><time>2026-01-01T06:32:59Z</time></trkpt>
<trkpt lat="-27.568547" lon="152.943456"><ele>23.4</ele><time>2026-01-01T06:33:00Z</time></trkpt>
<trkpt lat="-27.568347" lon="152.943388"><ele>22.4</ele><time>2026-01-01T06:33:02Z</time></trkpt>
<trkpt lat="-27.568243" lon="152.943353"><ele>21.8</ele><time>2026-01-01T06:33:03Z</time></trkpt>
<trkpt lat="-27.568033" lon="152.943289"><ele>20.9</ele><time>2026-01-01T06:33:05Z</time></trkpt>
<trkpt lat="-27.567811" lon="152.943222"><ele>20.1</ele><time>2026-01-01T06:33:07Z</time></trkpt>
<trkpt lat="-27.567696" lon="152.943181"><ele>19.7</ele><time>2026-01-01T06:33:08Z</time></trkpt>
<trkpt lat="-27.567582" lon="152.943141"><ele>19.4</ele><time>2026-01-01T06:33:09Z</time></trkpt>
<trkpt lat="-27.56705" lon="152.942928"><ele>18.2</ele><time>2026-01-01T06:33:14Z</time></trkpt>
<trkpt lat="-27.566951" lon="152.942884"><ele>18.1</ele><time>2026-01-01T06:33:15Z</time></trkpt>
<trkpt lat="-27.566785" lon="152.942801"><ele>18</ele><time>2026-01-01T06:33:17Z</time></trkpt>
<trkpt lat="-27.566503" lon="152.942669"><ele>17.8</ele><time>2026-01-01T06:33:20Z</time></trkpt>
<trkpt lat="-27.565938" lon="152.942411"><ele>17.7</ele><time>2026-01-01T06:33:27Z</time></trkpt>
<trkpt lat="-27.565553" lon="152.942231"><ele>17.5</ele><time>2026-01-01T06:33:32Z</time></trkpt>
<trkpt lat="-27.565406" lon="152.942173"><ele>17.5</ele><time>2026-01-01T06:33:34Z</time></trkpt>
<trkpt lat="-27.564912" lon="152.941952"><ele>17.7</ele><time>2026-01-01T06:33:41Z</time></trkpt>
<trkpt lat="-27.564777" lon="152.941894"><ele>17.9</ele><time>2026-01-01T06:33:43Z</time></trkpt>
<trkpt lat="-27.564525" lon="152.941779"><ele>18.3</ele><time>2026-01-01T06:33:47Z</time></trkpt>
<trkpt lat="-27.564389" lon="152.941713"><ele>18.6</ele><time>2026-01-01T06:33:49Z</time></trkpt>
<trkpt lat="-27.564272" lon="152.941649"><ele>18.9</ele><time>2026-01-01T06:33:51Z</time></trkpt>
<trkpt lat="-27.564215" lon="152.941614"><ele>19.1</ele><time>2026-01-01T06:33:52Z</time></trkpt>
<trkpt lat="-27.564046" lon="152.94151"><ele>19.8</ele><time>2026-01-01T06:33:55Z</time></trkpt>
<trkpt lat="-27.563986" lon="152.941478"><ele>20.1</ele><time>2026-01-01T06:33:56Z</time></trkpt>
<trkpt lat="-27.563928" lon="152.941448"><ele>20.4</ele><time>2026-01-01T06:33:57Z</time></trkpt>
<trkpt lat="-27.563704" lon="152.941341"><ele>21.4</ele><time>2026-01-01T06:34:01Z</time></trkpt>
<trkpt lat="-27.563555" lon="152.94126"><ele>22.2</ele><time>2026-01-01T06:34:04Z</time></trkpt>
<trkpt lat="-27.563504" lon="152.941231"><ele>22.5</ele><time>2026-01-01T06:34:05Z</time></trkpt>
<trkpt lat="-27.563456" lon="152.941204"><ele>22.8</ele><time>2026-01-01T06:34:06Z</time></trkpt>
<trkpt lat="-27.563293" lon="152.941132"><ele>23.8</ele><time>2026-01-01T06:34:09Z</time></trkpt>
<trkpt lat="-27.563242" lon="152.941111"><ele>24.1</ele><time>2026-01-01T06:34:10Z</time></trkpt>
<trkpt lat="-27.563112" lon="152.94103"><ele>24.9</ele><time>2026-01-01T06:34:13Z</time></trkpt>
<trkpt lat="-27.562976" lon="152.940961"><ele>25.8</ele><time>2026-01-01T06:34:16Z</time></trkpt>
<trkpt lat="-27.562932" lon="152.940938"><ele>26.1</ele><time>2026-01-01T06:34:17Z</time></trkpt>
<trkpt lat="-27.562798" lon="152.940869"><ele>26.9</ele><time>2026-01-01T06:34:20Z</time></trkpt>
<trkpt lat="-27.562708" lon="152.940833"><ele>27.4</ele><time>2026-01-01T06:34:22Z</time></trkpt>
<trkpt lat="-27.562618" lon="152.940791"><ele>27.9</ele><time>2026-01-01T06:34:24Z</time></trkpt>
<trkpt lat="-27.562435" lon="152.940711"><ele>28.9</ele><time>2026-01-01T06:34:28Z</time></trkpt>
<trkpt lat="-27.562354" lon="152.940673"><ele>29.4</ele><time>2026-01-01T06:34:30Z</time></trkpt>
<trkpt lat="-27.562267" lon="152.940636"><ele>29.9</ele><time>2026-01-01T06:34:32Z</time></trkpt>
<trkpt lat="-27.562171" lon="152.940582"><ele>30.5</ele><time>2026-01-01T06:34:34Z</time></trkpt>
<trkpt lat="-27.562093" lon="152.940529"><ele>31</ele><time>2026-01-01T06:34:36Z</time></trkpt>
<trkpt lat="-27.562048" lon="152.940499"><ele>31.2</ele><time>2026-01-01T06:34:37Z</time></trkpt>
<trkpt lat="-27.562009" lon="152.94048"><ele>31.4</ele><time>2026-01-01T06:34:38Z</time></trkpt>
<trkpt lat="-27.561915" lon="152.940441"><ele>31.9</ele><time>2026-01-01T06:34:40Z</time></trkpt>
<trkpt lat="-27.561786" lon="152.940369"><ele>32.6</ele><time>2026-01-01T06:34:43Z</time></trkpt>
<trkpt lat="-27.561741" lon="152.940346"><ele>32.9</ele><time>2026-01-01T06:34:44Z</time></trkpt>
<trkpt lat="-27.561697" lon="152.940322"><ele>33.1</ele><time>2026-01-01T06:34:45Z</time></trkpt>
<trkpt lat="-27.561537" lon="152.94024"><ele>34.1</ele><time>2026-01-01T06:34:48Z</time></trkpt>
<trkpt lat="-27.561406" lon="152.940181"><ele>34.9</ele><time>2026-01-01T06:34:51Z</time></trkpt>
<trkpt lat="-27.561365" lon="152.940156"><ele>35.2</ele><time>2026-01-01T06:34:52Z</time></trkpt>
<trkpt lat="-27.561236" lon="152.940103"><ele>36</ele><time>2026-01-01T06:34:55Z</time></trkpt>
<trkpt lat="-27.561194" lon="152.940081"><ele>36.3</ele><time>2026-01-01T06:34:56Z</time></trkpt>
<trkpt lat="-27.561105" lon="152.940041"><ele>36.8</ele><time>2026-01-01T06:34:58Z</time></trkpt>
<trkpt lat="-27.561057" lon="152.940025"><ele>37.1</ele><time>2026-01-01T06:34:59Z</time></trkpt>
<trkpt lat="-27.560962" lon="152.939993"><ele>37.8</ele><time>2026-01-01T06:35:01Z</time></trkpt>
<trkpt lat="-27.560929" lon="152.939988"><ele>38</ele><time>2026-01-01T06:35:02Z</time></trkpt>
<trkpt lat="-27.560887" lon="152.939977"><ele>38.2</ele><time>2026-01-01T06:35:03Z</time></trkpt>
<trkpt lat="-27.560761" lon="152.939905"><ele>39.1</ele><time>2026-01-01T06:35:06Z</time></trkpt>
<trkpt lat="-27.560637" lon="152.939825"><ele>39.8</ele><time>2026-01-01T06:35:09Z</time></trkpt>
<trkpt lat="-27.560475" lon="152.939721"><ele>40.4</ele><time>2026-01-01T06:35:13Z</time></trkpt>
<trkpt lat="-27.560432" lon="152.939694"><ele>40.5</ele><time>2026-01-01T06:35:14Z</time></trkpt>
<trkpt lat="-27.560204" lon="152.939483"><ele>41.2</ele><time>2026-01-01T06:35:20Z</time></trkpt>
<trkpt lat="-27.560177" lon="152.939451"><ele>41.3</ele><time>2026-01-01T06:35:21Z</time></trkpt>
<trkpt lat="-27.560068" lon="152.93928"><ele>41.9</ele><time>2026-01-01T06:35:25Z</time></trkpt>
<trkpt lat="-27.560037" lon="152.939242"><ele>42.1</ele><time>2026-01-01T06:35:26Z</time></trkpt>
<trkpt lat="-27.55995" lon="152.939166"><ele>42.5</ele><time>2026-01-01T06:35:28Z</time></trkpt>
<trkpt lat="-27.559875" lon="152.939114"><ele>42.9</ele><time>2026-01-01T06:35:30Z</time></trkpt>
<trkpt lat="-27.55978" lon="152.939056"><ele>43.4</ele><time>2026-01-01T06:35:32Z</time></trkpt>
<trkpt lat="-27.559709" lon="152.938982"><ele>43.9</ele><time>2026-01-01T06:35:34Z</time></trkpt>
<trkpt lat="-27.559678" lon="152.938942"><ele>44.1</ele><time>2026-01-01T06:35:35Z</time></trkpt>
<trkpt lat="-27.559619" lon="152.93887"><ele>44.4</ele><time>2026-01-01T06:35:37Z</time></trkpt>
<trkpt lat="-27.559496" lon="152.938807"><ele>44.8</ele><time>2026-01-01T06:35:40Z</time></trkpt>
<trkpt lat="-27.559355" lon="152.938805"><ele>45</ele><time>2026-01-01T06:35:43Z</time></trkpt>
<trkpt lat="-27.559277" lon="152.938811"><ele>45.1</ele><time>2026-01-01T06:35:45Z</time></trkpt>
<trkpt lat="-27.559277" lon="152.938811"><ele>45.1</ele><time>2026-01-01T06:35:51Z</time></trkpt>
<trkpt lat="-27.558777" lon="152.939062"><ele>45.4</ele><time>2026-01-01T06:35:56Z</time></trkpt>
<trkpt lat="-27.558755" lon="152.939089"><ele>45.4</ele><time>2026-01-01T06:35:57Z</time></trkpt>
<trkpt lat="-27.55858" lon="152.939269"><ele>44.9</ele><time>2026-01-01T06:36:02Z</time></trkpt>
<trkpt lat="-27.558438" lon="152.93936"><ele>43.8</ele><time>2026-01-01T06:36:05Z</time></trkpt>
<trkpt lat="-27.558235" lon="152.939481"><ele>42</ele><time>2026-01-01T06:36:08Z</time></trkpt>
<trkpt lat="-27.557837" lon="152.939699"><ele>39.4</ele><time>2026-01-01T06:36:13Z</time></trkpt>
<trkpt lat="-27.557661" lon="152.939777"><ele>38.8</ele><time>2026-01-01T06:36:15Z</time></trkpt>
<trkpt lat="-27.557498" lon="152.939833"><ele>38.5</ele><time>2026-01-01T06:36:17Z</time></trkpt>
<trkpt lat="-27.557314" lon="152.939875"><ele>38.3</ele><time>2026-01-01T06:36:19Z</time></trkpt>
<trkpt lat="-27.556781" lon="152.940003"><ele>37.4</ele><time>2026-01-01T06:36:25Z</time></trkpt>
<trkpt lat="-27.556698" lon="152.94002"><ele>37.2</ele><time>2026-01-01T06:36:26Z</time></trkpt>
<trkpt lat="-27.556192" lon="152.940124"><ele>35.9</ele><time>2026-01-01T06:36:32Z</time></trkpt>
<trkpt lat="-27.556001" lon="152.940168"><ele>35.3</ele><time>2026-01-01T06:36:34Z</time></trkpt>
<trkpt lat="-27.555743" lon="152.940225"><ele>34.5</ele><time>2026-01-01T06:36:37Z</time></trkpt>
<trkpt lat="-27.55543" lon="152.940288"><ele>33.3</ele><time>2026-01-01T06:36:40Z</time></trkpt>
<trkpt lat="-27.555239" lon="152.940308"><ele>32.5</ele><time>2026-01-01T06:36:42Z</time></trkpt>
<trkpt lat="-27.555033" lon="152.94034"><ele>31.7</ele><time>2026-01-01T06:36:44Z</time></trkpt>
<trkpt lat="-27.554817" lon="152.940381"><ele>30.9</ele><time>2026-01-01T06:36:46Z</time></trkpt>
<trkpt lat="-27.554342" lon="152.940478"><ele>28.9</ele><time>2026-01-01T06:36:51Z</time></trkpt>
<trkpt lat="-27.554071" lon="152.940542"><ele>27.9</ele><time>2026-01-01T06:36:54Z</time></trkpt>
<trkpt lat="-27.553888" lon="152.940587"><ele>27.2</ele><time>2026-01-01T06:36:56Z</time></trkpt>
<trkpt lat="-27.553713" lon="152.940629"><ele>26.5</ele><time>2026-01-01T06:36:58Z</time></trkpt>
<trkpt lat="-27.553504" lon="152.940671"><ele>25.6</ele><time>2026-01-01T06:37:00Z</time></trkpt>
<trkpt lat="-27.553134" lon="152.94072"><ele>24.1</ele><time>2026-01-01T06:37:04Z</time></trkpt>
<trkpt lat="-27.552673" lon="152.940779"><ele>22.9</ele><time>2026-01-01T06:37:09Z</time></trkpt>
<trkpt lat="-27.552377" lon="152.940868"><ele>22.9</ele><time>2026-01-01T06:37:12Z</time></trkpt>
<trkpt lat="-27.55221" lon="152.940915"><ele>23.1</ele><time>2026-01-01T06:37:14Z</time></trkpt>
<trkpt lat="-27.55207" lon="152.940954"><ele>23.3</ele><time>2026-01-01T06:37:16Z</time></trkpt>
<trkpt lat="-27.551996" lon="152.940971"><ele>23.5</ele><time>2026-01-01T06:37:17Z</time></trkpt>
<trkpt lat="-27.551579" lon="152.941039"><ele>24</ele><time>2026-01-01T06:37:23Z</time></trkpt>
<trkpt lat="-27.551389" lon="152.941053"><ele>24.4</ele><time>2026-01-01T06:37:26Z</time></trkpt>
<trkpt lat="-27.551326" lon="152.941063"><ele>24.6</ele><time>2026-01-01T06:37:27Z</time></trkpt>
<trkpt lat="-27.551201" lon="152.941078"><ele>24.8</ele><time>2026-01-01T06:37:29Z</time></trkpt>
<trkpt lat="-27.551142" lon="152.941086"><ele>24.9</ele><time>2026-01-01T06:37:30Z</time></trkpt>
<trkpt lat="-27.551033" lon="152.941098"><ele>25.1</ele><time>2026-01-01T06:37:32Z</time></trkpt>
<trkpt lat="-27.550822" lon="152.941122"><ele>25.8</ele><time>2026-01-01T06:37:36Z</time></trkpt>
<trkpt lat="-27.550607" lon="152.941146"><ele>26.5</ele><time>2026-01-01T06:37:40Z</time></trkpt>
<trkpt lat="-27.550391" lon="152.941163"><ele>27.3</ele><time>2026-01-01T06:37:44Z</time></trkpt>
<trkpt lat="-27.550334" lon="152.941166"><ele>27.6</ele><time>2026-01-01T06:37:45Z</time></trkpt>
<trkpt lat="-27.550065" lon="152.941186"><ele>28.6</ele><time>2026-01-01T06:37:50Z</time></trkpt>
<trkpt lat="-27.550012" lon="152.941187"><ele>28.8</ele><time>2026-01-01T06:37:51Z</time></trkpt>
<trkpt lat="-27.549906" lon="152.941188"><ele>29.2</ele><time>2026-01-01T06:37:53Z</time></trkpt>
<trkpt lat="-27.549585" lon="152.941187"><ele>30.5</ele><time>2026-01-01T06:37:59Z</time></trkpt>
<trkpt lat="-27.54953" lon="152.941183"><ele>30.7</ele><time>2026-01-01T06:38:00Z</time></trkpt>
<trkpt lat="-27.54937" lon="152.941167"><ele>31.1</ele><time>2026-01-01T06:38:03Z</time></trkpt>
<trkpt lat="-27.549213" lon="152.941145"><ele>31.5</ele><time>2026-01-01T06:38:06Z</time></trkpt>
<trkpt lat="-27.548994" lon="152.9411"><ele>31.6</ele><time>2026-01-01T06:38:10Z</time></trkpt>
<trkpt lat="-27.548537" lon="152.941008"><ele>31.2</ele><time>2026-01-01T06:38:18Z</time></trkpt>
<trkpt lat="-27.548113" lon="152.940978"><ele>30.2</ele><time>2026-01-01T06:38:25Z</time></trkpt>
<trkpt lat="-27.548051" lon="152.940972"><ele>30.1</ele><time>2026-01-01T06:38:26Z</time></trkpt>
<trkpt lat="-27.547932" lon="152.940942"><ele>30.1</ele><time>2026-01-01T06:38:28Z</time></trkpt>
<trkpt lat="-27.547817" lon="152.940906"><ele>30.3</ele><time>2026-01-01T06:38:30Z</time></trkpt>
<trkpt lat="-27.547708" lon="152.940865"><ele>30.5</ele><time>2026-01-01T06:38:32Z</time></trkpt>
<trkpt lat="-27.54761" lon="152.940813"><ele>30.6</ele><time>2026-01-01T06:38:34Z</time></trkpt>
<trkpt lat="-27.547573" lon="152.94078"><ele>30.7</ele><time>2026-01-01T06:38:35Z</time></trkpt>
<trkpt lat="-27.547489" lon="152.940678"><ele>31.2</ele><time>2026-01-01T06:38:38Z</time></trkpt>
<trkpt lat="-27.547464" lon="152.940657"><ele>31.3</ele><time>2026-01-01T06:38:39Z</time></trkpt>
<trkpt lat="-27.547432" lon="152.94065"><ele>31.4</ele><time>2026-01-01T06:38:40Z</time></trkpt>
<trkpt lat="-27.547344" lon="152.940663"><ele>31.4</ele><time>2026-01-01T06:38:42Z</time></trkpt>
<trkpt lat="-27.547248" lon="152.94068"><ele>31.4</ele><time>2026-01-01T06:38:44Z</time></trkpt>
<trkpt lat="-27.547176" lon="152.940726"><ele>31.1</ele><time>2026-01-01T06:38:47Z</time></trkpt>
<trkpt lat="-27.547172" lon="152.940733"><ele>31</ele><time>2026-01-01T06:38:50Z</time></trkpt>
<trkpt lat="-27.547177" lon="152.940797"><ele>30.7</ele><time>2026-01-01T06:40:57Z</time></trkpt>
<trkpt lat="-27.547147" lon="152.940851"><ele>30.4</ele><time>2026-01-01T06:40:59Z</time></trkpt>
<trkpt lat="-27.547099" lon="152.940902"><ele>30.1</ele><time>2026-01-01T06:41:01Z</time></trkpt>
<trkpt lat="-27.547016" lon="152.940979"><ele>29.7</ele><time>2026-01-01T06:41:03Z</time></trkpt>
<trkpt lat="-27.546959" lon="152.941019"><ele>29.5</ele><time>2026-01-01T06:41:04Z</time></trkpt>
<trkpt lat="-27.546766" lon="152.941126"><ele>29.4</ele><time>2026-01-01T06:41:07Z</time></trkpt>
<trkpt lat="-27.546332" lon="152.941375"><ele>29.8</ele><time>2026-01-01T06:41:14Z</time></trkpt>
<trkpt lat="-27.546091" lon="152.941507"><ele>30.2</ele><time>2026-01-01T06:41:18Z</time></trkpt>
<trkpt lat="-27.545845" lon="152.941646"><ele>30.5</ele><time>2026-01-01T06:41:22Z</time></trkpt>
<trkpt lat="-27.545582" lon="152.94178"><ele>30.8</ele><time>2026-01-01T06:41:26Z</time></trkpt>
<trkpt lat="-27.5455" lon="152.941818"><ele>30.9</ele><time>2026-01-01T06:41:27Z</time></trkpt>
<trkpt lat="-27.545248" lon="152.941929"><ele>31.2</ele><time>2026-01-01T06:41:31Z</time></trkpt>
<trkpt lat="-27.545025" lon="152.941993"><ele>31.3</ele><time>2026-01-01T06:41:34Z</time></trkpt>
<trkpt lat="-27.544971" lon="152.942005"><ele>31.3</ele><time>2026-01-01T06:41:35Z</time></trkpt>
<trkpt lat="-27.544755" lon="152.942058"><ele>31.2</ele><time>2026-01-01T06:41:38Z</time></trkpt>
<trkpt lat="-27.544684" lon="152.94208"><ele>31.2</ele><time>2026-01-01T06:41:39Z</time></trkpt>
<trkpt lat="-27.544544" lon="152.942125"><ele>31.1</ele><time>2026-01-01T06:41:41Z</time></trkpt>
<trkpt lat="-27.544405" lon="152.94217"><ele>31.1</ele><time>2026-01-01T06:41:43Z</time></trkpt>
<trkpt lat="-27.544341" lon="152.942197"><ele>31</ele><time>2026-01-01T06:41:44Z</time></trkpt>
<trkpt lat="-27.5442" lon="152.942256"><ele>30.9</ele><time>2026-01-01T06:41:46Z</time></trkpt>
<trkpt lat="-27.543692" lon="152.942532"><ele>29.6</ele><time>2026-01-01T06:41:54Z</time></trkpt>
<trkpt lat="-27.543299" lon="152.942836"><ele>26.7</ele><time>2026-01-01T06:42:00Z</time></trkpt>
<trkpt lat="-27.543227" lon="152.942893"><ele>26</ele><time>2026-01-01T06:42:01Z</time></trkpt>
<trkpt lat="-27.543078" lon="152.943014"><ele>24.4</ele><time>2026-01-01T06:42:03Z</time></trkpt>
<trkpt lat="-27.542916" lon="152.943143"><ele>22.4</ele><time>2026-01-01T06:42:05Z</time></trkpt>
<trkpt lat="-27.542829" lon="152.94321"><ele>21.3</ele><time>2026-01-01T06:42:06Z</time></trkpt>
<trkpt lat="-27.542738" lon="152.943279"><ele>20.2</ele><time>2026-01-01T06:42:07Z</time></trkpt>
<trkpt lat="-27.542534" lon="152.943448"><ele>17.6</ele><time>2026-01-01T06:42:09Z</time></trkpt>
<trkpt lat="-27.542457" lon="152.943515"><ele>16.8</ele><time>2026-01-01T06:42:10Z</time></trkpt>
<trkpt lat="-27.542359" lon="152.943594"><ele>15.7</ele><time>2026-01-01T06:42:11Z</time></trkpt>
<trkpt lat="-27.542164" lon="152.943753"><ele>14</ele><time>2026-01-01T06:42:13Z</time></trkpt>
<trkpt lat="-27.542073" lon="152.943841"><ele>13.2</ele><time>2026-01-01T06:42:14Z</time></trkpt>
<trkpt lat="-27.541991" lon="152.943932"><ele>12.4</ele><time>2026-01-01T06:42:15Z</time></trkpt>
<trkpt lat="-27.541913" lon="152.944027"><ele>11.7</ele><time>2026-01-01T06:42:16Z</time></trkpt>
<trkpt lat="-27.541813" lon="152.944135"><ele>11</ele><time>2026-01-01T06:42:17Z</time></trkpt>
<trkpt lat="-27.541713" lon="152.944207"><ele>10.5</ele><time>2026-01-01T06:42:18Z</time></trkpt>
<trkpt lat="-27.541632" lon="152.94426"><ele>10.1</ele><time>2026-01-01T06:42:19Z</time></trkpt>
<trkpt lat="-27.541127" lon="152.944589"><ele>9.4</ele><time>2026-01-01T06:42:24Z</time></trkpt>
<trkpt lat="-27.541034" lon="152.944648"><ele>9.5</ele><time>2026-01-01T06:42:25Z</time></trkpt>
<trkpt lat="-27.540543" lon="152.945014"><ele>10.4</ele><time>2026-01-01T06:42:31Z</time></trkpt>
<trkpt lat="-27.540287" lon="152.945178"><ele>10.8</ele><time>2026-01-01T06:42:34Z</time></trkpt>
<trkpt lat="-27.540041" lon="152.945362"><ele>11.2</ele><time>2026-01-01T06:42:37Z</time></trkpt>
<trkpt lat="-27.539626" lon="152.945653"><ele>11.9</ele><time>2026-01-01T06:42:43Z</time></trkpt>
<trkpt lat="-27.539234" lon="152.945893"><ele>12.4</ele><time>2026-01-01T06:42:49Z</time></trkpt>
<trkpt lat="-27.538884" lon="152.94608"><ele>12.6</ele><time>2026-01-01T06:42:54Z</time></trkpt>
<trkpt lat="-27.538599" lon="152.946206"><ele>12.6</ele><time>2026-01-01T06:42:58Z</time></trkpt>
<trkpt lat="-27.538386" lon="152.946277"><ele>12.7</ele><time>2026-01-01T06:43:01Z</time></trkpt>
<trkpt lat="-27.537968" lon="152.946394"><ele>12.5</ele><time>2026-01-01T06:43:06Z</time></trkpt>
<trkpt lat="-27.537438" lon="152.946532"><ele>12.1</ele><time>2026-01-01T06:43:12Z</time></trkpt>
<trkpt lat="-27.537176" lon="152.946573"><ele>11.9</ele><time>2026-01-01T06:43:15Z</time></trkpt>
<trkpt lat="-27.536943" lon="152.946602"><ele>11.7</ele><time>2026-01-01T06:43:18Z</time></trkpt>
<trkpt lat="-27.536863" lon="152.946617"><ele>11.6</ele><time>2026-01-01T06:43:19Z</time></trkpt>
<trkpt lat="-27.536535" lon="152.946645"><ele>12</ele><time>2026-01-01T06:43:23Z</time></trkpt>
<trkpt lat="-27.536374" lon="152.94664"><ele>12.7</ele><time>2026-01-01T06:43:25Z</time></trkpt>
<trkpt lat="-27.53625" lon="152.946579"><ele>13.6</ele><time>2026-01-01T06:43:27Z</time></trkpt>
<trkpt lat="-27.536211" lon="152.946534"><ele>14</ele><time>2026-01-01T06:43:28Z</time></trkpt>
<trkpt lat="-27.536175" lon="152.946477"><ele>14.4</ele><time>2026-01-01T06:43:29Z</time></trkpt>
<trkpt lat="-27.536151" lon="152.946419"><ele>14.6</ele><time>2026-01-01T06:43:30Z</time></trkpt>
<trkpt lat="-27.536138" lon="152.94637"><ele>14.7</ele><time>2026-01-01T06:43:31Z</time></trkpt>
<trkpt lat="-27.536104" lon="152.946222"><ele>14.6</ele><time>2026-01-01T06:43:33Z</time></trkpt>
<trkpt lat="-27.536077" lon="152.946084"><ele>14.3</ele><time>2026-01-01T06:43:35Z</time></trkpt>
<trkpt lat="-27.535942" lon="152.945795"><ele>14.6</ele><time>2026-01-01T06:43:39Z</time></trkpt>
<trkpt lat="-27.535834" lon="152.945698"><ele>15</ele><time>2026-01-01T06:43:41Z</time></trkpt>
<trkpt lat="-27.535723" lon="152.945622"><ele>15.2</ele><time>2026-01-01T06:43:43Z</time></trkpt>
<trkpt lat="-27.53561" lon="152.945526"><ele>15</ele><time>2026-01-01T06:43:45Z</time></trkpt>
<trkpt lat="-27.535385" lon="152.945408"><ele>14.2</ele><time>2026-01-01T06:43:48Z</time></trkpt>
<trkpt lat="-27.535147" lon="152.945339"><ele>13.3</ele><time>2026-01-01T06:43:51Z</time></trkpt>
<trkpt lat="-27.535066" lon="152.945331"><ele>13</ele><time>2026-01-01T06:43:52Z</time></trkpt>
<trkpt lat="-27.53499" lon="152.945331"><ele>12.8</ele><time>2026-01-01T06:43:53Z</time></trkpt>
<trkpt lat="-27.53483" lon="152.945367"><ele>12.2</ele><time>2026-01-01T06:43:55Z</time></trkpt>
<trkpt lat="-27.534752" lon="152.945389"><ele>11.9</ele><time>2026-01-01T06:43:56Z</time></trkpt>
<trkpt lat="-27.534448" lon="152.945503"><ele>10.9</ele><time>2026-01-01T06:44:00Z</time></trkpt>
<trkpt lat="-27.534372" lon="152.945529"><ele>10.7</ele><time>2026-01-01T06:44:01Z</time></trkpt>
<trkpt lat="-27.534199" lon="152.945583"><ele>10.4</ele><time>2026-01-01T06:44:03Z</time></trkpt>
<trkpt lat="-27.533967" lon="152.945657"><ele>10.2</ele><time>2026-01-01T06:44:06Z</time></trkpt>
<trkpt lat="-27.533904" lon="152.945674"><ele>10.1</ele><time>2026-01-01T06:44:07Z</time></trkpt>
<trkpt lat="-27.533755" lon="152.945718"><ele>10.1</ele><time>2026-01-01T06:44:09Z</time></trkpt>
<trkpt lat="-27.53347" lon="152.945798"><ele>9.6</ele><time>2026-01-01T06:44:13Z</time></trkpt>
<trkpt lat="-27.533262" lon="152.945844"><ele>9</ele><time>2026-01-01T06:44:16Z</time></trkpt>
<trkpt lat="-27.533113" lon="152.945853"><ele>8.8</ele><time>2026-01-01T06:44:18Z</time></trkpt>
<trkpt lat="-27.53303" lon="152.945851"><ele>8.8</ele><time>2026-01-01T06:44:19Z</time></trkpt>
<trkpt lat="-27.532731" lon="152.94584"><ele>9.2</ele><time>2026-01-01T06:44:23Z</time></trkpt>
<trkpt lat="-27.532654" lon="152.945824"><ele>9.2</ele><time>2026-01-01T06:44:24Z</time></trkpt>
<trkpt lat="-27.532556" lon="152.945775"><ele>9.3</ele><time>2026-01-01T06:44:26Z</time></trkpt>
<trkpt lat="-27.532499" lon="152.945742"><ele>9.4</ele><time>2026-01-01T06:44:27Z</time></trkpt>
<trkpt lat="-27.532456" lon="152.945732"><ele>9.4</ele><time>2026-01-01T06:44:28Z</time></trkpt>
<trkpt lat="-27.532399" lon="152.945735"><ele>8.8</ele><time>2026-01-01T06:44:30Z</time></trkpt>
<trkpt lat="-27.532269" lon="152.945778"><ele>8</ele><time>2026-01-01T06:44:34Z</time></trkpt>
<trkpt lat="-27.532086" lon="152.945796"><ele>7.9</ele><time>2026-01-01T06:44:37Z</time></trkpt>
<trkpt lat="-27.532015" lon="152.945805"><ele>8.3</ele><time>2026-01-01T06:44:38Z</time></trkpt>
<trkpt lat="-27.531679" lon="152.945821"><ele>9.6</ele><time>2026-01-01T06:44:43Z</time></trkpt>
<trkpt lat="-27.531628" lon="152.945814"><ele>9.6</ele><time>2026-01-01T06:44:44Z</time></trkpt>
<trkpt lat="-27.53144" lon="152.9458"><ele>11.1</ele><time>2026-01-01T06:44:47Z</time></trkpt>
<trkpt lat="-27.531394" lon="152.945795"><ele>11.1</ele><time>2026-01-01T06:44:48Z</time></trkpt>
<trkpt lat="-27.53137" lon="152.945786"><ele>11.1</ele><time>2026-01-01T06:44:49Z</time></trkpt>
<trkpt lat="-27.531312" lon="152.945764"><ele>11.2</ele><time>2026-01-01T06:44:52Z</time></trkpt>
<trkpt lat="-27.531222" lon="152.945753"><ele>11.6</ele><time>2026-01-01T06:44:55Z</time></trkpt>
<trkpt lat="-27.531029" lon="152.945783"><ele>11.9</ele><time>2026-01-01T06:44:58Z</time></trkpt>
<trkpt lat="-27.530898" lon="152.94581"><ele>11.8</ele><time>2026-01-01T06:45:00Z</time></trkpt>
<trkpt lat="-27.530768" lon="152.945838"><ele>11.5</ele><time>2026-01-01T06:45:02Z</time></trkpt>
<trkpt lat="-27.530715" lon="152.945866"><ele>11.2</ele><time>2026-01-01T06:45:03Z</time></trkpt>
<trkpt lat="-27.530651" lon="152.945913"><ele>11.6</ele><time>2026-01-01T06:45:04Z</time></trkpt>
<trkpt lat="-27.530592" lon="152.945963"><ele>11.8</ele><time>2026-01-01T06:45:05Z</time></trkpt>
<trkpt lat="-27.530531" lon="152.946055"><ele>12.1</ele><time>2026-01-01T06:45:07Z</time></trkpt>
<trkpt lat="-27.530452" lon="152.94623"><ele>12.2</ele><time>2026-01-01T06:45:10Z</time></trkpt>
<trkpt lat="-27.530381" lon="152.946296"><ele>12.4</ele><time>2026-01-01T06:45:12Z</time></trkpt>
<trkpt lat="-27.530337" lon="152.946323"><ele>12.5</ele><time>2026-01-01T06:45:13Z</time></trkpt>
<trkpt lat="-27.530286" lon="152.946341"><ele>12.5</ele><time>2026-01-01T06:45:14Z</time></trkpt>
<trkpt lat="-27.530173" lon="152.94637"><ele>12.6</ele><time>2026-01-01T06:45:16Z</time></trkpt>
<trkpt lat="-27.530112" lon="152.946371"><ele>12.6</ele><time>2026-01-01T06:45:17Z</time></trkpt>
<trkpt lat="-27.530051" lon="152.946362"><ele>12.7</ele><time>2026-01-01T06:45:18Z</time></trkpt>
<trkpt lat="-27.529865" lon="152.946343"><ele>12.9</ele><time>2026-01-01T06:45:21Z</time></trkpt>
<trkpt lat="-27.529806" lon="152.946338"><ele>12.9</ele><time>2026-01-01T06:45:22Z</time></trkpt>
<trkpt lat="-27.529377" lon="152.946331"><ele>13.7</ele><time>2026-01-01T06:45:30Z</time></trkpt>
<trkpt lat="-27.529292" lon="152.946324"><ele>13.8</ele><time>2026-01-01T06:45:32Z</time></trkpt>
<trkpt lat="-27.529054" lon="152.946314"><ele>13.6</ele><time>2026-01-01T06:45:37Z</time></trkpt>
<trkpt lat="-27.52889" lon="152.946305"><ele>13</ele><time>2026-01-01T06:45:40Z</time></trkpt>
<trkpt lat="-27.52882" lon="152.946305"><ele>12.6</ele><time>2026-01-01T06:45:41Z</time></trkpt>
<trkpt lat="-27.528722" lon="152.94632"><ele>12.3</ele><time>2026-01-01T06:45:43Z</time></trkpt>
<trkpt lat="-27.528686" lon="152.946349"><ele>12.1</ele><time>2026-01-01T06:45:44Z</time></trkpt>
<trkpt lat="-27.528655" lon="152.946413"><ele>11.9</ele><time>2026-01-01T06:45:45Z</time></trkpt>
<trkpt lat="-27.528629" lon="152.946456"><ele>11.7</ele><time>2026-01-01T06:45:46Z</time></trkpt>
<trkpt lat="-27.528622" lon="152.946527"><ele>11.6</ele><time>2026-01-01T06:45:49Z</time></trkpt>
<trkpt lat="-27.528616" lon="152.946597"><ele>11.5</ele><time>2026-01-01T06:45:50Z</time></trkpt>
<trkpt lat="-27.528602" lon="152.946738"><ele>11.3</ele><time>2026-01-01T06:45:51Z</time></trkpt>
<trkpt lat="-27.528622" lon="152.946871"><ele>11.4</ele><time>2026-01-01T06:45:52Z</time></trkpt>
<trkpt lat="-27.528683" lon="152.947016"><ele>11.9</ele><time>2026-01-01T06:45:54Z</time></trkpt>
<trkpt lat="-27.528737" lon="152.947052"><ele>12.1</ele><time>2026-01-01T06:45:55Z</time></trkpt>
<trkpt lat="-27.528779" lon="152.947087"><ele>12.3</ele><time>2026-01-01T06:45:56Z</time></trkpt>
<trkpt lat="-27.528827" lon="152.947176"><ele>12.8</ele><time>2026-01-01T06:45:59Z</time></trkpt>
<trkpt lat="-27.52892" lon="152.947162"><ele>13.5</ele><time>2026-01-01T06:46:02Z</time></trkpt>
<trkpt lat="-27.529028" lon="152.947082"><ele>14.6</ele><time>2026-01-01T06:46:05Z</time></trkpt>
<trkpt lat="-27.529098" lon="152.947024"><ele>15.4</ele><time>2026-01-01T06:46:07Z</time></trkpt>
<trkpt lat="-27.529111" lon="152.946901"><ele>16</ele><time>2026-01-01T06:46:10Z</time></trkpt>
<trkpt lat="-27.529024" lon="152.946882"><ele>16.2</ele><time>2026-01-01T06:46:12Z</time></trkpt>
<trkpt lat="-27.528971" lon="152.94689"><ele>16.3</ele><time>2026-01-01T06:46:13Z</time></trkpt>
<trkpt lat="-27.528914" lon="152.946895"><ele>16.5</ele><time>2026-01-01T06:46:14Z</time></trkpt>
<trkpt lat="-27.528811" lon="152.946909"><ele>16.7</ele><time>2026-01-01T06:46:16Z</time></trkpt>
<trkpt lat="-27.528612" lon="152.946934"><ele>17.1</ele><time>2026-01-01T06:46:20Z</time></trkpt>
<trkpt lat="-27.528525" lon="152.946951"><ele>17.2</ele><time>2026-01-01T06:46:22Z</time></trkpt>
<trkpt lat="-27.528098" lon="152.947033"><ele>18</ele><time>2026-01-01T06:46:30Z</time></trkpt>
<trkpt lat="-27.528045" lon="152.947044"><ele>18.1</ele><time>2026-01-01T06:46:31Z</time></trkpt>
<trkpt lat="-27.527721" lon="152.947107"><ele>18.4</ele><time>2026-01-01T06:46:37Z</time></trkpt>
<trkpt lat="-27.5276" lon="152.947129"><ele>18.5</ele><time>2026-01-01T06:46:39Z</time></trkpt>
<trkpt lat="-27.527477" lon="152.947149"><ele>18.6</ele><time>2026-01-01T06:46:41Z</time></trkpt>
<trkpt lat="-27.527355" lon="152.947168"><ele>18.6</ele><time>2026-01-01T06:46:43Z</time></trkpt>
<trkpt lat="-27.527232" lon="152.947191"><ele>18.6</ele><time>2026-01-01T06:46:45Z</time></trkpt>
<trkpt lat="-27.527156" lon="152.947204"><ele>18.7</ele><time>2026-01-01T06:46:46Z</time></trkpt>
<trkpt lat="-27.527039" lon="152.947225"><ele>18.7</ele><time>2026-01-01T06:46:48Z</time></trkpt>
<trkpt lat="-27.52649" lon="152.947315"><ele>19.2</ele><time>2026-01-01T06:46:57Z</time></trkpt>
<trkpt lat="-27.526405" lon="152.947328"><ele>19.2</ele><time>2026-01-01T06:46:59Z</time></trkpt>
<trkpt lat="-27.526323" lon="152.947356"><ele>18.8</ele><time>2026-01-01T06:47:01Z</time></trkpt>
<trkpt lat="-27.526299" lon="152.94738"><ele>18.5</ele><time>2026-01-01T06:47:02Z</time></trkpt>
<trkpt lat="-27.526284" lon="152.947432"><ele>17.7</ele><time>2026-01-01T06:47:04Z</time></trkpt>
<trkpt lat="-27.5263" lon="152.947444"><ele>17.4</ele><time>2026-01-01T06:47:05Z</time></trkpt>
<trkpt lat="-27.526321" lon="152.947447"><ele>17</ele><time>2026-01-01T06:47:06Z</time></trkpt>
<trkpt lat="-27.526363" lon="152.947462"><ele>16.2</ele><time>2026-01-01T06:47:08Z</time></trkpt>
<trkpt lat="-27.526387" lon="152.947485"><ele>15.7</ele><time>2026-01-01T06:47:09Z</time></trkpt>
<trkpt lat="-27.52641" lon="152.94751"><ele>15.2</ele><time>2026-01-01T06:47:10Z</time></trkpt>
<trkpt lat="-27.526437" lon="152.947576"><ele>14.5</ele><time>2026-01-01T06:47:12Z</time></trkpt>
<trkpt lat="-27.526453" lon="152.947678"><ele>14</ele><time>2026-01-01T06:47:14Z</time></trkpt>
<trkpt lat="-27.526476" lon="152.947805"><ele>14</ele><time>2026-01-01T06:47:16Z</time></trkpt>
<trkpt lat="-27.526469" lon="152.947897"><ele>14.1</ele><time>2026-01-01T06:47:18Z</time></trkpt>
<trkpt lat="-27.526409" lon="152.947957"><ele>14</ele><time>2026-01-01T06:47:20Z</time></trkpt>
<trkpt lat="-27.526362" lon="152.947974"><ele>13.9</ele><time>2026-01-01T06:47:21Z</time></trkpt>
<trkpt lat="-27.526244" lon="152.947994"><ele>14.2</ele><time>2026-01-01T06:47:23Z</time></trkpt>
<trkpt lat="-27.526133" lon="152.948025"><ele>14.9</ele><time>2026-01-01T06:47:25Z</time></trkpt>
<trkpt lat="-27.526081" lon="152.948039"><ele>15.4</ele><time>2026-01-01T06:47:26Z</time></trkpt>
<trkpt lat="-27.525986" lon="152.948058"><ele>16.5</ele><time>2026-01-01T06:47:28Z</time></trkpt>
<trkpt lat="-27.52595" lon="152.948079"><ele>17</ele><time>2026-01-01T06:47:29Z</time></trkpt>
<trkpt lat="-27.525926" lon="152.948102"><ele>17.4</ele><time>2026-01-01T06:47:30Z</time></trkpt>
<trkpt lat="-27.525893" lon="152.948189"><ele>18.4</ele><time>2026-01-01T06:47:32Z</time></trkpt>
<trkpt lat="-27.525924" lon="152.948423"><ele>20.8</ele><time>2026-01-01T06:47:37Z</time></trkpt>
<trkpt lat="-27.525941" lon="152.948579"><ele>22.7</ele><time>2026-01-01T06:47:41Z</time></trkpt>
<trkpt lat="-27.525949" lon="152.948604"><ele>23</ele><time>2026-01-01T06:47:42Z</time></trkpt>
<trkpt lat="-27.525951" lon="152.948673"><ele>24</ele><time>2026-01-01T06:47:44Z</time></trkpt>
<trkpt lat="-27.525974" lon="152.948763"><ele>25.5</ele><time>2026-01-01T06:47:47Z</time></trkpt>
<trkpt lat="-27.525976" lon="152.948815"><ele>26.3</ele><time>2026-01-01T06:47:49Z</time></trkpt>
<trkpt lat="-27.525972" lon="152.948849"><ele>26.8</ele><time>2026-01-01T06:47:50Z</time></trkpt>
<trkpt lat="-27.525965" lon="152.948911"><ele>27.9</ele><time>2026-01-01T06:47:52Z</time></trkpt>
<trkpt lat="-27.525936" lon="152.948995"><ele>29.4</ele><time>2026-01-01T06:47:55Z</time></trkpt>
<trkpt lat="-27.525924" lon="152.949018"><ele>29.8</ele><time>2026-01-01T06:47:56Z</time></trkpt>
<trkpt lat="-27.525911" lon="152.949045"><ele>30.3</ele><time>2026-01-01T06:47:57Z</time></trkpt>
<trkpt lat="-27.52586" lon="152.949106"><ele>31.7</ele><time>2026-01-01T06:48:00Z</time></trkpt>
<trkpt lat="-27.525808" lon="152.949135"><ele>32.8</ele><time>2026-01-01T06:48:02Z</time></trkpt>
<trkpt lat="-27.525731" lon="152.949164"><ele>34.2</ele><time>2026-01-01T06:48:05Z</time></trkpt>
<trkpt lat="-27.525655" lon="152.949182"><ele>35.5</ele><time>2026-01-01T06:48:08Z</time></trkpt>
<trkpt lat="-27.525594" lon="152.949196"><ele>36.4</ele><time>2026-01-01T06:48:10Z</time></trkpt>
<trkpt lat="-27.525542" lon="152.949202"><ele>37.2</ele><time>2026-01-01T06:48:12Z</time></trkpt>
<trkpt lat="-27.525464" lon="152.949192"><ele>38.3</ele><time>2026-01-01T06:48:15Z</time></trkpt>
<trkpt lat="-27.525441" lon="152.949186"><ele>38.7</ele><time>2026-01-01T06:48:16Z</time></trkpt>
<trkpt lat="-27.52537" lon="152.949204"><ele>39.5</ele><time>2026-01-01T06:48:19Z</time></trkpt>
<trkpt lat="-27.525293" lon="152.949227"><ele>40.5</ele><time>2026-01-01T06:48:22Z</time></trkpt>
<trkpt lat="-27.52525" lon="152.949248"><ele>41</ele><time>2026-01-01T06:48:24Z</time></trkpt>
<trkpt lat="-27.525162" lon="152.949257"><ele>42.1</ele><time>2026-01-01T06:48:28Z</time></trkpt>
<trkpt lat="-27.52512" lon="152.949261"><ele>42.6</ele><time>2026-01-01T06:48:30Z</time></trkpt>
<trkpt lat="-27.525072" lon="152.949277"><ele>43.3</ele><time>2026-01-01T06:48:32Z</time></trkpt>
<trkpt lat="-27.524993" lon="152.949293"><ele>44.6</ele><time>2026-01-01T06:48:35Z</time></trkpt>
<trkpt lat="-27.524934" lon="152.949313"><ele>45.5</ele><time>2026-01-01T06:48:37Z</time></trkpt>
<trkpt lat="-27.524911" lon="152.949321"><ele>45.9</ele><time>2026-01-01T06:48:38Z</time></trkpt>
<trkpt lat="-27.52483" lon="152.94934"><ele>47.3</ele><time>2026-01-01T06:48:41Z</time></trkpt>
<trkpt lat="-27.524804" lon="152.949344"><ele>47.8</ele><time>2026-01-01T06:48:42Z</time></trkpt>
<trkpt lat="-27.524775" lon="152.949346"><ele>48.3</ele><time>2026-01-01T06:48:43Z</time></trkpt>
<trkpt lat="-27.524683" lon="152.949352"><ele>49.8</ele><time>2026-01-01T06:48:46Z</time></trkpt>
<trkpt lat="-27.524626" lon="152.949367"><ele>50.7</ele><time>2026-01-01T06:48:48Z</time></trkpt>
<trkpt lat="-27.524578" lon="152.949381"><ele>51.4</ele><time>2026-01-01T06:48:50Z</time></trkpt>
<trkpt lat="-27.524529" lon="152.949379"><ele>52</ele><time>2026-01-01T06:48:52Z</time></trkpt>
<trkpt lat="-27.524504" lon="152.949377"><ele>52.3</ele><time>2026-01-01T06:48:53Z</time></trkpt>
<trkpt lat="-27.524421" lon="152.949351"><ele>53.2</ele><time>2026-01-01T06:48:58Z</time></trkpt>
<trkpt lat="-27.524405" lon="152.949334"><ele>53.2</ele><time>2026-01-01T06:48:59Z</time></trkpt>
<trkpt lat="-27.524398" lon="152.949238"><ele>53.1</ele><time>2026-01-01T06:49:02Z</time></trkpt>
<trkpt lat="-27.524414" lon="152.94911"><ele>52.8</ele><time>2026-01-01T06:49:05Z</time></trkpt>
<trkpt lat="-27.524426" lon="152.948977"><ele>52.4</ele><time>2026-01-01T06:49:08Z</time></trkpt>
<trkpt lat="-27.52446" lon="152.948803"><ele>51.7</ele><time>2026-01-01T06:49:11Z</time></trkpt>
<trkpt lat="-27.524497" lon="152.948679"><ele>51.3</ele><time>2026-01-01T06:49:13Z</time></trkpt>
<trkpt lat="-27.524523" lon="152.948552"><ele>50.8</ele><time>2026-01-01T06:49:15Z</time></trkpt>
<trkpt lat="-27.524536" lon="152.948464"><ele>50.5</ele><time>2026-01-01T06:49:16Z</time></trkpt>
<trkpt lat="-27.524546" lon="152.948313"><ele>50.2</ele><time>2026-01-01T06:49:18Z</time></trkpt>
<trkpt lat="-27.524516" lon="152.948152"><ele>50</ele><time>2026-01-01T06:49:20Z</time></trkpt>
<trkpt lat="-27.524489" lon="152.948075"><ele>49.9</ele><time>2026-01-01T06:49:21Z</time></trkpt>
<trkpt lat="-27.524385" lon="152.947856"><ele>49.6</ele><time>2026-01-01T06:49:24Z</time></trkpt>
<trkpt lat="-27.524303" lon="152.947725"><ele>49.6</ele><time>2026-01-01T06:49:26Z</time></trkpt>
<trkpt lat="-27.52403" lon="152.947276"><ele>49.4</ele><time>2026-01-01T06:49:33Z</time></trkpt>
<trkpt lat="-27.523696" lon="152.946714"><ele>49.4</ele><time>2026-01-01T06:49:42Z</time></trkpt>
<trkpt lat="-27.52358" lon="152.946523"><ele>49.5</ele><time>2026-01-01T06:49:45Z</time></trkpt>
<trkpt lat="-27.523467" lon="152.946276"><ele>49.9</ele><time>2026-01-01T06:49:49Z</time></trkpt>
<trkpt lat="-27.52339" lon="152.945996"><ele>49.5</ele><time>2026-01-01T06:49:53Z</time></trkpt>
<trkpt lat="-27.523382" lon="152.945936"><ele>49.3</ele><time>2026-01-01T06:49:54Z</time></trkpt>
<trkpt lat="-27.523347" lon="152.945643"><ele>48.2</ele><time>2026-01-01T06:49:58Z</time></trkpt>
<trkpt lat="-27.523333" lon="152.945573"><ele>47.9</ele><time>2026-01-01T06:49:59Z</time></trkpt>
<trkpt lat="-27.52331" lon="152.945416"><ele>47.2</ele><time>2026-01-01T06:50:01Z</time></trkpt>
<trkpt lat="-27.523273" lon="152.944981"><ele>46.2</ele><time>2026-01-01T06:50:06Z</time></trkpt>
<trkpt lat="-27.523244" lon="152.944436"><ele>47.8</ele><time>2026-01-01T06:50:12Z</time></trkpt>
<trkpt lat="-27.52324" lon="152.944371"><ele>48.2</ele><time>2026-01-01T06:50:13Z</time></trkpt>
<trkpt lat="-27.52321" lon="152.944071"><ele>51.1</ele><time>2026-01-01T06:50:17Z</time></trkpt>
<trkpt lat="-27.523199" lon="152.943995"><ele>52.1</ele><time>2026-01-01T06:50:18Z</time></trkpt>
<trkpt lat="-27.523171" lon="152.943851"><ele>53.9</ele><time>2026-01-01T06:50:21Z</time></trkpt>
<trkpt lat="-27.523159" lon="152.943795"><ele>54.5</ele><time>2026-01-01T06:50:22Z</time></trkpt>
<trkpt lat="-27.523149" lon="152.943738"><ele>55.1</ele><time>2026-01-01T06:50:23Z</time></trkpt>
<trkpt lat="-27.523105" lon="152.943547"><ele>56.9</ele><time>2026-01-01T06:50:26Z</time></trkpt>
<trkpt lat="-27.523072" lon="152.943426"><ele>57.8</ele><time>2026-01-01T06:50:27Z</time></trkpt>
<trkpt lat="-27.523043" lon="152.943307"><ele>58.6</ele><time>2026-01-01T06:50:30Z</time></trkpt>
<trkpt lat="-27.52303" lon="152.943251"><ele>58.9</ele><time>2026-01-01T06:50:31Z</time></trkpt>
<trkpt lat="-27.522984" lon="152.943046"><ele>60.1</ele><time>2026-01-01T06:50:35Z</time></trkpt>
<trkpt lat="-27.522961" lon="152.942933"><ele>60.8</ele><time>2026-01-01T06:50:37Z</time></trkpt>
<trkpt lat="-27.522945" lon="152.94288"><ele>61.1</ele><time>2026-01-01T06:50:38Z</time></trkpt>
<trkpt lat="-27.522909" lon="152.942784"><ele>61.6</ele><time>2026-01-01T06:50:40Z</time></trkpt>
<trkpt lat="-27.522878" lon="152.942741"><ele>61.8</ele><time>2026-01-01T06:50:41Z</time></trkpt>
<trkpt lat="-27.52284" lon="152.942704"><ele>62</ele><time>2026-01-01T06:50:42Z</time></trkpt>
<trkpt lat="-27.522796" lon="152.942671"><ele>62.1</ele><time>2026-01-01T06:50:43Z</time></trkpt>
<trkpt lat="-27.522753" lon="152.942644"><ele>62.2</ele><time>2026-01-01T06:50:44Z</time></trkpt>
<trkpt lat="-27.522647" lon="152.94263"><ele>61.9</ele><time>2026-01-01T06:50:46Z</time></trkpt>
<trkpt lat="-27.522591" lon="152.942634"><ele>61.6</ele><time>2026-01-01T06:50:47Z</time></trkpt>
<trkpt lat="-27.522534" lon="152.942638"><ele>61.4</ele><time>2026-01-01T06:50:48Z</time></trkpt>
<trkpt lat="-27.522214" lon="152.942644"><ele>59.7</ele><time>2026-01-01T06:50:53Z</time></trkpt>
<trkpt lat="-27.522141" lon="152.942632"><ele>59.4</ele><time>2026-01-01T06:50:54Z</time></trkpt>
<trkpt lat="-27.522069" lon="152.94261"><ele>58.9</ele><time>2026-01-01T06:50:55Z</time></trkpt>
<trkpt lat="-27.521998" lon="152.942577"><ele>58.5</ele><time>2026-01-01T06:50:56Z</time></trkpt>
<trkpt lat="-27.521943" lon="152.942545"><ele>58.1</ele><time>2026-01-01T06:50:57Z</time></trkpt>
<trkpt lat="-27.521873" lon="152.9425"><ele>57.6</ele><time>2026-01-01T06:50:58Z</time></trkpt>
<trkpt lat="-27.521714" lon="152.942394"><ele>56.4</ele><time>2026-01-01T06:51:00Z</time></trkpt>
<trkpt lat="-27.521559" lon="152.942294"><ele>55.9</ele><time>2026-01-01T06:51:02Z</time></trkpt>
<trkpt lat="-27.521245" lon="152.942083"><ele>55.4</ele><time>2026-01-01T06:51:06Z</time></trkpt>
<trkpt lat="-27.521186" lon="152.942044"><ele>55.4</ele><time>2026-01-01T06:51:07Z</time></trkpt>
<trkpt lat="-27.521099" lon="152.941981"><ele>55.4</ele><time>2026-01-01T06:51:08Z</time></trkpt>
<trkpt lat="-27.520724" lon="152.941714"><ele>55.9</ele><time>2026-01-01T06:51:13Z</time></trkpt>
<trkpt lat="-27.520665" lon="152.941674"><ele>56</ele><time>2026-01-01T06:51:14Z</time></trkpt>
<trkpt lat="-27.520394" lon="152.941484"><ele>57.1</ele><time>2026-01-01T06:51:18Z</time></trkpt>
<trkpt lat="-27.520329" lon="152.941438"><ele>57.5</ele><time>2026-01-01T06:51:19Z</time></trkpt>
<trkpt lat="-27.520194" lon="152.941344"><ele>58.7</ele><time>2026-01-01T06:51:21Z</time></trkpt>
<trkpt lat="-27.520106" lon="152.941245"><ele>59.2</ele><time>2026-01-01T06:51:23Z</time></trkpt>
<trkpt lat="-27.519978" lon="152.941054"><ele>59.3</ele><time>2026-01-01T06:51:26Z</time></trkpt>
<trkpt lat="-27.519929" lon="152.940916"><ele>59.2</ele><time>2026-01-01T06:51:28Z</time></trkpt>
<trkpt lat="-27.519749" lon="152.940357"><ele>57.5</ele><time>2026-01-01T06:51:35Z</time></trkpt>
<trkpt lat="-27.519704" lon="152.940194"><ele>56.9</ele><time>2026-01-01T06:51:37Z</time></trkpt>
<trkpt lat="-27.519606" lon="152.939847"><ele>56</ele><time>2026-01-01T06:51:41Z</time></trkpt>
<trkpt lat="-27.519575" lon="152.939734"><ele>55.8</ele><time>2026-01-01T06:51:42Z</time></trkpt>
<trkpt lat="-27.519474" lon="152.939359"><ele>56</ele><time>2026-01-01T06:51:46Z</time></trkpt>
<trkpt lat="-27.519311" lon="152.938783"><ele>59.3</ele><time>2026-01-01T06:51:53Z</time></trkpt>
<trkpt lat="-27.519259" lon="152.938585"><ele>60.6</ele><time>2026-01-01T06:51:56Z</time></trkpt>
<trkpt lat="-27.519221" lon="152.938457"><ele>61.4</ele><time>2026-01-01T06:51:58Z</time></trkpt>
<trkpt lat="-27.519188" lon="152.938335"><ele>62.2</ele><time>2026-01-01T06:52:00Z</time></trkpt>
<trkpt lat="-27.519073" lon="152.938056"><ele>63</ele><time>2026-01-01T06:52:05Z</time></trkpt>
<trkpt lat="-27.519033" lon="152.938003"><ele>63.2</ele><time>2026-01-01T06:52:06Z</time></trkpt>
<trkpt lat="-27.518749" lon="152.937741"><ele>63.6</ele><time>2026-01-01T06:52:12Z</time></trkpt>
<trkpt lat="-27.518606" lon="152.937619"><ele>63.6</ele><time>2026-01-01T06:52:15Z</time></trkpt>
<trkpt lat="-27.518455" lon="152.937472"><ele>63.4</ele><time>2026-01-01T06:52:18Z</time></trkpt>
<trkpt lat="-27.518347" lon="152.937376"><ele>63.2</ele><time>2026-01-01T06:52:20Z</time></trkpt>
<trkpt lat="-27.518169" lon="152.937249"><ele>62.9</ele><time>2026-01-01T06:52:23Z</time></trkpt>
<trkpt lat="-27.518103" lon="152.937225"><ele>62.6</ele><time>2026-01-01T06:52:24Z</time></trkpt>
<trkpt lat="-27.518032" lon="152.937218"><ele>62.3</ele><time>2026-01-01T06:52:25Z</time></trkpt>
<trkpt lat="-27.517955" lon="152.937225"><ele>61.9</ele><time>2026-01-01T06:52:26Z</time></trkpt>
<trkpt lat="-27.517873" lon="152.937237"><ele>61.5</ele><time>2026-01-01T06:52:27Z</time></trkpt>
<trkpt lat="-27.51753" lon="152.937289"><ele>59.4</ele><time>2026-01-01T06:52:31Z</time></trkpt>
<trkpt lat="-27.517343" lon="152.937312"><ele>58.5</ele><time>2026-01-01T06:52:33Z</time></trkpt>
<trkpt lat="-27.517126" lon="152.937345"><ele>57.7</ele><time>2026-01-01T06:52:35Z</time></trkpt>
<trkpt lat="-27.516758" lon="152.937391"><ele>57.3</ele><time>2026-01-01T06:52:39Z</time></trkpt>
<trkpt lat="-27.516576" lon="152.937414"><ele>57.3</ele><time>2026-01-01T06:52:41Z</time></trkpt>
<trkpt lat="-27.516395" lon="152.937422"><ele>57.7</ele><time>2026-01-01T06:52:43Z</time></trkpt>
<trkpt lat="-27.516305" lon="152.937403"><ele>58.1</ele><time>2026-01-01T06:52:44Z</time></trkpt>
<trkpt lat="-27.516222" lon="152.937365"><ele>58.4</ele><time>2026-01-01T06:52:45Z</time></trkpt>
<trkpt lat="-27.516" lon="152.93722"><ele>59.5</ele><time>2026-01-01T06:52:48Z</time></trkpt>
<trkpt lat="-27.515933" lon="152.937168"><ele>59.8</ele><time>2026-01-01T06:52:49Z</time></trkpt>
<trkpt lat="-27.515769" lon="152.937046"><ele>60.3</ele><time>2026-01-01T06:52:52Z</time></trkpt>
<trkpt lat="-27.515705" lon="152.936999"><ele>60.5</ele><time>2026-01-01T06:52:53Z</time></trkpt>
<trkpt lat="-27.515573" lon="152.936902"><ele>60.9</ele><time>2026-01-01T06:52:55Z</time></trkpt>
<trkpt lat="-27.515452" lon="152.936807"><ele>61.3</ele><time>2026-01-01T06:52:57Z</time></trkpt>
<trkpt lat="-27.515156" lon="152.936575"><ele>62.2</ele><time>2026-01-01T06:53:02Z</time></trkpt>
<trkpt lat="-27.515096" lon="152.936552"><ele>62.3</ele><time>2026-01-01T06:53:03Z</time></trkpt>
<trkpt lat="-27.515033" lon="152.936541"><ele>62.3</ele><time>2026-01-01T06:53:04Z</time></trkpt>
<trkpt lat="-27.514889" lon="152.93657"><ele>62</ele><time>2026-01-01T06:53:06Z</time></trkpt>
<trkpt lat="-27.514613" lon="152.936717"><ele>60.6</ele><time>2026-01-01T06:53:10Z</time></trkpt>
<trkpt lat="-27.514537" lon="152.936764"><ele>60.3</ele><time>2026-01-01T06:53:11Z</time></trkpt>
<trkpt lat="-27.514067" lon="152.937068"><ele>59.5</ele><time>2026-01-01T06:53:17Z</time></trkpt>
<trkpt lat="-27.513928" lon="152.937161"><ele>59.8</ele><time>2026-01-01T06:53:19Z</time></trkpt>
<trkpt lat="-27.513671" lon="152.937342"><ele>61.2</ele><time>2026-01-01T06:53:23Z</time></trkpt>
<trkpt lat="-27.513495" lon="152.937451"><ele>62.6</ele><time>2026-01-01T06:53:26Z</time></trkpt>
<trkpt lat="-27.513369" lon="152.937479"><ele>63.1</ele><time>2026-01-01T06:53:28Z</time></trkpt>
<trkpt lat="-27.513242" lon="152.937468"><ele>63.3</ele><time>2026-01-01T06:53:30Z</time></trkpt>
<trkpt lat="-27.513117" lon="152.937444"><ele>63.5</ele><time>2026-01-01T06:53:32Z</time></trkpt>
<trkpt lat="-27.51292" lon="152.937393"><ele>63.6</ele><time>2026-01-01T06:53:35Z</time></trkpt>
<trkpt lat="-27.512789" lon="152.937358"><ele>63.6</ele><time>2026-01-01T06:53:37Z</time></trkpt>
<trkpt lat="-27.512599" lon="152.937295"><ele>63.6</ele><time>2026-01-01T06:53:40Z</time></trkpt>
<trkpt lat="-27.512243" lon="152.937182"><ele>63.6</ele><time>2026-01-01T06:53:45Z</time></trkpt>
<trkpt lat="-27.512153" lon="152.93717"><ele>63.5</ele><time>2026-01-01T06:53:46Z</time></trkpt>
<trkpt lat="-27.511938" lon="152.937187"><ele>63.4</ele><time>2026-01-01T06:53:49Z</time></trkpt>
</trkseg>
</trk>
</gpx>
