<?xml version="1.0" encoding="UTF-8"?>
<gpx version="1.1" creator="StravaGPX" xmlns="http://www.topografix.com/GPX/1/1">
<trk>
<type>cycling</type>
<trkseg>
<trkpt lat="-27.499792" lon="152.948861"><ele>37</ele><time>2026-01-01T00:00:00Z</time></trkpt>
<trkpt lat="-27.499814" lon="152.948905"><ele>37.4</ele><time>2026-01-01T00:00:01Z</time></trkpt>
<trkpt lat="-27.49983" lon="152.948953"><ele>38</ele><time>2026-01-01T00:00:02Z</time></trkpt>
<trkpt lat="-27.499849" lon="152.9491"><ele>39.8</ele><time>2026-01-01T00:00:05Z</time></trkpt>
<trkpt lat="-27.49986" lon="152.949184"><ele>40.8</ele><time>2026-01-01T00:00:07Z</time></trkpt>
<trkpt lat="-27.499874" lon="152.949283"><ele>42</ele><time>2026-01-01T00:00:09Z</time></trkpt>
<trkpt lat="-27.499894" lon="152.94937"><ele>43</ele><time>2026-01-01T00:00:11Z</time></trkpt>
<trkpt lat="-27.499908" lon="152.949411"><ele>43.4</ele><time>2026-01-01T00:00:12Z</time></trkpt>
<trkpt lat="-27.499924" lon="152.949484"><ele>45</ele><time>2026-01-01T00:00:14Z</time></trkpt>
<trkpt lat="-27.499944" lon="152.949593"><ele>46.4</ele><time>2026-01-01T00:00:17Z</time></trkpt>
<trkpt lat="-27.499959" lon="152.949724"><ele>47.6</ele><time>2026-01-01T00:00:20Z</time></trkpt>
<trkpt lat="-27.499964" lon="152.949798"><ele>48.2</ele><time>2026-01-01T00:00:22Z</time></trkpt>
<trkpt lat="-27.499973" lon="152.949888"><ele>49.2</ele><time>2026-01-01T00:00:24Z</time></trkpt>
<trkpt lat="-27.49998" lon="152.949962"><ele>50.2</ele><time>2026-01-01T00:00:26Z</time></trkpt>
<trkpt lat="-27.499984" lon="152.949992"><ele>50.2</ele><time>2026-01-01T00:00:27Z</time></trkpt>
<trkpt lat="-27.500003" lon="152.950084"><ele>51.8</ele><time>2026-01-01T00:00:30Z</time></trkpt>
<trkpt lat="-27.500011" lon="152.950162"><ele>52.6</ele><time>2026-01-01T00:00:32Z</time></trkpt>
<trkpt lat="-27.500012" lon="152.950191"><ele>53</ele><time>2026-01-01T00:00:33Z</time></trkpt>
<trkpt lat="-27.500016" lon="152.950293"><ele>54</ele><time>2026-01-01T00:00:37Z</time></trkpt>
<trkpt lat="-27.500016" lon="152.950293"><ele>54.4</ele><time>2026-01-01T00:00:39Z</time></trkpt>
<trkpt lat="-27.500019" lon="152.950424"><ele>53.4</ele><time>2026-01-01T00:02:26Z</time></trkpt>
<trkpt lat="-27.500022" lon="152.950457"><ele>53.4</ele><time>2026-01-01T00:02:27Z</time></trkpt>
<trkpt lat="-27.500046" lon="152.950525"><ele>53.4</ele><time>2026-01-01T00:02:29Z</time></trkpt>
<trkpt lat="-27.500075" lon="152.95055"><ele>53.4</ele><time>2026-01-01T00:02:30Z</time></trkpt>
<trkpt lat="-27.500141" lon="152.950591"><ele>53.2</ele><time>2026-01-01T00:02:32Z</time></trkpt>
<trkpt lat="-27.500231" lon="152.950614"><ele>53</ele><time>2026-01-01T00:02:34Z</time></trkpt>
<trkpt lat="-27.50028" lon="152.950624"><ele>53</ele><time>2026-01-01T00:02:35Z</time></trkpt>
<trkpt lat="-27.500432" lon="152.950643"><ele>52.8</ele><time>2026-01-01T00:02:38Z</time></trkpt>
<trkpt lat="-27.500591" lon="152.950633"><ele>52.6</ele><time>2026-01-01T00:02:41Z</time></trkpt>
<trkpt lat="-27.500655" lon="152.950626"><ele>52</ele><time>2026-01-01T00:02:42Z</time></trkpt>
<trkpt lat="-27.500721" lon="152.950624"><ele>51.8</ele><time>2026-01-01T00:02:43Z</time></trkpt>
<trkpt lat="-27.500784" lon="152.950627"><ele>51.2</ele><time>2026-01-01T00:02:44Z</time></trkpt>
<trkpt lat="-27.500851" lon="152.950636"><ele>51.2</ele><time>2026-01-01T00:02:45Z</time></trkpt>
<trkpt lat="-27.50091" lon="152.95065"><ele>51.2</ele><time>2026-01-01T00:02:46Z</time></trkpt>
<trkpt lat="-27.501062" lon="152.950713"><ele>51.6</ele><time>2026-01-01T00:02:49Z</time></trkpt>
<trkpt lat="-27.501167" lon="152.950766"><ele>51.8</ele><time>2026-01-01T00:02:51Z</time></trkpt>
<trkpt lat="-27.501325" lon="152.950827"><ele>53</ele><time>2026-01-01T00:02:54Z</time></trkpt>
<trkpt lat="-27.501426" lon="152.950847"><ele>54</ele><time>2026-01-01T00:02:56Z</time></trkpt>
<trkpt lat="-27.50148" lon="152.950851"><ele>54.2</ele><time>2026-01-01T00:02:57Z</time></trkpt>
<trkpt lat="-27.501687" lon="152.950812"><ele>55.2</ele><time>2026-01-01T00:03:01Z</time></trkpt>
<trkpt lat="-27.501741" lon="152.950801"><ele>56.2</ele><time>2026-01-01T00:03:02Z</time></trkpt>
<trkpt lat="-27.501793" lon="152.950802"><ele>56.8</ele><time>2026-01-01T00:03:03Z</time></trkpt>
<trkpt lat="-27.501844" lon="152.950827"><ele>57</ele><time>2026-01-01T00:03:04Z</time></trkpt>
<trkpt lat="-27.501993" lon="152.950973"><ele>57.8</ele><time>2026-01-01T00:03:08Z</time></trkpt>
<trkpt lat="-27.502094" lon="152.951075"><ele>58.6</ele><time>2026-01-01T00:03:11Z</time></trkpt>
<trkpt lat="-27.502176" lon="152.951174"><ele>58.6</ele><time>2026-01-01T00:03:14Z</time></trkpt>
<trkpt lat="-27.5022" lon="152.951209"><ele>58.6</ele><time>2026-01-01T00:03:15Z</time></trkpt>
<trkpt lat="-27.502221" lon="152.951245"><ele>58.6</ele><time>2026-01-01T00:03:16Z</time></trkpt>
<trkpt lat="-27.502286" lon="152.951444"><ele>58.8</ele><time>2026-01-01T00:03:20Z</time></trkpt>
<trkpt lat="-27.502296" lon="152.951499"><ele>58.8</ele><time>2026-01-01T00:03:21Z</time></trkpt>
<trkpt lat="-27.502305" lon="152.951733"><ele>58.6</ele><time>2026-01-01T00:03:25Z</time></trkpt>
<trkpt lat="-27.5023" lon="152.951942"><ele>58</ele><time>2026-01-01T00:03:28Z</time></trkpt>
<trkpt lat="-27.502305" lon="152.952024"><ele>57.4</ele><time>2026-01-01T00:03:29Z</time></trkpt>
<trkpt lat="-27.502313" lon="152.952137"><ele>56.2</ele><time>2026-01-01T00:03:30Z</time></trkpt>
<trkpt lat="-27.502324" lon="152.952346"><ele>53.6</ele><time>2026-01-01T00:03:32Z</time></trkpt>
<trkpt lat="-27.502332" lon="152.952469"><ele>52</ele><time>2026-01-01T00:03:33Z</time></trkpt>
<trkpt lat="-27.502346" lon="152.952628"><ele>50.8</ele><time>2026-01-01T00:03:34Z</time></trkpt>
<trkpt lat="-27.50235" lon="152.952741"><ele>47.4</ele><time>2026-01-01T00:03:35Z</time></trkpt>
<trkpt lat="-27.502356" lon="152.952887"><ele>45.6</ele><time>2026-01-01T00:03:36Z</time></trkpt>
<trkpt lat="-27.502384" lon="152.953022"><ele>45.4</ele><time>2026-01-01T00:03:37Z</time></trkpt>
<trkpt lat="-27.502442" lon="152.953153"><ele>45</ele><time>2026-01-01T00:03:38Z</time></trkpt>
<trkpt lat="-27.502508" lon="152.953236"><ele>44.4</ele><time>2026-01-01T00:03:39Z</time></trkpt>
<trkpt lat="-27.502811" lon="152.953552"><ele>44</ele><time>2026-01-01T00:03:43Z</time></trkpt>
<trkpt lat="-27.50289" lon="152.953607"><ele>44</ele><time>2026-01-01T00:03:44Z</time></trkpt>
<trkpt lat="-27.50297" lon="152.953654"><ele>44</ele><time>2026-01-01T00:03:45Z</time></trkpt>
<trkpt lat="-27.503134" lon="152.953673"><ele>44</ele><time>2026-01-01T00:03:47Z</time></trkpt>
<trkpt lat="-27.50326" lon="152.953662"><ele>44.4</ele><time>2026-01-01T00:03:49Z</time></trkpt>
<trkpt lat="-27.503388" lon="152.953654"><ele>47.6</ele><time>2026-01-01T00:03:51Z</time></trkpt>
<trkpt lat="-27.503448" lon="152.953654"><ele>48.4</ele><time>2026-01-01T00:03:52Z</time></trkpt>
<trkpt lat="-27.503643" lon="152.953649"><ele>48.4</ele><time>2026-01-01T00:03:55Z</time></trkpt>
<trkpt lat="-27.503767" lon="152.953675"><ele>47.2</ele><time>2026-01-01T00:03:57Z</time></trkpt>
<trkpt lat="-27.503884" lon="152.953722"><ele>46.8</ele><time>2026-01-01T00:03:59Z</time></trkpt>
<trkpt lat="-27.504024" lon="152.953812"><ele>46.8</ele><time>2026-01-01T00:04:02Z</time></trkpt>
<trkpt lat="-27.504073" lon="152.953855"><ele>46.8</ele><time>2026-01-01T00:04:03Z</time></trkpt>
<trkpt lat="-27.504149" lon="152.953935"><ele>46.8</ele><time>2026-01-01T00:04:05Z</time></trkpt>
<trkpt lat="-27.504179" lon="152.953981"><ele>46.8</ele><time>2026-01-01T00:04:06Z</time></trkpt>
<trkpt lat="-27.504207" lon="152.954032"><ele>46.8</ele><time>2026-01-01T00:04:07Z</time></trkpt>
<trkpt lat="-27.504272" lon="152.954209"><ele>46.8</ele><time>2026-01-01T00:04:10Z</time></trkpt>
<trkpt lat="-27.504306" lon="152.954321"><ele>46.4</ele><time>2026-01-01T00:04:12Z</time></trkpt>
<trkpt lat="-27.504357" lon="152.954484"><ele>45.6</ele><time>2026-01-01T00:04:14Z</time></trkpt>
<trkpt lat="-27.504383" lon="152.954567"><ele>45</ele><time>2026-01-01T00:04:15Z</time></trkpt>
<trkpt lat="-27.504433" lon="152.954751"><ele>42.8</ele><time>2026-01-01T00:04:17Z</time></trkpt>
<trkpt lat="-27.504476" lon="152.954926"><ele>42.2</ele><time>2026-01-01T00:04:19Z</time></trkpt>
<trkpt lat="-27.504505" lon="152.95501"><ele>42.2</ele><time>2026-01-01T00:04:20Z</time></trkpt>
<trkpt lat="-27.504639" lon="152.955217"><ele>41.8</ele><time>2026-01-01T00:04:23Z</time></trkpt>
<trkpt lat="-27.504696" lon="152.955283"><ele>41.8</ele><time>2026-01-01T00:04:24Z</time></trkpt>
<trkpt lat="-27.504757" lon="152.955345"><ele>40.6</ele><time>2026-01-01T00:04:25Z</time></trkpt>
<trkpt lat="-27.504955" lon="152.955593"><ele>41.8</ele><time>2026-01-01T00:04:29Z</time></trkpt>
<trkpt lat="-27.505005" lon="152.955667"><ele>41.8</ele><time>2026-01-01T00:04:30Z</time></trkpt>
<trkpt lat="-27.505171" lon="152.955878"><ele>41.4</ele><time>2026-01-01T00:04:33Z</time></trkpt>
<trkpt lat="-27.505268" lon="152.956049"><ele>40.6</ele><time>2026-01-01T00:04:35Z</time></trkpt>
<trkpt lat="-27.505334" lon="152.956224"><ele>40.2</ele><time>2026-01-01T00:04:37Z</time></trkpt>
<trkpt lat="-27.505362" lon="152.95637"><ele>40.2</ele><time>2026-01-01T00:04:39Z</time></trkpt>
<trkpt lat="-27.505409" lon="152.956667"><ele>40</ele><time>2026-01-01T00:04:43Z</time></trkpt>
<trkpt lat="-27.505424" lon="152.956745"><ele>39.6</ele><time>2026-01-01T00:04:44Z</time></trkpt>
<trkpt lat="-27.505442" lon="152.956848"><ele>39.2</ele><time>2026-01-01T00:04:45Z</time></trkpt>
<trkpt lat="-27.505448" lon="152.956946"><ele>38.2</ele><time>2026-01-01T00:04:46Z</time></trkpt>
<trkpt lat="-27.505446" lon="152.957029"><ele>37.2</ele><time>2026-01-01T00:04:47Z</time></trkpt>
<trkpt lat="-27.505444" lon="152.957155"><ele>36.2</ele><time>2026-01-01T00:04:48Z</time></trkpt>
<trkpt lat="-27.505443" lon="152.957239"><ele>35.8</ele><time>2026-01-01T00:04:49Z</time></trkpt>
<trkpt lat="-27.505426" lon="152.957652"><ele>34.8</ele><time>2026-01-01T00:04:53Z</time></trkpt>
<trkpt lat="-27.505427" lon="152.957742"><ele>33.2</ele><time>2026-01-01T00:04:54Z</time></trkpt>
<trkpt lat="-27.505432" lon="152.958077"><ele>32</ele><time>2026-01-01T00:04:58Z</time></trkpt>
<trkpt lat="-27.505443" lon="152.958149"><ele>31.2</ele><time>2026-01-01T00:04:59Z</time></trkpt>
<trkpt lat="-27.505455" lon="152.958231"><ele>30.6</ele><time>2026-01-01T00:05:00Z</time></trkpt>
<trkpt lat="-27.505478" lon="152.958339"><ele>29.6</ele><time>2026-01-01T00:05:02Z</time></trkpt>
<trkpt lat="-27.505507" lon="152.9584"><ele>29.2</ele><time>2026-01-01T00:05:03Z</time></trkpt>
<trkpt lat="-27.505599" lon="152.958498"><ele>28</ele><time>2026-01-01T00:05:05Z</time></trkpt>
<trkpt lat="-27.505664" lon="152.958553"><ele>26.8</ele><time>2026-01-01T00:05:06Z</time></trkpt>
<trkpt lat="-27.505735" lon="152.958619"><ele>25.4</ele><time>2026-01-01T00:05:07Z</time></trkpt>
<trkpt lat="-27.50587" lon="152.958771"><ele>24.2</ele><time>2026-01-01T00:05:09Z</time></trkpt>
<trkpt lat="-27.505931" lon="152.958843"><ele>21.6</ele><time>2026-01-01T00:05:10Z</time></trkpt>
<trkpt lat="-27.50606" lon="152.958983"><ele>20.8</ele><time>2026-01-01T00:05:12Z</time></trkpt>
<trkpt lat="-27.506122" lon="152.959044"><ele>20.6</ele><time>2026-01-01T00:05:13Z</time></trkpt>
<trkpt lat="-27.506178" lon="152.959094"><ele>19.6</ele><time>2026-01-01T00:05:14Z</time></trkpt>
<trkpt lat="-27.50627" lon="152.959179"><ele>18.2</ele><time>2026-01-01T00:05:16Z</time></trkpt>
<trkpt lat="-27.506314" lon="152.95921"><ele>17.4</ele><time>2026-01-01T00:05:17Z</time></trkpt>
<trkpt lat="-27.506367" lon="152.959226"><ele>17</ele><time>2026-01-01T00:05:18Z</time></trkpt>
<trkpt lat="-27.50642" lon="152.959215"><ele>16.4</ele><time>2026-01-01T00:05:19Z</time></trkpt>
<trkpt lat="-27.506521" lon="152.959126"><ele>15.4</ele><time>2026-01-01T00:05:21Z</time></trkpt>
<trkpt lat="-27.506557" lon="152.95907"><ele>15</ele><time>2026-01-01T00:05:22Z</time></trkpt>
<trkpt lat="-27.506591" lon="152.959025"><ele>14.8</ele><time>2026-01-01T00:05:23Z</time></trkpt>
<trkpt lat="-27.506618" lon="152.958997"><ele>14.8</ele><time>2026-01-01T00:05:24Z</time></trkpt>
<trkpt lat="-27.506645" lon="152.958982"><ele>14.8</ele><time>2026-01-01T00:05:25Z</time></trkpt>
<trkpt lat="-27.506697" lon="152.958974"><ele>15</ele><time>2026-01-01T00:05:28Z</time></trkpt>
<trkpt lat="-27.506701" lon="152.958977"><ele>15</ele><time>2026-01-01T00:05:29Z</time></trkpt>
<trkpt lat="-27.506701" lon="152.958977"><ele>15.2</ele><time>2026-01-01T00:05:31Z</time></trkpt>
<trkpt lat="-27.506727" lon="152.959056"><ele>15</ele><time>2026-01-01T00:05:43Z</time></trkpt>
<trkpt lat="-27.506728" lon="152.959099"><ele>15</ele><time>2026-01-01T00:05:44Z</time></trkpt>
<trkpt lat="-27.50672" lon="152.959146"><ele>15</ele><time>2026-01-01T00:05:45Z</time></trkpt>
<trkpt lat="-27.506662" lon="152.959247"><ele>14.6</ele><time>2026-01-01T00:05:47Z</time></trkpt>
<trkpt lat="-27.506558" lon="152.959388"><ele>14.4</ele><time>2026-01-01T00:05:50Z</time></trkpt>
<trkpt lat="-27.506435" lon="152.959541"><ele>15</ele><time>2026-01-01T00:05:53Z</time></trkpt>
<trkpt lat="-27.506287" lon="152.959705"><ele>16.4</ele><time>2026-01-01T00:05:58Z</time></trkpt>
<trkpt lat="-27.506143" lon="152.959833"><ele>17.2</ele><time>2026-01-01T00:06:05Z</time></trkpt>
<trkpt lat="-27.506139" lon="152.959834"><ele>17.6</ele><time>2026-01-01T00:06:07Z</time></trkpt>
<trkpt lat="-27.506092" lon="152.959889"><ele>17.2</ele><time>2026-01-01T00:06:44Z</time></trkpt>
<trkpt lat="-27.50604" lon="152.959959"><ele>17.2</ele><time>2026-01-01T00:06:46Z</time></trkpt>
<trkpt lat="-27.506026" lon="152.960005"><ele>17.2</ele><time>2026-01-01T00:06:47Z</time></trkpt>
<trkpt lat="-27.506028" lon="152.960124"><ele>17</ele><time>2026-01-01T00:06:49Z</time></trkpt>
<trkpt lat="-27.506044" lon="152.960278"><ele>16</ele><time>2026-01-01T00:06:51Z</time></trkpt>
<trkpt lat="-27.506063" lon="152.960472"><ele>14.2</ele><time>2026-01-01T00:06:53Z</time></trkpt>
<trkpt lat="-27.506078" lon="152.960575"><ele>12.8</ele><time>2026-01-01T00:06:54Z</time></trkpt>
<trkpt lat="-27.506096" lon="152.960678"><ele>12.4</ele><time>2026-01-01T00:06:55Z</time></trkpt>
<trkpt lat="-27.506112" lon="152.960779"><ele>11.2</ele><time>2026-01-01T00:06:56Z</time></trkpt>
<trkpt lat="-27.506133" lon="152.960973"><ele>10.4</ele><time>2026-01-01T00:06:58Z</time></trkpt>
<trkpt lat="-27.506162" lon="152.961163"><ele>10.4</ele><time>2026-01-01T00:07:00Z</time></trkpt>
<trkpt lat="-27.506197" lon="152.961345"><ele>10.8</ele><time>2026-01-01T00:07:02Z</time></trkpt>
<trkpt lat="-27.506237" lon="152.961677"><ele>11.2</ele><time>2026-01-01T00:07:06Z</time></trkpt>
<trkpt lat="-27.50634" lon="152.96228"><ele>11.4</ele><time>2026-01-01T00:07:13Z</time></trkpt>
<trkpt lat="-27.506353" lon="152.962369"><ele>11.4</ele><time>2026-01-01T00:07:14Z</time></trkpt>
<trkpt lat="-27.50641" lon="152.962747"><ele>9.8</ele><time>2026-01-01T00:07:18Z</time></trkpt>
<trkpt lat="-27.506426" lon="152.962848"><ele>9.4</ele><time>2026-01-01T00:07:19Z</time></trkpt>
<trkpt lat="-27.506474" lon="152.963225"><ele>8.6</ele><time>2026-01-01T00:07:23Z</time></trkpt>
<trkpt lat="-27.506575" lon="152.963757"><ele>8.6</ele><time>2026-01-01T00:07:29Z</time></trkpt>
<trkpt lat="-27.506631" lon="152.964204"><ele>8.8</ele><time>2026-01-01T00:07:34Z</time></trkpt>
<trkpt lat="-27.506648" lon="152.964289"><ele>8.8</ele><time>2026-01-01T00:07:35Z</time></trkpt>
<trkpt lat="-27.506668" lon="152.964362"><ele>8.8</ele><time>2026-01-01T00:07:36Z</time></trkpt>
<trkpt lat="-27.506693" lon="152.964454"><ele>8.8</ele><time>2026-01-01T00:07:38Z</time></trkpt>
<trkpt lat="-27.506706" lon="152.964517"><ele>8.8</ele><time>2026-01-01T00:07:41Z</time></trkpt>
<trkpt lat="-27.506711" lon="152.964569"><ele>8.8</ele><time>2026-01-01T00:07:43Z</time></trkpt>
<trkpt lat="-27.506716" lon="152.964633"><ele>8.8</ele><time>2026-01-01T00:07:45Z</time></trkpt>
<trkpt lat="-27.506717" lon="152.964702"><ele>9</ele><time>2026-01-01T00:07:47Z</time></trkpt>
<trkpt lat="-27.506762" lon="152.964787"><ele>8.8</ele><time>2026-01-01T00:07:49Z</time></trkpt>
<trkpt lat="-27.506805" lon="152.964815"><ele>8.8</ele><time>2026-01-01T00:07:50Z</time></trkpt>
<trkpt lat="-27.506876" lon="152.964885"><ele>8.8</ele><time>2026-01-01T00:07:52Z</time></trkpt>
<trkpt lat="-27.506887" lon="152.965"><ele>8.6</ele><time>2026-01-01T00:07:54Z</time></trkpt>
<trkpt lat="-27.506869" lon="152.965062"><ele>8.6</ele><time>2026-01-01T00:07:55Z</time></trkpt>
<trkpt lat="-27.506822" lon="152.965289"><ele>8</ele><time>2026-01-01T00:07:58Z</time></trkpt>
<trkpt lat="-27.506821" lon="152.965373"><ele>8</ele><time>2026-01-01T00:07:59Z</time></trkpt>
<trkpt lat="-27.506825" lon="152.965458"><ele>7.8</ele><time>2026-01-01T00:08:00Z</time></trkpt>
<trkpt lat="-27.506864" lon="152.965708"><ele>7.6</ele><time>2026-01-01T00:08:03Z</time></trkpt>
<trkpt lat="-27.506916" lon="152.966104"><ele>7.4</ele><time>2026-01-01T00:08:08Z</time></trkpt>
<trkpt lat="-27.50691" lon="152.96625"><ele>7.4</ele><time>2026-01-01T00:08:10Z</time></trkpt>
<trkpt lat="-27.506915" lon="152.966377"><ele>7.6</ele><time>2026-01-01T00:08:12Z</time></trkpt>
<trkpt lat="-27.506941" lon="152.966493"><ele>7.6</ele><time>2026-01-01T00:08:14Z</time></trkpt>
<trkpt lat="-27.506992" lon="152.966736"><ele>8.2</ele><time>2026-01-01T00:08:18Z</time></trkpt>
<trkpt lat="-27.506999" lon="152.966784"><ele>8.4</ele><time>2026-01-01T00:08:19Z</time></trkpt>
<trkpt lat="-27.507012" lon="152.966976"><ele>8.6</ele><time>2026-01-01T00:08:22Z</time></trkpt>
<trkpt lat="-27.506991" lon="152.967083"><ele>8.6</ele><time>2026-01-01T00:08:24Z</time></trkpt>
<trkpt lat="-27.50694" lon="152.967168"><ele>8.8</ele><time>2026-01-01T00:08:26Z</time></trkpt>
<trkpt lat="-27.506877" lon="152.967239"><ele>9.2</ele><time>2026-01-01T00:08:28Z</time></trkpt>
<trkpt lat="-27.506806" lon="152.9673"><ele>9.6</ele><time>2026-01-01T00:08:30Z</time></trkpt>
<trkpt lat="-27.506768" lon="152.967333"><ele>9.8</ele><time>2026-01-01T00:08:31Z</time></trkpt>
<trkpt lat="-27.506572" lon="152.967504"><ele>10.2</ele><time>2026-01-01T00:08:36Z</time></trkpt>
<trkpt lat="-27.506416" lon="152.967642"><ele>10.4</ele><time>2026-01-01T00:08:40Z</time></trkpt>
<trkpt lat="-27.506258" lon="152.967775"><ele>11</ele><time>2026-01-01T00:08:44Z</time></trkpt>
<trkpt lat="-27.506221" lon="152.967807"><ele>11.6</ele><time>2026-01-01T00:08:45Z</time></trkpt>
<trkpt lat="-27.506147" lon="152.967868"><ele>12.2</ele><time>2026-01-01T00:08:47Z</time></trkpt>
<trkpt lat="-27.50604" lon="152.967972"><ele>13.4</ele><time>2026-01-01T00:08:50Z</time></trkpt>
<trkpt lat="-27.505965" lon="152.968052"><ele>13.4</ele><time>2026-01-01T00:08:52Z</time></trkpt>
<trkpt lat="-27.505719" lon="152.968251"><ele>12.4</ele><time>2026-01-01T00:08:57Z</time></trkpt>
<trkpt lat="-27.505666" lon="152.968295"><ele>12.4</ele><time>2026-01-01T00:08:58Z</time></trkpt>
<trkpt lat="-27.505439" lon="152.968502"><ele>12.2</ele><time>2026-01-01T00:09:03Z</time></trkpt>
<trkpt lat="-27.505395" lon="152.96854"><ele>12.4</ele><time>2026-01-01T00:09:04Z</time></trkpt>
<trkpt lat="-27.505296" lon="152.968647"><ele>14.8</ele><time>2026-01-01T00:09:07Z</time></trkpt>
<trkpt lat="-27.505287" lon="152.968686"><ele>15</ele><time>2026-01-01T00:09:08Z</time></trkpt>
<trkpt lat="-27.505292" lon="152.968778"><ele>15.8</ele><time>2026-01-01T00:09:10Z</time></trkpt>
<trkpt lat="-27.505323" lon="152.96888"><ele>16</ele><time>2026-01-01T00:09:12Z</time></trkpt>
<trkpt lat="-27.505366" lon="152.96903"><ele>15.8</ele><time>2026-01-01T00:09:15Z</time></trkpt>
<trkpt lat="-27.505371" lon="152.969133"><ele>15.6</ele><time>2026-01-01T00:09:17Z</time></trkpt>
<trkpt lat="-27.505347" lon="152.969245"><ele>15.2</ele><time>2026-01-01T00:09:19Z</time></trkpt>
<trkpt lat="-27.505298" lon="152.969384"><ele>14.6</ele><time>2026-01-01T00:09:21Z</time></trkpt>
<trkpt lat="-27.505274" lon="152.969454"><ele>14.2</ele><time>2026-01-01T00:09:22Z</time></trkpt>
<trkpt lat="-27.505256" lon="152.969526"><ele>13.8</ele><time>2026-01-01T00:09:23Z</time></trkpt>
<trkpt lat="-27.505235" lon="152.969597"><ele>13.4</ele><time>2026-01-01T00:09:24Z</time></trkpt>
<trkpt lat="-27.505142" lon="152.969887"><ele>12.6</ele><time>2026-01-01T00:09:28Z</time></trkpt>
<trkpt lat="-27.505086" lon="152.970026"><ele>12</ele><time>2026-01-01T00:09:30Z</time></trkpt>
<trkpt lat="-27.504947" lon="152.970295"><ele>11.4</ele><time>2026-01-01T00:09:34Z</time></trkpt>
<trkpt lat="-27.504881" lon="152.970427"><ele>11</ele><time>2026-01-01T00:09:36Z</time></trkpt>
<trkpt lat="-27.504852" lon="152.970565"><ele>10.8</ele><time>2026-01-01T00:09:38Z</time></trkpt>
<trkpt lat="-27.504837" lon="152.970838"><ele>10.4</ele><time>2026-01-01T00:09:42Z</time></trkpt>
<trkpt lat="-27.504832" lon="152.970974"><ele>10</ele><time>2026-01-01T00:09:44Z</time></trkpt>
<trkpt lat="-27.504783" lon="152.971597"><ele>10.4</ele><time>2026-01-01T00:09:53Z</time></trkpt>
<trkpt lat="-27.504728" lon="152.972237"><ele>10.4</ele><time>2026-01-01T00:10:02Z</time></trkpt>
<trkpt lat="-27.504648" lon="152.972791"><ele>11.2</ele><time>2026-01-01T00:10:10Z</time></trkpt>
<trkpt lat="-27.504631" lon="152.972915"><ele>11.6</ele><time>2026-01-01T00:10:12Z</time></trkpt>
<trkpt lat="-27.504629" lon="152.973092"><ele>11.6</ele><time>2026-01-01T00:10:15Z</time></trkpt>
<trkpt lat="-27.504645" lon="152.973146"><ele>11.8</ele><time>2026-01-01T00:10:16Z</time></trkpt>
<trkpt lat="-27.504671" lon="152.973195"><ele>11.8</ele><time>2026-01-01T00:10:17Z</time></trkpt>
<trkpt lat="-27.50474" lon="152.973282"><ele>12</ele><time>2026-01-01T00:10:19Z</time></trkpt>
<trkpt lat="-27.504783" lon="152.973315"><ele>12.2</ele><time>2026-01-01T00:10:20Z</time></trkpt>
<trkpt lat="-27.504867" lon="152.97337"><ele>12.8</ele><time>2026-01-01T00:10:22Z</time></trkpt>
<trkpt lat="-27.504931" lon="152.973443"><ele>12.8</ele><time>2026-01-01T00:10:24Z</time></trkpt>
<trkpt lat="-27.504953" lon="152.973489"><ele>13.2</ele><time>2026-01-01T00:10:25Z</time></trkpt>
<trkpt lat="-27.50506" lon="152.973796"><ele>13.6</ele><time>2026-01-01T00:10:31Z</time></trkpt>
<trkpt lat="-27.505076" lon="152.973839"><ele>13.6</ele><time>2026-01-01T00:10:32Z</time></trkpt>
<trkpt lat="-27.505141" lon="152.973997"><ele>13.4</ele><time>2026-01-01T00:10:35Z</time></trkpt>
<trkpt lat="-27.505179" lon="152.97409"><ele>13</ele><time>2026-01-01T00:10:38Z</time></trkpt>
<trkpt lat="-27.50518" lon="152.974105"><ele>13.2</ele><time>2026-01-01T00:10:41Z</time></trkpt>
<trkpt lat="-27.50518" lon="152.974123"><ele>13.6</ele><time>2026-01-01T00:10:42Z</time></trkpt>
<trkpt lat="-27.505248" lon="152.974295"><ele>14.4</ele><time>2026-01-01T00:10:45Z</time></trkpt>
<trkpt lat="-27.505334" lon="152.974553"><ele>15.4</ele><time>2026-01-01T00:10:49Z</time></trkpt>
<trkpt lat="-27.50534" lon="152.974619"><ele>15.8</ele><time>2026-01-01T00:10:50Z</time></trkpt>
<trkpt lat="-27.505338" lon="152.974685"><ele>15.8</ele><time>2026-01-01T00:10:51Z</time></trkpt>
<trkpt lat="-27.505295" lon="152.974795"><ele>16.6</ele><time>2026-01-01T00:10:53Z</time></trkpt>
<trkpt lat="-27.505262" lon="152.974843"><ele>16.8</ele><time>2026-01-01T00:10:54Z</time></trkpt>
<trkpt lat="-27.505222" lon="152.974877"><ele>17</ele><time>2026-01-01T00:10:55Z</time></trkpt>
<trkpt lat="-27.505176" lon="152.974903"><ele>17.4</ele><time>2026-01-01T00:10:56Z</time></trkpt>
<trkpt lat="-27.505131" lon="152.974921"><ele>17.8</ele><time>2026-01-01T00:10:57Z</time></trkpt>
<trkpt lat="-27.505084" lon="152.974937"><ele>18</ele><time>2026-01-01T00:10:58Z</time></trkpt>
<trkpt lat="-27.505037" lon="152.974954"><ele>18</ele><time>2026-01-01T00:10:59Z</time></trkpt>
<trkpt lat="-27.504889" lon="152.974997"><ele>18.4</ele><time>2026-01-01T00:11:02Z</time></trkpt>
<trkpt lat="-27.504802" lon="152.974989"><ele>18.6</ele><time>2026-01-01T00:11:04Z</time></trkpt>
<trkpt lat="-27.504762" lon="152.974971"><ele>19.2</ele><time>2026-01-01T00:11:05Z</time></trkpt>
<trkpt lat="-27.504679" lon="152.974895"><ele>20.2</ele><time>2026-01-01T00:11:08Z</time></trkpt>
<trkpt lat="-27.504659" lon="152.974866"><ele>21.4</ele><time>2026-01-01T00:11:09Z</time></trkpt>
<trkpt lat="-27.504585" lon="152.97473"><ele>22</ele><time>2026-01-01T00:11:14Z</time></trkpt>
<trkpt lat="-27.504553" lon="152.974709"><ele>22</ele><time>2026-01-01T00:11:15Z</time></trkpt>
<trkpt lat="-27.504479" lon="152.974735"><ele>22</ele><time>2026-01-01T00:11:17Z</time></trkpt>
<trkpt lat="-27.504252" lon="152.974899"><ele>21.4</ele><time>2026-01-01T00:11:23Z</time></trkpt>
<trkpt lat="-27.504209" lon="152.974933"><ele>21.4</ele><time>2026-01-01T00:11:24Z</time></trkpt>
<trkpt lat="-27.50417" lon="152.974969"><ele>21.4</ele><time>2026-01-01T00:11:25Z</time></trkpt>
<trkpt lat="-27.504097" lon="152.975039"><ele>21.2</ele><time>2026-01-01T00:11:27Z</time></trkpt>
<trkpt lat="-27.504018" lon="152.975114"><ele>21.2</ele><time>2026-01-01T00:11:29Z</time></trkpt>
<trkpt lat="-27.503799" lon="152.97531"><ele>21</ele><time>2026-01-01T00:11:34Z</time></trkpt>
<trkpt lat="-27.503754" lon="152.975351"><ele>21</ele><time>2026-01-01T00:11:35Z</time></trkpt>
<trkpt lat="-27.503713" lon="152.975392"><ele>21</ele><time>2026-01-01T00:11:36Z</time></trkpt>
<trkpt lat="-27.503497" lon="152.975574"><ele>21.2</ele><time>2026-01-01T00:11:41Z</time></trkpt>
<trkpt lat="-27.50338" lon="152.975684"><ele>21</ele><time>2026-01-01T00:11:44Z</time></trkpt>
<trkpt lat="-27.503311" lon="152.975757"><ele>21</ele><time>2026-01-01T00:11:46Z</time></trkpt>
<trkpt lat="-27.503248" lon="152.975841"><ele>21.6</ele><time>2026-01-01T00:11:48Z</time></trkpt>
<trkpt lat="-27.50323" lon="152.975883"><ele>21.8</ele><time>2026-01-01T00:11:49Z</time></trkpt>
<trkpt lat="-27.503181" lon="152.976059"><ele>21.6</ele><time>2026-01-01T00:11:53Z</time></trkpt>
<trkpt lat="-27.503189" lon="152.976164"><ele>21.4</ele><time>2026-01-01T00:11:55Z</time></trkpt>
<trkpt lat="-27.503224" lon="152.976272"><ele>21</ele><time>2026-01-01T00:11:57Z</time></trkpt>
<trkpt lat="-27.503287" lon="152.97642"><ele>20.8</ele><time>2026-01-01T00:12:00Z</time></trkpt>
<trkpt lat="-27.503332" lon="152.976571"><ele>20.8</ele><time>2026-01-01T00:12:03Z</time></trkpt>
<trkpt lat="-27.503453" lon="152.97685"><ele>20.8</ele><time>2026-01-01T00:12:10Z</time></trkpt>
<trkpt lat="-27.503522" lon="152.976849"><ele>20.8</ele><time>2026-01-01T00:12:12Z</time></trkpt>
<trkpt lat="-27.503604" lon="152.976832"><ele>21.2</ele><time>2026-01-01T00:12:14Z</time></trkpt>
<trkpt lat="-27.503732" lon="152.97681"><ele>22.4</ele><time>2026-01-01T00:12:17Z</time></trkpt>
<trkpt lat="-27.503845" lon="152.976792"><ele>23.6</ele><time>2026-01-01T00:12:20Z</time></trkpt>
<trkpt lat="-27.503886" lon="152.976788"><ele>24.2</ele><time>2026-01-01T00:12:21Z</time></trkpt>
<trkpt lat="-27.503967" lon="152.976786"><ele>25</ele><time>2026-01-01T00:12:23Z</time></trkpt>
<trkpt lat="-27.504081" lon="152.976777"><ele>25.8</ele><time>2026-01-01T00:12:26Z</time></trkpt>
<trkpt lat="-27.504123" lon="152.976775"><ele>26.4</ele><time>2026-01-01T00:12:27Z</time></trkpt>
<trkpt lat="-27.504251" lon="152.976809"><ele>27.4</ele><time>2026-01-01T00:12:30Z</time></trkpt>
<trkpt lat="-27.504288" lon="152.976821"><ele>28.2</ele><time>2026-01-01T00:12:31Z</time></trkpt>
<trkpt lat="-27.504412" lon="152.976824"><ele>29.2</ele><time>2026-01-01T00:12:34Z</time></trkpt>
<trkpt lat="-27.504442" lon="152.976836"><ele>29.4</ele><time>2026-01-01T00:12:35Z</time></trkpt>
<trkpt lat="-27.504471" lon="152.97691"><ele>30.2</ele><time>2026-01-01T00:12:37Z</time></trkpt>
<trkpt lat="-27.504484" lon="152.976991"><ele>30.2</ele><time>2026-01-01T00:12:39Z</time></trkpt>
<trkpt lat="-27.504488" lon="152.977036"><ele>30.4</ele><time>2026-01-01T00:12:40Z</time></trkpt>
<trkpt lat="-27.504508" lon="152.977152"><ele>30.8</ele><time>2026-01-01T00:12:43Z</time></trkpt>
<trkpt lat="-27.504522" lon="152.977192"><ele>30.8</ele><time>2026-01-01T00:12:44Z</time></trkpt>
<trkpt lat="-27.504579" lon="152.977461"><ele>29.8</ele><time>2026-01-01T00:12:49Z</time></trkpt>
<trkpt lat="-27.504589" lon="152.97752"><ele>29.4</ele><time>2026-01-01T00:12:50Z</time></trkpt>
<trkpt lat="-27.504629" lon="152.977738"><ele>28.2</ele><time>2026-01-01T00:12:53Z</time></trkpt>
<trkpt lat="-27.504645" lon="152.9779"><ele>27.2</ele><time>2026-01-01T00:12:55Z</time></trkpt>
<trkpt lat="-27.50466" lon="152.977978"><ele>26.4</ele><time>2026-01-01T00:12:56Z</time></trkpt>
<trkpt lat="-27.50471" lon="152.978233"><ele>25</ele><time>2026-01-01T00:12:59Z</time></trkpt>
<trkpt lat="-27.504736" lon="152.97841"><ele>24</ele><time>2026-01-01T00:13:01Z</time></trkpt>
<trkpt lat="-27.504747" lon="152.978494"><ele>24</ele><time>2026-01-01T00:13:02Z</time></trkpt>
<trkpt lat="-27.504793" lon="152.978868"><ele>24</ele><time>2026-01-01T00:13:07Z</time></trkpt>
<trkpt lat="-27.504825" lon="152.979162"><ele>25.4</ele><time>2026-01-01T00:13:12Z</time></trkpt>
<trkpt lat="-27.504843" lon="152.979265"><ele>26.6</ele><time>2026-01-01T00:13:14Z</time></trkpt>
<trkpt lat="-27.504852" lon="152.979313"><ele>27.4</ele><time>2026-01-01T00:13:15Z</time></trkpt>
<trkpt lat="-27.504856" lon="152.979361"><ele>27.8</ele><time>2026-01-01T00:13:16Z</time></trkpt>
<trkpt lat="-27.504861" lon="152.979463"><ele>28.2</ele><time>2026-01-01T00:13:18Z</time></trkpt>
<trkpt lat="-27.504918" lon="152.97979"><ele>26.8</ele><time>2026-01-01T00:13:23Z</time></trkpt>
<trkpt lat="-27.504933" lon="152.979872"><ele>26.6</ele><time>2026-01-01T00:13:24Z</time></trkpt>
<trkpt lat="-27.504992" lon="152.980038"><ele>25.6</ele><time>2026-01-01T00:13:26Z</time></trkpt>
<trkpt lat="-27.505042" lon="152.980118"><ele>25.2</ele><time>2026-01-01T00:13:27Z</time></trkpt>
<trkpt lat="-27.505097" lon="152.980192"><ele>23</ele><time>2026-01-01T00:13:28Z</time></trkpt>
<trkpt lat="-27.505163" lon="152.980262"><ele>21.8</ele><time>2026-01-01T00:13:29Z</time></trkpt>
<trkpt lat="-27.505294" lon="152.980404"><ele>21</ele><time>2026-01-01T00:13:31Z</time></trkpt>
<trkpt lat="-27.505487" lon="152.980663"><ele>22.2</ele><time>2026-01-01T00:13:35Z</time></trkpt>
<trkpt lat="-27.505524" lon="152.980718"><ele>23</ele><time>2026-01-01T00:13:36Z</time></trkpt>
<trkpt lat="-27.505559" lon="152.980771"><ele>24.2</ele><time>2026-01-01T00:13:37Z</time></trkpt>
<trkpt lat="-27.50559" lon="152.980819"><ele>25</ele><time>2026-01-01T00:13:38Z</time></trkpt>
<trkpt lat="-27.50562" lon="152.980864"><ele>26.6</ele><time>2026-01-01T00:13:39Z</time></trkpt>
<trkpt lat="-27.505682" lon="152.980954"><ele>28.6</ele><time>2026-01-01T00:13:41Z</time></trkpt>
<trkpt lat="-27.505743" lon="152.981042"><ele>29.8</ele><time>2026-01-01T00:13:43Z</time></trkpt>
<trkpt lat="-27.505804" lon="152.981125"><ele>31.4</ele><time>2026-01-01T00:13:45Z</time></trkpt>
<trkpt lat="-27.505832" lon="152.981168"><ele>31.8</ele><time>2026-01-01T00:13:46Z</time></trkpt>
<trkpt lat="-27.505892" lon="152.98125"><ele>32.8</ele><time>2026-01-01T00:13:48Z</time></trkpt>
<trkpt lat="-27.505957" lon="152.981327"><ele>33.4</ele><time>2026-01-01T00:13:50Z</time></trkpt>
<trkpt lat="-27.505988" lon="152.981366"><ele>34</ele><time>2026-01-01T00:13:51Z</time></trkpt>
<trkpt lat="-27.506053" lon="152.981449"><ele>35.2</ele><time>2026-01-01T00:13:53Z</time></trkpt>
<trkpt lat="-27.506082" lon="152.981489"><ele>35.6</ele><time>2026-01-01T00:13:54Z</time></trkpt>
<trkpt lat="-27.506108" lon="152.981533"><ele>36.2</ele><time>2026-01-01T00:13:55Z</time></trkpt>
<trkpt lat="-27.506171" lon="152.98162"><ele>37</ele><time>2026-01-01T00:13:57Z</time></trkpt>
<trkpt lat="-27.506198" lon="152.981667"><ele>37.4</ele><time>2026-01-01T00:13:58Z</time></trkpt>
<trkpt lat="-27.506214" lon="152.981719"><ele>37.6</ele><time>2026-01-01T00:13:59Z</time></trkpt>
<trkpt lat="-27.506222" lon="152.98182"><ele>37.8</ele><time>2026-01-01T00:14:01Z</time></trkpt>
<trkpt lat="-27.506221" lon="152.981969"><ele>38.6</ele><time>2026-01-01T00:14:05Z</time></trkpt>
<trkpt lat="-27.506224" lon="152.981997"><ele>39</ele><time>2026-01-01T00:14:06Z</time></trkpt>
<trkpt lat="-27.506213" lon="152.982038"><ele>39.2</ele><time>2026-01-01T00:14:08Z</time></trkpt>
<trkpt lat="-27.506202" lon="152.982057"><ele>39.2</ele><time>2026-01-01T00:14:09Z</time></trkpt>
<trkpt lat="-27.506179" lon="152.982088"><ele>39.2</ele><time>2026-01-01T00:14:11Z</time></trkpt>
<trkpt lat="-27.50614" lon="152.982132"><ele>38.8</ele><time>2026-01-01T00:14:15Z</time></trkpt>
<trkpt lat="-27.506116" lon="152.982139"><ele>38.6</ele><time>2026-01-01T00:14:16Z</time></trkpt>
<trkpt lat="-27.505998" lon="152.982141"><ele>38</ele><time>2026-01-01T00:14:19Z</time></trkpt>
<trkpt lat="-27.50594" lon="152.982133"><ele>37.2</ele><time>2026-01-01T00:14:20Z</time></trkpt>
<trkpt lat="-27.505816" lon="152.982102"><ele>35.8</ele><time>2026-01-01T00:14:22Z</time></trkpt>
<trkpt lat="-27.505703" lon="152.982059"><ele>34.2</ele><time>2026-01-01T00:14:24Z</time></trkpt>
<trkpt lat="-27.50565" lon="152.982041"><ele>33.6</ele><time>2026-01-01T00:14:25Z</time></trkpt>
<trkpt lat="-27.505601" lon="152.982031"><ele>32.6</ele><time>2026-01-01T00:14:26Z</time></trkpt>
<trkpt lat="-27.505523" lon="152.982052"><ele>31.8</ele><time>2026-01-01T00:14:28Z</time></trkpt>
<trkpt lat="-27.505493" lon="152.982069"><ele>31.4</ele><time>2026-01-01T00:14:29Z</time></trkpt>
<trkpt lat="-27.505467" lon="152.982094"><ele>31</ele><time>2026-01-01T00:14:30Z</time></trkpt>
<trkpt lat="-27.50544" lon="152.982177"><ele>31</ele><time>2026-01-01T00:14:32Z</time></trkpt>
<trkpt lat="-27.505446" lon="152.982231"><ele>31</ele><time>2026-01-01T00:14:33Z</time></trkpt>
<trkpt lat="-27.505505" lon="152.982326"><ele>31.2</ele><time>2026-01-01T00:14:35Z</time></trkpt>
<trkpt lat="-27.50556" lon="152.98243"><ele>32.4</ele><time>2026-01-01T00:14:37Z</time></trkpt>
<trkpt lat="-27.505618" lon="152.982522"><ele>33.8</ele><time>2026-01-01T00:14:39Z</time></trkpt>
<trkpt lat="-27.505692" lon="152.982588"><ele>34</ele><time>2026-01-01T00:14:41Z</time></trkpt>
<trkpt lat="-27.505778" lon="152.982667"><ele>34.8</ele><time>2026-01-01T00:14:44Z</time></trkpt>
<trkpt lat="-27.505843" lon="152.982711"><ele>35.2</ele><time>2026-01-01T00:14:46Z</time></trkpt>
<trkpt lat="-27.505931" lon="152.982776"><ele>35.8</ele><time>2026-01-01T00:14:49Z</time></trkpt>
<trkpt lat="-27.505991" lon="152.982794"><ele>35.8</ele><time>2026-01-01T00:14:51Z</time></trkpt>
<trkpt lat="-27.506099" lon="152.982831"><ele>35.6</ele><time>2026-01-01T00:14:54Z</time></trkpt>
<trkpt lat="-27.506143" lon="152.982849"><ele>35.4</ele><time>2026-01-01T00:14:55Z</time></trkpt>
<trkpt lat="-27.50619" lon="152.982871"><ele>35</ele><time>2026-01-01T00:14:56Z</time></trkpt>
<trkpt lat="-27.506236" lon="152.982903"><ele>34.4</ele><time>2026-01-01T00:14:57Z</time></trkpt>
<trkpt lat="-27.506341" lon="152.982996"><ele>33.4</ele><time>2026-01-01T00:14:59Z</time></trkpt>
<trkpt lat="-27.506463" lon="152.983109"><ele>31.6</ele><time>2026-01-01T00:15:01Z</time></trkpt>
<trkpt lat="-27.506596" lon="152.983227"><ele>30.4</ele><time>2026-01-01T00:15:03Z</time></trkpt>
<trkpt lat="-27.506741" lon="152.983367"><ele>28.8</ele><time>2026-01-01T00:15:05Z</time></trkpt>
<trkpt lat="-27.506821" lon="152.983447"><ele>27.8</ele><time>2026-01-01T00:15:06Z</time></trkpt>
<trkpt lat="-27.506971" lon="152.983594"><ele>26.6</ele><time>2026-01-01T00:15:08Z</time></trkpt>
<trkpt lat="-27.507059" lon="152.983681"><ele>25.4</ele><time>2026-01-01T00:15:09Z</time></trkpt>
<trkpt lat="-27.507223" lon="152.983835"><ele>24.2</ele><time>2026-01-01T00:15:11Z</time></trkpt>
<trkpt lat="-27.507303" lon="152.983911"><ele>23.6</ele><time>2026-01-01T00:15:12Z</time></trkpt>
<trkpt lat="-27.507384" lon="152.983988"><ele>23</ele><time>2026-01-01T00:15:13Z</time></trkpt>
<trkpt lat="-27.50765" lon="152.98425"><ele>22.8</ele><time>2026-01-01T00:15:17Z</time></trkpt>
<trkpt lat="-27.507915" lon="152.984539"><ele>23.4</ele><time>2026-01-01T00:15:22Z</time></trkpt>
<trkpt lat="-27.508056" lon="152.984673"><ele>24</ele><time>2026-01-01T00:15:25Z</time></trkpt>
<trkpt lat="-27.508105" lon="152.984717"><ele>24.4</ele><time>2026-01-01T00:15:26Z</time></trkpt>
<trkpt lat="-27.508152" lon="152.984757"><ele>25</ele><time>2026-01-01T00:15:27Z</time></trkpt>
<trkpt lat="-27.508194" lon="152.984792"><ele>25.4</ele><time>2026-01-01T00:15:28Z</time></trkpt>
<trkpt lat="-27.508312" lon="152.984893"><ele>26.2</ele><time>2026-01-01T00:15:31Z</time></trkpt>
<trkpt lat="-27.508388" lon="152.984959"><ele>26.6</ele><time>2026-01-01T00:15:33Z</time></trkpt>
<trkpt lat="-27.508494" lon="152.985039"><ele>28.2</ele><time>2026-01-01T00:15:36Z</time></trkpt>
<trkpt lat="-27.508564" lon="152.985093"><ele>29</ele><time>2026-01-01T00:15:38Z</time></trkpt>
<trkpt lat="-27.508637" lon="152.985149"><ele>29.4</ele><time>2026-01-01T00:15:40Z</time></trkpt>
<trkpt lat="-27.508842" lon="152.985275"><ele>29.4</ele><time>2026-01-01T00:15:45Z</time></trkpt>
<trkpt lat="-27.508888" lon="152.985306"><ele>29.2</ele><time>2026-01-01T00:15:46Z</time></trkpt>
<trkpt lat="-27.50904" lon="152.985423"><ele>28.4</ele><time>2026-01-01T00:15:49Z</time></trkpt>
<trkpt lat="-27.50915" lon="152.985521"><ele>27.2</ele><time>2026-01-01T00:15:51Z</time></trkpt>
<trkpt lat="-27.509253" lon="152.985646"><ele>25.6</ele><time>2026-01-01T00:15:53Z</time></trkpt>
<trkpt lat="-27.509302" lon="152.985716"><ele>25</ele><time>2026-01-01T00:15:54Z</time></trkpt>
<trkpt lat="-27.509351" lon="152.985785"><ele>24</ele><time>2026-01-01T00:15:55Z</time></trkpt>
<trkpt lat="-27.509455" lon="152.985938"><ele>22.8</ele><time>2026-01-01T00:15:57Z</time></trkpt>
<trkpt lat="-27.509562" lon="152.986098"><ele>21.4</ele><time>2026-01-01T00:15:59Z</time></trkpt>
<trkpt lat="-27.509616" lon="152.986176"><ele>21</ele><time>2026-01-01T00:16:00Z</time></trkpt>
<trkpt lat="-27.50972" lon="152.986333"><ele>20.4</ele><time>2026-01-01T00:16:02Z</time></trkpt>
<trkpt lat="-27.509892" lon="152.986607"><ele>20.4</ele><time>2026-01-01T00:16:06Z</time></trkpt>
<trkpt lat="-27.509922" lon="152.986678"><ele>20.4</ele><time>2026-01-01T00:16:07Z</time></trkpt>
<trkpt lat="-27.509954" lon="152.98682"><ele>20.8</ele><time>2026-01-01T00:16:09Z</time></trkpt>
<trkpt lat="-27.509975" lon="152.986957"><ele>21.6</ele><time>2026-01-01T00:16:11Z</time></trkpt>
<trkpt lat="-27.510024" lon="152.987286"><ele>22.4</ele><time>2026-01-01T00:16:16Z</time></trkpt>
<trkpt lat="-27.510048" lon="152.987419"><ele>22.4</ele><time>2026-01-01T00:16:18Z</time></trkpt>
<trkpt lat="-27.510084" lon="152.987554"><ele>22.4</ele><time>2026-01-01T00:16:20Z</time></trkpt>
<trkpt lat="-27.510112" lon="152.987621"><ele>22.2</ele><time>2026-01-01T00:16:21Z</time></trkpt>
<trkpt lat="-27.510193" lon="152.987753"><ele>21.8</ele><time>2026-01-01T00:16:23Z</time></trkpt>
<trkpt lat="-27.510282" lon="152.987872"><ele>21.8</ele><time>2026-01-01T00:16:25Z</time></trkpt>
<trkpt lat="-27.51059" lon="152.988311"><ele>21.6</ele><time>2026-01-01T00:16:32Z</time></trkpt>
<trkpt lat="-27.510615" lon="152.988384"><ele>21.6</ele><time>2026-01-01T00:16:33Z</time></trkpt>
<trkpt lat="-27.510633" lon="152.988463"><ele>21.6</ele><time>2026-01-01T00:16:34Z</time></trkpt>
<trkpt lat="-27.510666" lon="152.988762"><ele>22.6</ele><time>2026-01-01T00:16:38Z</time></trkpt>
<trkpt lat="-27.510671" lon="152.988832"><ele>22.8</ele><time>2026-01-01T00:16:39Z</time></trkpt>
<trkpt lat="-27.510676" lon="152.988902"><ele>23.6</ele><time>2026-01-01T00:16:40Z</time></trkpt>
<trkpt lat="-27.510681" lon="152.988971"><ele>24.2</ele><time>2026-01-01T00:16:41Z</time></trkpt>
<trkpt lat="-27.510697" lon="152.989168"><ele>25.4</ele><time>2026-01-01T00:16:44Z</time></trkpt>
<trkpt lat="-27.51071" lon="152.989298"><ele>25.8</ele><time>2026-01-01T00:16:46Z</time></trkpt>
<trkpt lat="-27.51072" lon="152.989424"><ele>26.4</ele><time>2026-01-01T00:16:48Z</time></trkpt>
<trkpt lat="-27.510728" lon="152.989549"><ele>28</ele><time>2026-01-01T00:16:50Z</time></trkpt>
<trkpt lat="-27.510736" lon="152.989672"><ele>28.8</ele><time>2026-01-01T00:16:52Z</time></trkpt>
<trkpt lat="-27.510741" lon="152.989731"><ele>29.2</ele><time>2026-01-01T00:16:53Z</time></trkpt>
<trkpt lat="-27.510746" lon="152.989849"><ele>30.6</ele><time>2026-01-01T00:16:55Z</time></trkpt>
<trkpt lat="-27.510737" lon="152.990027"><ele>31</ele><time>2026-01-01T00:16:58Z</time></trkpt>
<trkpt lat="-27.510731" lon="152.990146"><ele>31.4</ele><time>2026-01-01T00:17:00Z</time></trkpt>
<trkpt lat="-27.510676" lon="152.990534"><ele>31.2</ele><time>2026-01-01T00:17:06Z</time></trkpt>
<trkpt lat="-27.510641" lon="152.990668"><ele>31.2</ele><time>2026-01-01T00:17:08Z</time></trkpt>
<trkpt lat="-27.510615" lon="152.9908"><ele>31.2</ele><time>2026-01-01T00:17:10Z</time></trkpt>
<trkpt lat="-27.510599" lon="152.990862"><ele>31.2</ele><time>2026-01-01T00:17:11Z</time></trkpt>
<trkpt lat="-27.510521" lon="152.991104"><ele>31.6</ele><time>2026-01-01T00:17:15Z</time></trkpt>
<trkpt lat="-27.510466" lon="152.991217"><ele>31.6</ele><time>2026-01-01T00:17:17Z</time></trkpt>
<trkpt lat="-27.510297" lon="152.991454"><ele>32.4</ele><time>2026-01-01T00:17:22Z</time></trkpt>
<trkpt lat="-27.510205" lon="152.99154"><ele>32.6</ele><time>2026-01-01T00:17:24Z</time></trkpt>
<trkpt lat="-27.510105" lon="152.991621"><ele>32.6</ele><time>2026-01-01T00:17:26Z</time></trkpt>
<trkpt lat="-27.510048" lon="152.991656"><ele>33</ele><time>2026-01-01T00:17:27Z</time></trkpt>
<trkpt lat="-27.509686" lon="152.99185"><ele>32</ele><time>2026-01-01T00:17:33Z</time></trkpt>
<trkpt lat="-27.509248" lon="152.992124"><ele>31.6</ele><time>2026-01-01T00:17:41Z</time></trkpt>
<trkpt lat="-27.509205" lon="152.992165"><ele>32</ele><time>2026-01-01T00:17:42Z</time></trkpt>
<trkpt lat="-27.509171" lon="152.992208"><ele>32.4</ele><time>2026-01-01T00:17:43Z</time></trkpt>
<trkpt lat="-27.509121" lon="152.992307"><ele>33</ele><time>2026-01-01T00:17:45Z</time></trkpt>
<trkpt lat="-27.509098" lon="152.992357"><ele>33.2</ele><time>2026-01-01T00:17:46Z</time></trkpt>
<trkpt lat="-27.508937" lon="152.992787"><ele>33.8</ele><time>2026-01-01T00:17:54Z</time></trkpt>
<trkpt lat="-27.508835" lon="152.993136"><ele>33.6</ele><time>2026-01-01T00:17:59Z</time></trkpt>
<trkpt lat="-27.508726" lon="152.99347"><ele>31.6</ele><time>2026-01-01T00:18:03Z</time></trkpt>
<trkpt lat="-27.508678" lon="152.993647"><ele>30.8</ele><time>2026-01-01T00:18:05Z</time></trkpt>
<trkpt lat="-27.508637" lon="152.993895"><ele>30.4</ele><time>2026-01-01T00:18:08Z</time></trkpt>
<trkpt lat="-27.508652" lon="152.99405"><ele>31</ele><time>2026-01-01T00:18:10Z</time></trkpt>
<trkpt lat="-27.508696" lon="152.994192"><ele>31.4</ele><time>2026-01-01T00:18:12Z</time></trkpt>
<trkpt lat="-27.508734" lon="152.994258"><ele>31.8</ele><time>2026-01-01T00:18:13Z</time></trkpt>
<trkpt lat="-27.508774" lon="152.994321"><ele>32</ele><time>2026-01-01T00:18:14Z</time></trkpt>
</trkseg>
<trkseg>
<trkpt lat="-27.508928" lon="152.994458"><ele>30.8</ele><time>2026-01-01T00:33:00Z</time></trkpt>
<trkpt lat="-27.508837" lon="152.994319"><ele>31.2</ele><time>2026-01-01T00:33:03Z</time></trkpt>
<trkpt lat="-27.508779" lon="152.994219"><ele>31.4</ele><time>2026-01-01T00:33:05Z</time></trkpt>
<trkpt lat="-27.508748" lon="152.994104"><ele>31.2</ele><time>2026-01-01T00:33:07Z</time></trkpt>
<trkpt lat="-27.508723" lon="152.99386"><ele>30.8</ele><time>2026-01-01T00:33:11Z</time></trkpt>
<trkpt lat="-27.508734" lon="152.993739"><ele>30.8</ele><time>2026-01-01T00:33:13Z</time></trkpt>
<trkpt lat="-27.508758" lon="152.993621"><ele>30.6</ele><time>2026-01-01T00:33:15Z</time></trkpt>
<trkpt lat="-27.508816" lon="152.993448"><ele>30.6</ele><time>2026-01-01T00:33:18Z</time></trkpt>
<trkpt lat="-27.508865" lon="152.993271"><ele>30.8</ele><time>2026-01-01T00:33:21Z</time></trkpt>
<trkpt lat="-27.508933" lon="152.993031"><ele>32.2</ele><time>2026-01-01T00:33:25Z</time></trkpt>
<trkpt lat="-27.508949" lon="152.992977"><ele>32.6</ele><time>2026-01-01T00:33:26Z</time></trkpt>
<trkpt lat="-27.509005" lon="152.992826"><ele>33.8</ele><time>2026-01-01T00:33:29Z</time></trkpt>
<trkpt lat="-27.509034" lon="152.992724"><ele>34.2</ele><time>2026-01-01T00:33:31Z</time></trkpt>
<trkpt lat="-27.509181" lon="152.992398"><ele>34</ele><time>2026-01-01T00:33:37Z</time></trkpt>
<trkpt lat="-27.509265" lon="152.992273"><ele>33.8</ele><time>2026-01-01T00:33:39Z</time></trkpt>
<trkpt lat="-27.509373" lon="152.992149"><ele>33.2</ele><time>2026-01-01T00:33:41Z</time></trkpt>
<trkpt lat="-27.509435" lon="152.992093"><ele>32.4</ele><time>2026-01-01T00:33:42Z</time></trkpt>
<trkpt lat="-27.509576" lon="152.992003"><ele>31.4</ele><time>2026-01-01T00:33:44Z</time></trkpt>
<trkpt lat="-27.509646" lon="152.991963"><ele>31.2</ele><time>2026-01-01T00:33:45Z</time></trkpt>
<trkpt lat="-27.509977" lon="152.991785"><ele>31.4</ele><time>2026-01-01T00:33:50Z</time></trkpt>
<trkpt lat="-27.510146" lon="152.991679"><ele>32</ele><time>2026-01-01T00:33:53Z</time></trkpt>
<trkpt lat="-27.510198" lon="152.991639"><ele>32</ele><time>2026-01-01T00:33:54Z</time></trkpt>
<trkpt lat="-27.510248" lon="152.991596"><ele>32.2</ele><time>2026-01-01T00:33:55Z</time></trkpt>
<trkpt lat="-27.510298" lon="152.991551"><ele>32.6</ele><time>2026-01-01T00:33:56Z</time></trkpt>
<trkpt lat="-27.510348" lon="152.991502"><ele>32.6</ele><time>2026-01-01T00:33:57Z</time></trkpt>
<trkpt lat="-27.510442" lon="152.991397"><ele>32.2</ele><time>2026-01-01T00:33:59Z</time></trkpt>
<trkpt lat="-27.510566" lon="152.991226"><ele>31.8</ele><time>2026-01-01T00:34:02Z</time></trkpt>
<trkpt lat="-27.510623" lon="152.991084"><ele>31.6</ele><time>2026-01-01T00:34:04Z</time></trkpt>
<trkpt lat="-27.510698" lon="152.990745"><ele>30.6</ele><time>2026-01-01T00:34:08Z</time></trkpt>
<trkpt lat="-27.510802" lon="152.990156"><ele>30.2</ele><time>2026-01-01T00:34:15Z</time></trkpt>
<trkpt lat="-27.51081" lon="152.990078"><ele>30.4</ele><time>2026-01-01T00:34:16Z</time></trkpt>
<trkpt lat="-27.510806" lon="152.989838"><ele>30.4</ele><time>2026-01-01T00:34:19Z</time></trkpt>
<trkpt lat="-27.51079" lon="152.989581"><ele>29.2</ele><time>2026-01-01T00:34:22Z</time></trkpt>
<trkpt lat="-27.510775" lon="152.989387"><ele>28.4</ele><time>2026-01-01T00:34:24Z</time></trkpt>
<trkpt lat="-27.510768" lon="152.98928"><ele>28.2</ele><time>2026-01-01T00:34:25Z</time></trkpt>
<trkpt lat="-27.51075" lon="152.989058"><ele>27.6</ele><time>2026-01-01T00:34:27Z</time></trkpt>
<trkpt lat="-27.510712" lon="152.988597"><ele>26.6</ele><time>2026-01-01T00:34:31Z</time></trkpt>
<trkpt lat="-27.510675" lon="152.988361"><ele>24.2</ele><time>2026-01-01T00:34:33Z</time></trkpt>
<trkpt lat="-27.510642" lon="152.988245"><ele>22</ele><time>2026-01-01T00:34:34Z</time></trkpt>
<trkpt lat="-27.510595" lon="152.988148"><ele>22</ele><time>2026-01-01T00:34:35Z</time></trkpt>
<trkpt lat="-27.510539" lon="152.988075"><ele>21.8</ele><time>2026-01-01T00:34:36Z</time></trkpt>
<trkpt lat="-27.510466" lon="152.988028"><ele>21.6</ele><time>2026-01-01T00:34:37Z</time></trkpt>
<trkpt lat="-27.510385" lon="152.98802"><ele>21.8</ele><time>2026-01-01T00:34:38Z</time></trkpt>
<trkpt lat="-27.510304" lon="152.988036"><ele>21.8</ele><time>2026-01-01T00:34:39Z</time></trkpt>
<trkpt lat="-27.510128" lon="152.988072"><ele>21.8</ele><time>2026-01-01T00:34:41Z</time></trkpt>
<trkpt lat="-27.509935" lon="152.988095"><ele>21.4</ele><time>2026-01-01T00:34:43Z</time></trkpt>
<trkpt lat="-27.509832" lon="152.988105"><ele>18.8</ele><time>2026-01-01T00:34:44Z</time></trkpt>
<trkpt lat="-27.509727" lon="152.98811"><ele>17.6</ele><time>2026-01-01T00:34:45Z</time></trkpt>
<trkpt lat="-27.509406" lon="152.988121"><ele>16.4</ele><time>2026-01-01T00:34:48Z</time></trkpt>
<trkpt lat="-27.509297" lon="152.988124"><ele>15.6</ele><time>2026-01-01T00:34:49Z</time></trkpt>
<trkpt lat="-27.509188" lon="152.988126"><ele>15</ele><time>2026-01-01T00:34:50Z</time></trkpt>
<trkpt lat="-27.508968" lon="152.988119"><ele>14</ele><time>2026-01-01T00:34:52Z</time></trkpt>
<trkpt lat="-27.50886" lon="152.988114"><ele>12.4</ele><time>2026-01-01T00:34:53Z</time></trkpt>
<trkpt lat="-27.508754" lon="152.988112"><ele>12</ele><time>2026-01-01T00:34:54Z</time></trkpt>
<trkpt lat="-27.508552" lon="152.988116"><ele>11</ele><time>2026-01-01T00:34:56Z</time></trkpt>
<trkpt lat="-27.508167" lon="152.988133"><ele>11</ele><time>2026-01-01T00:35:00Z</time></trkpt>
<trkpt lat="-27.507827" lon="152.988241"><ele>11.6</ele><time>2026-01-01T00:35:04Z</time></trkpt>
<trkpt lat="-27.507663" lon="152.988302"><ele>12.4</ele><time>2026-01-01T00:35:06Z</time></trkpt>
<trkpt lat="-27.507418" lon="152.988399"><ele>12.4</ele><time>2026-01-01T00:35:09Z</time></trkpt>
<trkpt lat="-27.507259" lon="152.988485"><ele>11.8</ele><time>2026-01-01T00:35:11Z</time></trkpt>
<trkpt lat="-27.507115" lon="152.988604"><ele>11</ele><time>2026-01-01T00:35:13Z</time></trkpt>
<trkpt lat="-27.506985" lon="152.988734"><ele>10.4</ele><time>2026-01-01T00:35:15Z</time></trkpt>
<trkpt lat="-27.506849" lon="152.988861"><ele>10</ele><time>2026-01-01T00:35:17Z</time></trkpt>
<trkpt lat="-27.506636" lon="152.989052"><ele>9.6</ele><time>2026-01-01T00:35:20Z</time></trkpt>
<trkpt lat="-27.506164" lon="152.989495"><ele>9.8</ele><time>2026-01-01T00:35:27Z</time></trkpt>
<trkpt lat="-27.505923" lon="152.989729"><ele>10.4</ele><time>2026-01-01T00:35:31Z</time></trkpt>
<trkpt lat="-27.505858" lon="152.98978"><ele>10.6</ele><time>2026-01-01T00:35:32Z</time></trkpt>
<trkpt lat="-27.505608" lon="152.989978"><ele>11</ele><time>2026-01-01T00:35:36Z</time></trkpt>
<trkpt lat="-27.505485" lon="152.990073"><ele>11.2</ele><time>2026-01-01T00:35:38Z</time></trkpt>
<trkpt lat="-27.505301" lon="152.990202"><ele>11.2</ele><time>2026-01-01T00:35:41Z</time></trkpt>
<trkpt lat="-27.505154" lon="152.99023"><ele>11.2</ele><time>2026-01-01T00:35:43Z</time></trkpt>
<trkpt lat="-27.504635" lon="152.990163"><ele>11</ele><time>2026-01-01T00:35:50Z</time></trkpt>
<trkpt lat="-27.504177" lon="152.990086"><ele>10</ele><time>2026-01-01T00:35:56Z</time></trkpt>
<trkpt lat="-27.504018" lon="152.990055"><ele>9.6</ele><time>2026-01-01T00:35:58Z</time></trkpt>
<trkpt lat="-27.503886" lon="152.990037"><ele>9.4</ele><time>2026-01-01T00:36:00Z</time></trkpt>
<trkpt lat="-27.503806" lon="152.990033"><ele>9.4</ele><time>2026-01-01T00:36:02Z</time></trkpt>
<trkpt lat="-27.503771" lon="152.99003"><ele>9.6</ele><time>2026-01-01T00:36:05Z</time></trkpt>
<trkpt lat="-27.503771" lon="152.99003"><ele>9.6</ele><time>2026-01-01T00:36:06Z</time></trkpt>
<trkpt lat="-27.503707" lon="152.990014"><ele>9.6</ele><time>2026-01-01T00:36:11Z</time></trkpt>
<trkpt lat="-27.503669" lon="152.990003"><ele>9.6</ele><time>2026-01-01T00:36:12Z</time></trkpt>
<trkpt lat="-27.503625" lon="152.989999"><ele>9.6</ele><time>2026-01-01T00:36:13Z</time></trkpt>
<trkpt lat="-27.503575" lon="152.99001"><ele>9.6</ele><time>2026-01-01T00:36:14Z</time></trkpt>
<trkpt lat="-27.503527" lon="152.99004"><ele>9.4</ele><time>2026-01-01T00:36:15Z</time></trkpt>
<trkpt lat="-27.503371" lon="152.990154"><ele>9</ele><time>2026-01-01T00:36:18Z</time></trkpt>
<trkpt lat="-27.503258" lon="152.990213"><ele>9.2</ele><time>2026-01-01T00:36:20Z</time></trkpt>
<trkpt lat="-27.502908" lon="152.990367"><ele>9.8</ele><time>2026-01-01T00:36:26Z</time></trkpt>
<trkpt lat="-27.50261" lon="152.990514"><ele>10.4</ele><time>2026-01-01T00:36:31Z</time></trkpt>
<trkpt lat="-27.502497" lon="152.990589"><ele>10.8</ele><time>2026-01-01T00:36:33Z</time></trkpt>
<trkpt lat="-27.502444" lon="152.990624"><ele>11</ele><time>2026-01-01T00:36:34Z</time></trkpt>
<trkpt lat="-27.502333" lon="152.990677"><ele>12.2</ele><time>2026-01-01T00:36:36Z</time></trkpt>
<trkpt lat="-27.502208" lon="152.990701"><ele>12.4</ele><time>2026-01-01T00:36:38Z</time></trkpt>
<trkpt lat="-27.502143" lon="152.990717"><ele>12.4</ele><time>2026-01-01T00:36:39Z</time></trkpt>
<trkpt lat="-27.502037" lon="152.99079"><ele>12.6</ele><time>2026-01-01T00:36:41Z</time></trkpt>
<trkpt lat="-27.502041" lon="152.990939"><ele>12.6</ele><time>2026-01-01T00:36:43Z</time></trkpt>
<trkpt lat="-27.502052" lon="152.991014"><ele>12.6</ele><time>2026-01-01T00:36:44Z</time></trkpt>
<trkpt lat="-27.502064" lon="152.991089"><ele>12.6</ele><time>2026-01-01T00:36:45Z</time></trkpt>
<trkpt lat="-27.502103" lon="152.9913"><ele>12.6</ele><time>2026-01-01T00:36:48Z</time></trkpt>
<trkpt lat="-27.502143" lon="152.991429"><ele>13</ele><time>2026-01-01T00:36:50Z</time></trkpt>
<trkpt lat="-27.50219" lon="152.99155"><ele>13.2</ele><time>2026-01-01T00:36:52Z</time></trkpt>
<trkpt lat="-27.502233" lon="152.991647"><ele>13.6</ele><time>2026-01-01T00:36:54Z</time></trkpt>
<trkpt lat="-27.502274" lon="152.991735"><ele>14.4</ele><time>2026-01-01T00:36:56Z</time></trkpt>
<trkpt lat="-27.502304" lon="152.991871"><ele>15.4</ele><time>2026-01-01T00:36:59Z</time></trkpt>
<trkpt lat="-27.502314" lon="152.991918"><ele>15.8</ele><time>2026-01-01T00:37:00Z</time></trkpt>
<trkpt lat="-27.502321" lon="152.991963"><ele>16.2</ele><time>2026-01-01T00:37:01Z</time></trkpt>
<trkpt lat="-27.502328" lon="152.992055"><ele>16.8</ele><time>2026-01-01T00:37:03Z</time></trkpt>
<trkpt lat="-27.502333" lon="152.992102"><ele>17.2</ele><time>2026-01-01T00:37:04Z</time></trkpt>
<trkpt lat="-27.502347" lon="152.992241"><ele>17.8</ele><time>2026-01-01T00:37:07Z</time></trkpt>
<trkpt lat="-27.502348" lon="152.992335"><ele>18.2</ele><time>2026-01-01T00:37:09Z</time></trkpt>
<trkpt lat="-27.502348" lon="152.992381"><ele>19</ele><time>2026-01-01T00:37:10Z</time></trkpt>
<trkpt lat="-27.502354" lon="152.992509"><ele>19.6</ele><time>2026-01-01T00:37:13Z</time></trkpt>
<trkpt lat="-27.502356" lon="152.992583"><ele>20.2</ele><time>2026-01-01T00:37:15Z</time></trkpt>
<trkpt lat="-27.502356" lon="152.992712"><ele>21.6</ele><time>2026-01-01T00:37:18Z</time></trkpt>
<trkpt lat="-27.502355" lon="152.992759"><ele>22</ele><time>2026-01-01T00:37:19Z</time></trkpt>
<trkpt lat="-27.502358" lon="152.992802"><ele>22.8</ele><time>2026-01-01T00:37:20Z</time></trkpt>
<trkpt lat="-27.502358" lon="152.992897"><ele>23.8</ele><time>2026-01-01T00:37:22Z</time></trkpt>
<trkpt lat="-27.502357" lon="152.992943"><ele>24.2</ele><time>2026-01-01T00:37:23Z</time></trkpt>
<trkpt lat="-27.502354" lon="152.992988"><ele>25</ele><time>2026-01-01T00:37:24Z</time></trkpt>
<trkpt lat="-27.502345" lon="152.993038"><ele>25.4</ele><time>2026-01-01T00:37:25Z</time></trkpt>
<trkpt lat="-27.502326" lon="152.993309"><ele>25.8</ele><time>2026-01-01T00:37:30Z</time></trkpt>
<trkpt lat="-27.502253" lon="152.993611"><ele>23.4</ele><time>2026-01-01T00:37:34Z</time></trkpt>
<trkpt lat="-27.502216" lon="152.993774"><ele>22.2</ele><time>2026-01-01T00:37:36Z</time></trkpt>
<trkpt lat="-27.502181" lon="152.99394"><ele>22</ele><time>2026-01-01T00:37:38Z</time></trkpt>
<trkpt lat="-27.502177" lon="152.994108"><ele>21.8</ele><time>2026-01-01T00:37:40Z</time></trkpt>
<trkpt lat="-27.502184" lon="152.994186"><ele>21.8</ele><time>2026-01-01T00:37:41Z</time></trkpt>
<trkpt lat="-27.502208" lon="152.99439"><ele>22.4</ele><time>2026-01-01T00:37:44Z</time></trkpt>
<trkpt lat="-27.502222" lon="152.994445"><ele>22.6</ele><time>2026-01-01T00:37:45Z</time></trkpt>
<trkpt lat="-27.502245" lon="152.994542"><ele>23.2</ele><time>2026-01-01T00:37:47Z</time></trkpt>
<trkpt lat="-27.502253" lon="152.994588"><ele>23.8</ele><time>2026-01-01T00:37:48Z</time></trkpt>
<trkpt lat="-27.502265" lon="152.994631"><ele>24.6</ele><time>2026-01-01T00:37:49Z</time></trkpt>
<trkpt lat="-27.502276" lon="152.994674"><ele>25.2</ele><time>2026-01-01T00:37:50Z</time></trkpt>
<trkpt lat="-27.502281" lon="152.994721"><ele>26.2</ele><time>2026-01-01T00:37:51Z</time></trkpt>
<trkpt lat="-27.502285" lon="152.994766"><ele>27.2</ele><time>2026-01-01T00:37:52Z</time></trkpt>
<trkpt lat="-27.502278" lon="152.994856"><ele>28.8</ele><time>2026-01-01T00:37:54Z</time></trkpt>
<trkpt lat="-27.502278" lon="152.994897"><ele>29.2</ele><time>2026-01-01T00:37:55Z</time></trkpt>
<trkpt lat="-27.502276" lon="152.994941"><ele>29.6</ele><time>2026-01-01T00:37:56Z</time></trkpt>
<trkpt lat="-27.502273" lon="152.994986"><ele>30.4</ele><time>2026-01-01T00:37:57Z</time></trkpt>
<trkpt lat="-27.502273" lon="152.995068"><ele>31.6</ele><time>2026-01-01T00:37:59Z</time></trkpt>
<trkpt lat="-27.502272" lon="152.995109"><ele>32</ele><time>2026-01-01T00:38:00Z</time></trkpt>
<trkpt lat="-27.502271" lon="152.995152"><ele>32.8</ele><time>2026-01-01T00:38:01Z</time></trkpt>
<trkpt lat="-27.502273" lon="152.995243"><ele>33.8</ele><time>2026-01-01T00:38:03Z</time></trkpt>
<trkpt lat="-27.502259" lon="152.995477"><ele>34.6</ele><time>2026-01-01T00:38:08Z</time></trkpt>
<trkpt lat="-27.502256" lon="152.995526"><ele>34.6</ele><time>2026-01-01T00:38:09Z</time></trkpt>
<trkpt lat="-27.502255" lon="152.995576"><ele>35</ele><time>2026-01-01T00:38:10Z</time></trkpt>
<trkpt lat="-27.502244" lon="152.99577"><ele>36</ele><time>2026-01-01T00:38:14Z</time></trkpt>
<trkpt lat="-27.502231" lon="152.996045"><ele>37</ele><time>2026-01-01T00:38:19Z</time></trkpt>
<trkpt lat="-27.502224" lon="152.996159"><ele>37.6</ele><time>2026-01-01T00:38:21Z</time></trkpt>
<trkpt lat="-27.502187" lon="152.996321"><ele>38.2</ele><time>2026-01-01T00:38:24Z</time></trkpt>
<trkpt lat="-27.502126" lon="152.996527"><ele>39.4</ele><time>2026-01-01T00:38:28Z</time></trkpt>
<trkpt lat="-27.502071" lon="152.996665"><ele>40.4</ele><time>2026-01-01T00:38:31Z</time></trkpt>
<trkpt lat="-27.501992" lon="152.996778"><ele>41</ele><time>2026-01-01T00:38:34Z</time></trkpt>
<trkpt lat="-27.501977" lon="152.996826"><ele>41</ele><time>2026-01-01T00:38:35Z</time></trkpt>
<trkpt lat="-27.501947" lon="152.996974"><ele>41</ele><time>2026-01-01T00:38:38Z</time></trkpt>
<trkpt lat="-27.501869" lon="152.997236"><ele>40.8</ele><time>2026-01-01T00:38:43Z</time></trkpt>
<trkpt lat="-27.501711" lon="152.997695"><ele>39.6</ele><time>2026-01-01T00:38:51Z</time></trkpt>
<trkpt lat="-27.501687" lon="152.997802"><ele>39.2</ele><time>2026-01-01T00:38:53Z</time></trkpt>
<trkpt lat="-27.501678" lon="152.997933"><ele>38.8</ele><time>2026-01-01T00:38:55Z</time></trkpt>
<trkpt lat="-27.501699" lon="152.998045"><ele>38.6</ele><time>2026-01-01T00:38:57Z</time></trkpt>
<trkpt lat="-27.501788" lon="152.998295"><ele>38.8</ele><time>2026-01-01T00:39:01Z</time></trkpt>
<trkpt lat="-27.501823" lon="152.99835"><ele>38.8</ele><time>2026-01-01T00:39:02Z</time></trkpt>
<trkpt lat="-27.501942" lon="152.998491"><ele>37.6</ele><time>2026-01-01T00:39:05Z</time></trkpt>
<trkpt lat="-27.502048" lon="152.998591"><ele>37</ele><time>2026-01-01T00:39:07Z</time></trkpt>
<trkpt lat="-27.502108" lon="152.998646"><ele>36.2</ele><time>2026-01-01T00:39:08Z</time></trkpt>
<trkpt lat="-27.502243" lon="152.998774"><ele>35.2</ele><time>2026-01-01T00:39:10Z</time></trkpt>
<trkpt lat="-27.502378" lon="152.998894"><ele>34</ele><time>2026-01-01T00:39:12Z</time></trkpt>
<trkpt lat="-27.502512" lon="152.999024"><ele>32.6</ele><time>2026-01-01T00:39:14Z</time></trkpt>
<trkpt lat="-27.50264" lon="152.99914"><ele>31</ele><time>2026-01-01T00:39:16Z</time></trkpt>
<trkpt lat="-27.502865" lon="152.999326"><ele>29.8</ele><time>2026-01-01T00:39:19Z</time></trkpt>
<trkpt lat="-27.503131" lon="152.999572"><ele>29.2</ele><time>2026-01-01T00:39:23Z</time></trkpt>
<trkpt lat="-27.503342" lon="152.999756"><ele>30.6</ele><time>2026-01-01T00:39:27Z</time></trkpt>
<trkpt lat="-27.503608" lon="153.000047"><ele>30.4</ele><time>2026-01-01T00:39:32Z</time></trkpt>
<trkpt lat="-27.5037" lon="153.000176"><ele>29.6</ele><time>2026-01-01T00:39:34Z</time></trkpt>
<trkpt lat="-27.503779" lon="153.000354"><ele>28.4</ele><time>2026-01-01T00:39:36Z</time></trkpt>
<trkpt lat="-27.50381" lon="153.000449"><ele>28.4</ele><time>2026-01-01T00:39:37Z</time></trkpt>
<trkpt lat="-27.503881" lon="153.000802"><ele>28.6</ele><time>2026-01-01T00:39:41Z</time></trkpt>
<trkpt lat="-27.503888" lon="153.000882"><ele>29.8</ele><time>2026-01-01T00:39:42Z</time></trkpt>
<trkpt lat="-27.503908" lon="153.001227"><ele>29.8</ele><time>2026-01-01T00:39:46Z</time></trkpt>
<trkpt lat="-27.50391" lon="153.001338"><ele>29.6</ele><time>2026-01-01T00:39:47Z</time></trkpt>
<trkpt lat="-27.503923" lon="153.001965"><ele>29.6</ele><time>2026-01-01T00:39:54Z</time></trkpt>
<trkpt lat="-27.503919" lon="153.00208"><ele>29.6</ele><time>2026-01-01T00:39:55Z</time></trkpt>
<trkpt lat="-27.503928" lon="153.002662"><ele>29.2</ele><time>2026-01-01T00:40:01Z</time></trkpt>
<trkpt lat="-27.50393" lon="153.002829"><ele>29.2</ele><time>2026-01-01T00:40:03Z</time></trkpt>
<trkpt lat="-27.503925" lon="153.003006"><ele>29.8</ele><time>2026-01-01T00:40:05Z</time></trkpt>
<trkpt lat="-27.503912" lon="153.003104"><ele>31</ele><time>2026-01-01T00:40:06Z</time></trkpt>
<trkpt lat="-27.503903" lon="153.003182"><ele>32</ele><time>2026-01-01T00:40:07Z</time></trkpt>
<trkpt lat="-27.503895" lon="153.003257"><ele>32.8</ele><time>2026-01-01T00:40:08Z</time></trkpt>
<trkpt lat="-27.503883" lon="153.003334"><ele>32.8</ele><time>2026-01-01T00:40:09Z</time></trkpt>
<trkpt lat="-27.503857" lon="153.003496"><ele>32.8</ele><time>2026-01-01T00:40:11Z</time></trkpt>
<trkpt lat="-27.503828" lon="153.00366"><ele>32.8</ele><time>2026-01-01T00:40:13Z</time></trkpt>
<trkpt lat="-27.503818" lon="153.003741"><ele>32.8</ele><time>2026-01-01T00:40:14Z</time></trkpt>
<trkpt lat="-27.503762" lon="153.004145"><ele>32.2</ele><time>2026-01-01T00:40:19Z</time></trkpt>
</trkseg>
<trkseg>
<trkpt lat="-27.49425" lon="153.006188"><ele>6</ele><time>2026-01-01T00:43:04Z</time></trkpt>
<trkpt lat="-27.494144" lon="153.006186"><ele>6.8</ele><time>2026-01-01T00:43:06Z</time></trkpt>
<trkpt lat="-27.494058" lon="153.006192"><ele>7</ele><time>2026-01-01T00:43:08Z</time></trkpt>
<trkpt lat="-27.494014" lon="153.006191"><ele>7</ele><time>2026-01-01T00:43:10Z</time></trkpt>
<trkpt lat="-27.494008" lon="153.006191"><ele>7</ele><time>2026-01-01T00:43:12Z</time></trkpt>
<trkpt lat="-27.494008" lon="153.006191"><ele>7</ele><time>2026-01-01T00:43:13Z</time></trkpt>
<trkpt lat="-27.493937" lon="153.006185"><ele>7</ele><time>2026-01-01T00:45:05Z</time></trkpt>
<trkpt lat="-27.493886" lon="153.006162"><ele>7</ele><time>2026-01-01T00:45:07Z</time></trkpt>
<trkpt lat="-27.493842" lon="153.006121"><ele>7</ele><time>2026-01-01T00:45:09Z</time></trkpt>
<trkpt lat="-27.493834" lon="153.006087"><ele>6.8</ele><time>2026-01-01T00:45:10Z</time></trkpt>
<trkpt lat="-27.493823" lon="153.006053"><ele>6.8</ele><time>2026-01-01T00:45:11Z</time></trkpt>
<trkpt lat="-27.493781" lon="153.006017"><ele>7</ele><time>2026-01-01T00:45:13Z</time></trkpt>
<trkpt lat="-27.49373" lon="153.006019"><ele>6.8</ele><time>2026-01-01T00:45:15Z</time></trkpt>
<trkpt lat="-27.493637" lon="153.006057"><ele>6.6</ele><time>2026-01-01T00:45:18Z</time></trkpt>
<trkpt lat="-27.493536" lon="153.006057"><ele>6.2</ele><time>2026-01-01T00:45:20Z</time></trkpt>
<trkpt lat="-27.493434" lon="153.00604"><ele>6.2</ele><time>2026-01-01T00:45:22Z</time></trkpt>
<trkpt lat="-27.493219" lon="153.005994"><ele>6.2</ele><time>2026-01-01T00:45:27Z</time></trkpt>
<trkpt lat="-27.493047" lon="153.005956"><ele>7</ele><time>2026-01-01T00:45:32Z</time></trkpt>
<trkpt lat="-27.493011" lon="153.005965"><ele>7.2</ele><time>2026-01-01T00:45:33Z</time></trkpt>
<trkpt lat="-27.492957" lon="153.006045"><ele>7.8</ele><time>2026-01-01T00:45:35Z</time></trkpt>
<trkpt lat="-27.492889" lon="153.0064"><ele>6.6</ele><time>2026-01-01T00:45:41Z</time></trkpt>
<trkpt lat="-27.492851" lon="153.006666"><ele>6.4</ele><time>2026-01-01T00:45:45Z</time></trkpt>
<trkpt lat="-27.492829" lon="153.00687"><ele>6.2</ele><time>2026-01-01T00:45:48Z</time></trkpt>
<trkpt lat="-27.492804" lon="153.007006"><ele>6.4</ele><time>2026-01-01T00:45:50Z</time></trkpt>
<trkpt lat="-27.492737" lon="153.007384"><ele>7</ele><time>2026-01-01T00:45:56Z</time></trkpt>
<trkpt lat="-27.492685" lon="153.007626"><ele>7.4</ele><time>2026-01-01T00:46:00Z</time></trkpt>
<trkpt lat="-27.492631" lon="153.007801"><ele>7.2</ele><time>2026-01-01T00:46:03Z</time></trkpt>
<trkpt lat="-27.492531" lon="153.008028"><ele>6.2</ele><time>2026-01-01T00:46:07Z</time></trkpt>
<trkpt lat="-27.492519" lon="153.008085"><ele>6.2</ele><time>2026-01-01T00:46:08Z</time></trkpt>
<trkpt lat="-27.492509" lon="153.008149"><ele>8.4</ele><time>2026-01-01T00:46:09Z</time></trkpt>
<trkpt lat="-27.4925" lon="153.008205"><ele>8.6</ele><time>2026-01-01T00:46:10Z</time></trkpt>
<trkpt lat="-27.49249" lon="153.008255"><ele>8.8</ele><time>2026-01-01T00:46:12Z</time></trkpt>
<trkpt lat="-27.492498" lon="153.008256"><ele>8.8</ele><time>2026-01-01T00:46:13Z</time></trkpt>
<trkpt lat="-27.49251" lon="153.008243"><ele>8.6</ele><time>2026-01-01T00:46:14Z</time></trkpt>
<trkpt lat="-27.492529" lon="153.008145"><ele>8.4</ele><time>2026-01-01T00:46:18Z</time></trkpt>
<trkpt lat="-27.492528" lon="153.008129"><ele>8.4</ele><time>2026-01-01T00:46:19Z</time></trkpt>
<trkpt lat="-27.492524" lon="153.008118"><ele>8.4</ele><time>2026-01-01T00:46:20Z</time></trkpt>
<trkpt lat="-27.492503" lon="153.008082"><ele>8.2</ele><time>2026-01-01T00:46:23Z</time></trkpt>
<trkpt lat="-27.492502" lon="153.00807"><ele>8.2</ele><time>2026-01-01T00:46:24Z</time></trkpt>
<trkpt lat="-27.492502" lon="153.008065"><ele>8</ele><time>2026-01-01T00:46:26Z</time></trkpt>
<trkpt lat="-27.492478" lon="153.008268"><ele>8.6</ele><time>2026-01-01T00:47:23Z</time></trkpt>
<trkpt lat="-27.492468" lon="153.008308"><ele>8.8</ele><time>2026-01-01T00:47:24Z</time></trkpt>
</trkseg>
<trkseg>
<trkpt lat="-27.504322" lon="153.004466"><ele>21.2</ele><time>2026-01-01T08:32:20Z</time></trkpt>
<trkpt lat="-27.504326" lon="153.004438"><ele>21.4</ele><time>2026-01-01T08:32:21Z</time></trkpt>
<trkpt lat="-27.504333" lon="153.004407"><ele>21.6</ele><time>2026-01-01T08:32:25Z</time></trkpt>
<trkpt lat="-27.504346" lon="153.004361"><ele>21.6</ele><time>2026-01-01T08:32:55Z</time></trkpt>
<trkpt lat="-27.504355" lon="153.004343"><ele>21.2</ele><time>2026-01-01T08:32:56Z</time></trkpt>
<trkpt lat="-27.504371" lon="153.004302"><ele>21.4</ele><time>2026-01-01T08:32:58Z</time></trkpt>
<trkpt lat="-27.504386" lon="153.004247"><ele>21.6</ele><time>2026-01-01T08:33:00Z</time></trkpt>
<trkpt lat="-27.504425" lon="153.004114"><ele>22.2</ele><time>2026-01-01T08:33:03Z</time></trkpt>
<trkpt lat="-27.504501" lon="153.003878"><ele>22.2</ele><time>2026-01-01T08:33:08Z</time></trkpt>
<trkpt lat="-27.504563" lon="153.003761"><ele>21.8</ele><time>2026-01-01T08:33:10Z</time></trkpt>
<trkpt lat="-27.504647" lon="153.00363"><ele>20.8</ele><time>2026-01-01T08:33:12Z</time></trkpt>
<trkpt lat="-27.504692" lon="153.003563"><ele>20.4</ele><time>2026-01-01T08:33:13Z</time></trkpt>
<trkpt lat="-27.504874" lon="153.003333"><ele>18</ele><time>2026-01-01T08:33:16Z</time></trkpt>
<trkpt lat="-27.504937" lon="153.003257"><ele>17.2</ele><time>2026-01-01T08:33:17Z</time></trkpt>
<trkpt lat="-27.505" lon="153.003179"><ele>16.6</ele><time>2026-01-01T08:33:18Z</time></trkpt>
<trkpt lat="-27.505069" lon="153.003105"><ele>16</ele><time>2026-01-01T08:33:19Z</time></trkpt>
<trkpt lat="-27.505197" lon="153.002951"><ele>15.6</ele><time>2026-01-01T08:33:21Z</time></trkpt>
<trkpt lat="-27.505389" lon="153.002694"><ele>16</ele><time>2026-01-01T08:33:25Z</time></trkpt>
<trkpt lat="-27.505456" lon="153.002589"><ele>16.6</ele><time>2026-01-01T08:33:27Z</time></trkpt>
<trkpt lat="-27.505554" lon="153.002463"><ele>17.8</ele><time>2026-01-01T08:33:30Z</time></trkpt>
<trkpt lat="-27.505586" lon="153.002429"><ele>20.4</ele><time>2026-01-01T08:33:31Z</time></trkpt>
<trkpt lat="-27.505644" lon="153.002358"><ele>22.4</ele><time>2026-01-01T08:33:33Z</time></trkpt>
<trkpt lat="-27.505713" lon="153.002231"><ele>23</ele><time>2026-01-01T08:33:36Z</time></trkpt>
<trkpt lat="-27.505758" lon="153.002068"><ele>23</ele><time>2026-01-01T08:33:40Z</time></trkpt>
<trkpt lat="-27.505779" lon="153.001906"><ele>21.6</ele><time>2026-01-01T08:33:43Z</time></trkpt>
<trkpt lat="-27.505778" lon="153.001851"><ele>21.2</ele><time>2026-01-01T08:33:44Z</time></trkpt>
<trkpt lat="-27.505765" lon="153.001701"><ele>19.6</ele><time>2026-01-01T08:33:47Z</time></trkpt>
<trkpt lat="-27.505766" lon="153.001654"><ele>19</ele><time>2026-01-01T08:33:48Z</time></trkpt>
<trkpt lat="-27.505768" lon="153.001601"><ele>18.6</ele><time>2026-01-01T08:33:49Z</time></trkpt>
<trkpt lat="-27.505782" lon="153.001479"><ele>18.2</ele><time>2026-01-01T08:33:51Z</time></trkpt>
<trkpt lat="-27.505829" lon="153.001321"><ele>17.2</ele><time>2026-01-01T08:33:53Z</time></trkpt>
<trkpt lat="-27.505837" lon="153.00123"><ele>15.4</ele><time>2026-01-01T08:33:54Z</time></trkpt>
<trkpt lat="-27.505844" lon="153.000963"><ele>14.8</ele><time>2026-01-01T08:33:57Z</time></trkpt>
<trkpt lat="-27.505841" lon="153.000891"><ele>14.8</ele><time>2026-01-01T08:33:58Z</time></trkpt>
<trkpt lat="-27.505831" lon="153.000784"><ele>15.8</ele><time>2026-01-01T08:34:00Z</time></trkpt>
<trkpt lat="-27.505832" lon="153.000706"><ele>16.4</ele><time>2026-01-01T08:34:02Z</time></trkpt>
<trkpt lat="-27.505833" lon="153.000669"><ele>17.6</ele><time>2026-01-01T08:34:03Z</time></trkpt>
<trkpt lat="-27.505832" lon="153.000625"><ele>18.4</ele><time>2026-01-01T08:34:04Z</time></trkpt>
<trkpt lat="-27.505834" lon="153.000577"><ele>18.8</ele><time>2026-01-01T08:34:05Z</time></trkpt>
<trkpt lat="-27.505846" lon="153.000457"><ele>20</ele><time>2026-01-01T08:34:08Z</time></trkpt>
<trkpt lat="-27.50583" lon="153.000374"><ele>20.2</ele><time>2026-01-01T08:34:10Z</time></trkpt>
<trkpt lat="-27.505761" lon="153.00014"><ele>19.4</ele><time>2026-01-01T08:34:15Z</time></trkpt>
<trkpt lat="-27.505674" lon="152.99984"><ele>19</ele><time>2026-01-01T08:34:20Z</time></trkpt>
<trkpt lat="-27.505622" lon="152.999699"><ele>18.8</ele><time>2026-01-01T08:34:22Z</time></trkpt>
<trkpt lat="-27.505575" lon="152.999552"><ele>18.4</ele><time>2026-01-01T08:34:24Z</time></trkpt>
<trkpt lat="-27.505563" lon="152.999461"><ele>17.6</ele><time>2026-01-01T08:34:25Z</time></trkpt>
<trkpt lat="-27.505516" lon="152.999277"><ele>16.4</ele><time>2026-01-01T08:34:27Z</time></trkpt>
<trkpt lat="-27.505472" lon="152.999179"><ele>15.6</ele><time>2026-01-01T08:34:28Z</time></trkpt>
<trkpt lat="-27.50542" lon="152.99908"><ele>15.2</ele><time>2026-01-01T08:34:29Z</time></trkpt>
<trkpt lat="-27.505311" lon="152.998903"><ele>14.2</ele><time>2026-01-01T08:34:31Z</time></trkpt>
<trkpt lat="-27.505253" lon="152.998829"><ele>13.6</ele><time>2026-01-01T08:34:32Z</time></trkpt>
<trkpt lat="-27.505192" lon="152.998748"><ele>13</ele><time>2026-01-01T08:34:33Z</time></trkpt>
<trkpt lat="-27.505067" lon="152.998584"><ele>11.8</ele><time>2026-01-01T08:34:35Z</time></trkpt>
<trkpt lat="-27.504918" lon="152.998375"><ele>11.6</ele><time>2026-01-01T08:34:38Z</time></trkpt>
<trkpt lat="-27.504737" lon="152.99821"><ele>12.4</ele><time>2026-01-01T08:34:42Z</time></trkpt>
<trkpt lat="-27.504645" lon="152.998107"><ele>12</ele><time>2026-01-01T08:34:45Z</time></trkpt>
<trkpt lat="-27.504554" lon="152.998016"><ele>11.4</ele><time>2026-01-01T08:34:47Z</time></trkpt>
<trkpt lat="-27.504504" lon="152.997964"><ele>11</ele><time>2026-01-01T08:34:48Z</time></trkpt>
<trkpt lat="-27.504454" lon="152.997915"><ele>10.6</ele><time>2026-01-01T08:34:49Z</time></trkpt>
<trkpt lat="-27.504402" lon="152.997868"><ele>10.2</ele><time>2026-01-01T08:34:50Z</time></trkpt>
<trkpt lat="-27.504354" lon="152.997834"><ele>10.2</ele><time>2026-01-01T08:34:51Z</time></trkpt>
<trkpt lat="-27.504267" lon="152.997777"><ele>10.2</ele><time>2026-01-01T08:34:53Z</time></trkpt>
<trkpt lat="-27.504155" lon="152.997665"><ele>11.8</ele><time>2026-01-01T08:34:56Z</time></trkpt>
<trkpt lat="-27.504082" lon="152.99761"><ele>12.8</ele><time>2026-01-01T08:34:58Z</time></trkpt>
<trkpt lat="-27.504044" lon="152.997584"><ele>12.8</ele><time>2026-01-01T08:34:59Z</time></trkpt>
<trkpt lat="-27.504006" lon="152.997552"><ele>13</ele><time>2026-01-01T08:35:00Z</time></trkpt>
<trkpt lat="-27.503931" lon="152.997495"><ele>13.2</ele><time>2026-01-01T08:35:02Z</time></trkpt>
<trkpt lat="-27.503889" lon="152.997474"><ele>13.2</ele><time>2026-01-01T08:35:03Z</time></trkpt>
<trkpt lat="-27.503842" lon="152.997453"><ele>14</ele><time>2026-01-01T08:35:04Z</time></trkpt>
<trkpt lat="-27.5038" lon="152.99744"><ele>14.6</ele><time>2026-01-01T08:35:05Z</time></trkpt>
<trkpt lat="-27.503734" lon="152.997404"><ele>14.8</ele><time>2026-01-01T08:35:07Z</time></trkpt>
<trkpt lat="-27.503564" lon="152.99727"><ele>14.4</ele><time>2026-01-01T08:35:12Z</time></trkpt>
<trkpt lat="-27.503487" lon="152.997178"><ele>14</ele><time>2026-01-01T08:35:14Z</time></trkpt>
<trkpt lat="-27.503468" lon="152.997093"><ele>13.6</ele><time>2026-01-01T08:35:15Z</time></trkpt>
<trkpt lat="-27.503458" lon="152.997005"><ele>13.2</ele><time>2026-01-01T08:35:16Z</time></trkpt>
<trkpt lat="-27.503452" lon="152.996916"><ele>12.8</ele><time>2026-01-01T08:35:17Z</time></trkpt>
<trkpt lat="-27.503454" lon="152.996842"><ele>12.6</ele><time>2026-01-01T08:35:18Z</time></trkpt>
<trkpt lat="-27.503455" lon="152.996771"><ele>11.8</ele><time>2026-01-01T08:35:19Z</time></trkpt>
<trkpt lat="-27.503459" lon="152.996698"><ele>11</ele><time>2026-01-01T08:35:20Z</time></trkpt>
<trkpt lat="-27.50346" lon="152.996575"><ele>10.8</ele><time>2026-01-01T08:35:22Z</time></trkpt>
<trkpt lat="-27.503462" lon="152.996499"><ele>10.6</ele><time>2026-01-01T08:35:23Z</time></trkpt>
<trkpt lat="-27.503517" lon="152.996317"><ele>10.6</ele><time>2026-01-01T08:35:26Z</time></trkpt>
<trkpt lat="-27.503535" lon="152.996233"><ele>10.4</ele><time>2026-01-01T08:35:27Z</time></trkpt>
<trkpt lat="-27.503552" lon="152.996144"><ele>10.4</ele><time>2026-01-01T08:35:28Z</time></trkpt>
<trkpt lat="-27.50349" lon="152.99584"><ele>10.4</ele><time>2026-01-01T08:35:33Z</time></trkpt>
<trkpt lat="-27.503464" lon="152.995552"><ele>10</ele><time>2026-01-01T08:35:37Z</time></trkpt>
<trkpt lat="-27.503455" lon="152.995452"><ele>9.8</ele><time>2026-01-01T08:35:38Z</time></trkpt>
<trkpt lat="-27.503439" lon="152.995383"><ele>9.6</ele><time>2026-01-01T08:35:39Z</time></trkpt>
<trkpt lat="-27.503412" lon="152.995327"><ele>9.4</ele><time>2026-01-01T08:35:40Z</time></trkpt>
<trkpt lat="-27.503387" lon="152.995268"><ele>9.2</ele><time>2026-01-01T08:35:41Z</time></trkpt>
<trkpt lat="-27.503323" lon="152.995028"><ele>9</ele><time>2026-01-01T08:35:45Z</time></trkpt>
<trkpt lat="-27.503284" lon="152.994902"><ele>9</ele><time>2026-01-01T08:35:47Z</time></trkpt>
<trkpt lat="-27.503267" lon="152.994844"><ele>9.2</ele><time>2026-01-01T08:35:48Z</time></trkpt>
<trkpt lat="-27.503187" lon="152.994594"><ele>9.2</ele><time>2026-01-01T08:35:52Z</time></trkpt>
<trkpt lat="-27.503176" lon="152.994547"><ele>9.2</ele><time>2026-01-01T08:35:53Z</time></trkpt>
<trkpt lat="-27.503154" lon="152.994443"><ele>9.2</ele><time>2026-01-01T08:35:55Z</time></trkpt>
<trkpt lat="-27.503145" lon="152.994395"><ele>9.2</ele><time>2026-01-01T08:35:56Z</time></trkpt>
<trkpt lat="-27.50313" lon="152.994351"><ele>9.2</ele><time>2026-01-01T08:35:57Z</time></trkpt>
<trkpt lat="-27.503113" lon="152.994305"><ele>9.2</ele><time>2026-01-01T08:35:58Z</time></trkpt>
<trkpt lat="-27.50305" lon="152.994129"><ele>9.4</ele><time>2026-01-01T08:36:02Z</time></trkpt>
<trkpt lat="-27.50304" lon="152.994021"><ele>9.6</ele><time>2026-01-01T08:36:04Z</time></trkpt>
<trkpt lat="-27.503006" lon="152.993922"><ele>9.8</ele><time>2026-01-01T08:36:06Z</time></trkpt>
<trkpt lat="-27.502976" lon="152.993887"><ele>11.4</ele><time>2026-01-01T08:36:07Z</time></trkpt>
<trkpt lat="-27.502912" lon="152.99383"><ele>12.8</ele><time>2026-01-01T08:36:09Z</time></trkpt>
<trkpt lat="-27.502856" lon="152.993772"><ele>14.6</ele><time>2026-01-01T08:36:11Z</time></trkpt>
<trkpt lat="-27.502816" lon="152.99375"><ele>15.2</ele><time>2026-01-01T08:36:12Z</time></trkpt>
<trkpt lat="-27.502766" lon="152.993741"><ele>15.8</ele><time>2026-01-01T08:36:13Z</time></trkpt>
<trkpt lat="-27.502721" lon="152.993729"><ele>16.2</ele><time>2026-01-01T08:36:14Z</time></trkpt>
<trkpt lat="-27.502679" lon="152.993715"><ele>16.6</ele><time>2026-01-01T08:36:15Z</time></trkpt>
<trkpt lat="-27.502644" lon="152.99369"><ele>17.2</ele><time>2026-01-01T08:36:16Z</time></trkpt>
<trkpt lat="-27.502609" lon="152.993602"><ele>18.2</ele><time>2026-01-01T08:36:18Z</time></trkpt>
<trkpt lat="-27.502626" lon="152.993539"><ele>18.8</ele><time>2026-01-01T08:36:19Z</time></trkpt>
<trkpt lat="-27.502652" lon="152.993489"><ele>19.8</ele><time>2026-01-01T08:36:20Z</time></trkpt>
<trkpt lat="-27.50268" lon="152.993457"><ele>19.8</ele><time>2026-01-01T08:36:21Z</time></trkpt>
<trkpt lat="-27.50276" lon="152.993326"><ele>21</ele><time>2026-01-01T08:36:24Z</time></trkpt>
<trkpt lat="-27.502752" lon="152.993281"><ele>21.2</ele><time>2026-01-01T08:36:25Z</time></trkpt>
<trkpt lat="-27.502726" lon="152.99325"><ele>22.2</ele><time>2026-01-01T08:36:26Z</time></trkpt>
<trkpt lat="-27.502681" lon="152.993212"><ele>22.6</ele><time>2026-01-01T08:36:27Z</time></trkpt>
<trkpt lat="-27.502636" lon="152.993186"><ele>23</ele><time>2026-01-01T08:36:28Z</time></trkpt>
<trkpt lat="-27.502595" lon="152.993173"><ele>23.8</ele><time>2026-01-01T08:36:29Z</time></trkpt>
<trkpt lat="-27.5025" lon="152.993077"><ele>24</ele><time>2026-01-01T08:36:32Z</time></trkpt>
<trkpt lat="-27.502491" lon="152.993017"><ele>24.2</ele><time>2026-01-01T08:36:33Z</time></trkpt>
<trkpt lat="-27.502474" lon="152.992949"><ele>24.4</ele><time>2026-01-01T08:36:34Z</time></trkpt>
<trkpt lat="-27.502442" lon="152.992741"><ele>24.2</ele><time>2026-01-01T08:36:37Z</time></trkpt>
<trkpt lat="-27.50245" lon="152.99255"><ele>21.6</ele><time>2026-01-01T08:36:39Z</time></trkpt>
<trkpt lat="-27.502442" lon="152.99234"><ele>20.4</ele><time>2026-01-01T08:36:41Z</time></trkpt>
<trkpt lat="-27.502417" lon="152.992007"><ele>18.6</ele><time>2026-01-01T08:36:44Z</time></trkpt>
<trkpt lat="-27.502365" lon="152.991788"><ele>17.8</ele><time>2026-01-01T08:36:46Z</time></trkpt>
<trkpt lat="-27.50233" lon="152.991681"><ele>17.2</ele><time>2026-01-01T08:36:47Z</time></trkpt>
<trkpt lat="-27.502247" lon="152.991465"><ele>15.8</ele><time>2026-01-01T08:36:49Z</time></trkpt>
<trkpt lat="-27.502171" lon="152.991248"><ele>14.8</ele><time>2026-01-01T08:36:51Z</time></trkpt>
<trkpt lat="-27.50215" lon="152.991132"><ele>14</ele><time>2026-01-01T08:36:52Z</time></trkpt>
<trkpt lat="-27.50216" lon="152.991026"><ele>13.4</ele><time>2026-01-01T08:36:53Z</time></trkpt>
<trkpt lat="-27.502192" lon="152.990927"><ele>13</ele><time>2026-01-01T08:36:54Z</time></trkpt>
<trkpt lat="-27.50231" lon="152.990763"><ele>13</ele><time>2026-01-01T08:36:56Z</time></trkpt>
<trkpt lat="-27.502459" lon="152.990648"><ele>12.8</ele><time>2026-01-01T08:36:58Z</time></trkpt>
<trkpt lat="-27.502545" lon="152.99061"><ele>12.8</ele><time>2026-01-01T08:36:59Z</time></trkpt>
<trkpt lat="-27.502791" lon="152.990464"><ele>12.6</ele><time>2026-01-01T08:37:02Z</time></trkpt>
<trkpt lat="-27.502963" lon="152.990383"><ele>12.4</ele><time>2026-01-01T08:37:04Z</time></trkpt>
<trkpt lat="-27.503053" lon="152.990348"><ele>12.2</ele><time>2026-01-01T08:37:05Z</time></trkpt>
<trkpt lat="-27.50323" lon="152.990277"><ele>10.4</ele><time>2026-01-01T08:37:07Z</time></trkpt>
<trkpt lat="-27.50331" lon="152.990242"><ele>9.6</ele><time>2026-01-01T08:37:08Z</time></trkpt>
<trkpt lat="-27.50339" lon="152.990211"><ele>9</ele><time>2026-01-01T08:37:09Z</time></trkpt>
<trkpt lat="-27.503472" lon="152.990181"><ele>8.8</ele><time>2026-01-01T08:37:10Z</time></trkpt>
<trkpt lat="-27.503622" lon="152.990129"><ele>8.6</ele><time>2026-01-01T08:37:12Z</time></trkpt>
<trkpt lat="-27.503687" lon="152.99001"><ele>8.2</ele><time>2026-01-01T08:37:14Z</time></trkpt>
<trkpt lat="-27.503605" lon="152.989784"><ele>9.4</ele><time>2026-01-01T08:37:17Z</time></trkpt>
<trkpt lat="-27.503548" lon="152.989629"><ele>10.6</ele><time>2026-01-01T08:37:19Z</time></trkpt>
<trkpt lat="-27.503454" lon="152.989309"><ele>11.6</ele><time>2026-01-01T08:37:23Z</time></trkpt>
<trkpt lat="-27.503431" lon="152.989234"><ele>11.8</ele><time>2026-01-01T08:37:24Z</time></trkpt>
<trkpt lat="-27.503375" lon="152.989086"><ele>12</ele><time>2026-01-01T08:37:26Z</time></trkpt>
<trkpt lat="-27.503291" lon="152.988842"><ele>11</ele><time>2026-01-01T08:37:29Z</time></trkpt>
<trkpt lat="-27.503256" lon="152.988691"><ele>10.4</ele><time>2026-01-01T08:37:31Z</time></trkpt>
<trkpt lat="-27.503227" lon="152.988537"><ele>10.2</ele><time>2026-01-01T08:37:33Z</time></trkpt>
<trkpt lat="-27.503213" lon="152.988477"><ele>10</ele><time>2026-01-01T08:37:34Z</time></trkpt>
<trkpt lat="-27.503179" lon="152.98833"><ele>8.6</ele><time>2026-01-01T08:37:36Z</time></trkpt>
<trkpt lat="-27.503062" lon="152.987751"><ele>8.8</ele><time>2026-01-01T08:37:44Z</time></trkpt>
<trkpt lat="-27.502938" lon="152.987098"><ele>9.6</ele><time>2026-01-01T08:37:53Z</time></trkpt>
<trkpt lat="-27.502927" lon="152.987042"><ele>9.6</ele><time>2026-01-01T08:37:54Z</time></trkpt>
<trkpt lat="-27.502871" lon="152.986762"><ele>10.2</ele><time>2026-01-01T08:37:58Z</time></trkpt>
<trkpt lat="-27.502834" lon="152.986553"><ele>10.8</ele><time>2026-01-01T08:38:01Z</time></trkpt>
<trkpt lat="-27.502821" lon="152.986444"><ele>11.4</ele><time>2026-01-01T08:38:03Z</time></trkpt>
<trkpt lat="-27.502802" lon="152.986263"><ele>12.2</ele><time>2026-01-01T08:38:06Z</time></trkpt>
<trkpt lat="-27.502786" lon="152.986076"><ele>12.4</ele><time>2026-01-01T08:38:09Z</time></trkpt>
<trkpt lat="-27.502754" lon="152.985588"><ele>11.8</ele><time>2026-01-01T08:38:16Z</time></trkpt>
<trkpt lat="-27.502707" lon="152.985025"><ele>12</ele><time>2026-01-01T08:38:24Z</time></trkpt>
<trkpt lat="-27.502686" lon="152.984844"><ele>13.2</ele><time>2026-01-01T08:38:27Z</time></trkpt>
<trkpt lat="-27.502682" lon="152.984782"><ele>13.2</ele><time>2026-01-01T08:38:28Z</time></trkpt>
<trkpt lat="-27.502673" lon="152.984689"><ele>14.6</ele><time>2026-01-01T08:38:30Z</time></trkpt>
<trkpt lat="-27.502661" lon="152.984527"><ele>15.2</ele><time>2026-01-01T08:38:34Z</time></trkpt>
<trkpt lat="-27.502655" lon="152.984481"><ele>15.2</ele><time>2026-01-01T08:38:36Z</time></trkpt>
<trkpt lat="-27.502653" lon="152.984385"><ele>15.6</ele><time>2026-01-01T08:38:39Z</time></trkpt>
<trkpt lat="-27.502651" lon="152.984272"><ele>15.8</ele><time>2026-01-01T08:38:41Z</time></trkpt>
<trkpt lat="-27.502629" lon="152.984135"><ele>15.8</ele><time>2026-01-01T08:38:43Z</time></trkpt>
<trkpt lat="-27.502597" lon="152.984001"><ele>14</ele><time>2026-01-01T08:38:45Z</time></trkpt>
<trkpt lat="-27.502576" lon="152.983711"><ele>14.2</ele><time>2026-01-01T08:38:50Z</time></trkpt>
<trkpt lat="-27.502565" lon="152.983478"><ele>15.2</ele><time>2026-01-01T08:38:54Z</time></trkpt>
<trkpt lat="-27.502563" lon="152.983367"><ele>15.8</ele><time>2026-01-01T08:38:56Z</time></trkpt>
<trkpt lat="-27.502569" lon="152.98327"><ele>16.4</ele><time>2026-01-01T08:38:58Z</time></trkpt>
<trkpt lat="-27.502608" lon="152.982924"><ele>16.8</ele><time>2026-01-01T08:39:04Z</time></trkpt>
<trkpt lat="-27.502639" lon="152.982691"><ele>17.2</ele><time>2026-01-01T08:39:08Z</time></trkpt>
<trkpt lat="-27.502644" lon="152.982637"><ele>17.6</ele><time>2026-01-01T08:39:09Z</time></trkpt>
<trkpt lat="-27.502653" lon="152.982586"><ele>17.6</ele><time>2026-01-01T08:39:10Z</time></trkpt>
<trkpt lat="-27.502696" lon="152.982434"><ele>18.8</ele><time>2026-01-01T08:39:13Z</time></trkpt>
<trkpt lat="-27.502706" lon="152.982387"><ele>21.2</ele><time>2026-01-01T08:39:14Z</time></trkpt>
<trkpt lat="-27.502721" lon="152.98234"><ele>21.4</ele><time>2026-01-01T08:39:15Z</time></trkpt>
<trkpt lat="-27.502743" lon="152.982291"><ele>21.4</ele><time>2026-01-01T08:39:16Z</time></trkpt>
<trkpt lat="-27.502772" lon="152.982239"><ele>21.4</ele><time>2026-01-01T08:39:17Z</time></trkpt>
<trkpt lat="-27.502819" lon="152.98217"><ele>20.8</ele><time>2026-01-01T08:39:19Z</time></trkpt>
<trkpt lat="-27.502867" lon="152.982069"><ele>20.8</ele><time>2026-01-01T08:39:21Z</time></trkpt>
<trkpt lat="-27.503038" lon="152.981727"><ele>21.2</ele><time>2026-01-01T08:39:27Z</time></trkpt>
<trkpt lat="-27.503099" lon="152.981597"><ele>21.4</ele><time>2026-01-01T08:39:29Z</time></trkpt>
<trkpt lat="-27.503133" lon="152.981525"><ele>21.4</ele><time>2026-01-01T08:39:30Z</time></trkpt>
<trkpt lat="-27.503206" lon="152.981381"><ele>21.2</ele><time>2026-01-01T08:39:32Z</time></trkpt>
<trkpt lat="-27.50341" lon="152.981004"><ele>20.2</ele><time>2026-01-01T08:39:37Z</time></trkpt>
<trkpt lat="-27.503444" lon="152.980928"><ele>19.6</ele><time>2026-01-01T08:39:38Z</time></trkpt>
<trkpt lat="-27.503595" lon="152.980627"><ele>19</ele><time>2026-01-01T08:39:42Z</time></trkpt>
<trkpt lat="-27.503651" lon="152.9805"><ele>19</ele><time>2026-01-01T08:39:44Z</time></trkpt>
<trkpt lat="-27.503685" lon="152.980442"><ele>19</ele><time>2026-01-01T08:39:45Z</time></trkpt>
<trkpt lat="-27.50375" lon="152.980331"><ele>18.8</ele><time>2026-01-01T08:39:47Z</time></trkpt>
<trkpt lat="-27.503837" lon="152.980235"><ele>18.6</ele><time>2026-01-01T08:39:49Z</time></trkpt>
<trkpt lat="-27.503918" lon="152.980147"><ele>18.2</ele><time>2026-01-01T08:39:51Z</time></trkpt>
<trkpt lat="-27.503941" lon="152.980078"><ele>18.2</ele><time>2026-01-01T08:39:52Z</time></trkpt>
<trkpt lat="-27.503947" lon="152.980029"><ele>18.4</ele><time>2026-01-01T08:39:53Z</time></trkpt>
<trkpt lat="-27.503944" lon="152.979902"><ele>19</ele><time>2026-01-01T08:39:55Z</time></trkpt>
<trkpt lat="-27.503935" lon="152.979858"><ele>19.2</ele><time>2026-01-01T08:39:56Z</time></trkpt>
<trkpt lat="-27.503915" lon="152.979743"><ele>20.4</ele><time>2026-01-01T08:39:58Z</time></trkpt>
<trkpt lat="-27.503892" lon="152.979542"><ele>21</ele><time>2026-01-01T08:40:02Z</time></trkpt>
<trkpt lat="-27.503845" lon="152.979106"><ele>20.2</ele><time>2026-01-01T08:40:09Z</time></trkpt>
<trkpt lat="-27.503829" lon="152.978911"><ele>19.2</ele><time>2026-01-01T08:40:12Z</time></trkpt>
<trkpt lat="-27.503805" lon="152.978566"><ele>19.4</ele><time>2026-01-01T08:40:17Z</time></trkpt>
<trkpt lat="-27.503782" lon="152.978199"><ele>19.6</ele><time>2026-01-01T08:40:23Z</time></trkpt>
<trkpt lat="-27.503777" lon="152.978135"><ele>20</ele><time>2026-01-01T08:40:24Z</time></trkpt>
<trkpt lat="-27.50377" lon="152.978074"><ele>20.2</ele><time>2026-01-01T08:40:25Z</time></trkpt>
<trkpt lat="-27.503739" lon="152.977831"><ele>20.8</ele><time>2026-01-01T08:40:29Z</time></trkpt>
<trkpt lat="-27.503725" lon="152.97777"><ele>20.8</ele><time>2026-01-01T08:40:30Z</time></trkpt>
<trkpt lat="-27.503707" lon="152.977709"><ele>21</ele><time>2026-01-01T08:40:31Z</time></trkpt>
<trkpt lat="-27.503593" lon="152.977269"><ele>22</ele><time>2026-01-01T08:40:38Z</time></trkpt>
<trkpt lat="-27.50357" lon="152.977205"><ele>22</ele><time>2026-01-01T08:40:39Z</time></trkpt>
<trkpt lat="-27.503488" lon="152.976929"><ele>22.4</ele><time>2026-01-01T08:40:43Z</time></trkpt>
<trkpt lat="-27.503446" lon="152.976795"><ele>22</ele><time>2026-01-01T08:40:45Z</time></trkpt>
<trkpt lat="-27.503369" lon="152.976524"><ele>21</ele><time>2026-01-01T08:40:49Z</time></trkpt>
<trkpt lat="-27.503305" lon="152.976307"><ele>20.6</ele><time>2026-01-01T08:40:52Z</time></trkpt>
<trkpt lat="-27.50326" lon="152.976123"><ele>20.6</ele><time>2026-01-01T08:40:55Z</time></trkpt>
<trkpt lat="-27.50326" lon="152.976012"><ele>20.6</ele><time>2026-01-01T08:40:57Z</time></trkpt>
<trkpt lat="-27.50328" lon="152.975912"><ele>20.8</ele><time>2026-01-01T08:40:59Z</time></trkpt>
<trkpt lat="-27.503326" lon="152.97581"><ele>22</ele><time>2026-01-01T08:41:01Z</time></trkpt>
<trkpt lat="-27.503361" lon="152.975762"><ele>22.2</ele><time>2026-01-01T08:41:02Z</time></trkpt>
<trkpt lat="-27.503487" lon="152.975651"><ele>22.6</ele><time>2026-01-01T08:41:05Z</time></trkpt>
<trkpt lat="-27.503582" lon="152.975569"><ele>22</ele><time>2026-01-01T08:41:07Z</time></trkpt>
<trkpt lat="-27.503618" lon="152.975537"><ele>20.4</ele><time>2026-01-01T08:41:08Z</time></trkpt>
<trkpt lat="-27.503762" lon="152.975414"><ele>19.2</ele><time>2026-01-01T08:41:11Z</time></trkpt>
<trkpt lat="-27.503946" lon="152.975258"><ele>18.8</ele><time>2026-01-01T08:41:15Z</time></trkpt>
<trkpt lat="-27.504257" lon="152.975"><ele>19.6</ele><time>2026-01-01T08:41:22Z</time></trkpt>
<trkpt lat="-27.504316" lon="152.974959"><ele>19.8</ele><time>2026-01-01T08:41:23Z</time></trkpt>
<trkpt lat="-27.504463" lon="152.974851"><ele>20</ele><time>2026-01-01T08:41:26Z</time></trkpt>
<trkpt lat="-27.504551" lon="152.97481"><ele>21.2</ele><time>2026-01-01T08:41:28Z</time></trkpt>
<trkpt lat="-27.504625" lon="152.974849"><ele>21.8</ele><time>2026-01-01T08:41:30Z</time></trkpt>
<trkpt lat="-27.504679" lon="152.974948"><ele>21.8</ele><time>2026-01-01T08:41:32Z</time></trkpt>
<trkpt lat="-27.50475" lon="152.975043"><ele>21.8</ele><time>2026-01-01T08:41:34Z</time></trkpt>
<trkpt lat="-27.504854" lon="152.975111"><ele>21</ele><time>2026-01-01T08:41:36Z</time></trkpt>
<trkpt lat="-27.504915" lon="152.975125"><ele>20.4</ele><time>2026-01-01T08:41:37Z</time></trkpt>
<trkpt lat="-27.504994" lon="152.975125"><ele>20.2</ele><time>2026-01-01T08:41:38Z</time></trkpt>
<trkpt lat="-27.505192" lon="152.975097"><ele>18.8</ele><time>2026-01-01T08:41:41Z</time></trkpt>
<trkpt lat="-27.505271" lon="152.975062"><ele>18.4</ele><time>2026-01-01T08:41:42Z</time></trkpt>
<trkpt lat="-27.505312" lon="152.975021"><ele>18.2</ele><time>2026-01-01T08:41:43Z</time></trkpt>
<trkpt lat="-27.505358" lon="152.974939"><ele>17.6</ele><time>2026-01-01T08:41:44Z</time></trkpt>
<trkpt lat="-27.505381" lon="152.974776"><ele>17</ele><time>2026-01-01T08:41:46Z</time></trkpt>
<trkpt lat="-27.505339" lon="152.974627"><ele>16</ele><time>2026-01-01T08:41:48Z</time></trkpt>
<trkpt lat="-27.505312" lon="152.974542"><ele>15.8</ele><time>2026-01-01T08:41:49Z</time></trkpt>
<trkpt lat="-27.505261" lon="152.974384"><ele>14.8</ele><time>2026-01-01T08:41:51Z</time></trkpt>
<trkpt lat="-27.505202" lon="152.974172"><ele>13.6</ele><time>2026-01-01T08:41:54Z</time></trkpt>
<trkpt lat="-27.505168" lon="152.974092"><ele>13.4</ele><time>2026-01-01T08:41:55Z</time></trkpt>
<trkpt lat="-27.505139" lon="152.974023"><ele>13.4</ele><time>2026-01-01T08:41:56Z</time></trkpt>
<trkpt lat="-27.505079" lon="152.973825"><ele>12.8</ele><time>2026-01-01T08:41:59Z</time></trkpt>
<trkpt lat="-27.504929" lon="152.973458"><ele>12.6</ele><time>2026-01-01T08:42:05Z</time></trkpt>
<trkpt lat="-27.504896" lon="152.973415"><ele>12.6</ele><time>2026-01-01T08:42:06Z</time></trkpt>
<trkpt lat="-27.504844" lon="152.973365"><ele>12.6</ele><time>2026-01-01T08:42:07Z</time></trkpt>
<trkpt lat="-27.504795" lon="152.973327"><ele>12.2</ele><time>2026-01-01T08:42:08Z</time></trkpt>
<trkpt lat="-27.50471" lon="152.973254"><ele>11.8</ele><time>2026-01-01T08:42:10Z</time></trkpt>
<trkpt lat="-27.504645" lon="152.973132"><ele>11.2</ele><time>2026-01-01T08:42:12Z</time></trkpt>
<trkpt lat="-27.504635" lon="152.973069"><ele>11.2</ele><time>2026-01-01T08:42:13Z</time></trkpt>
<trkpt lat="-27.504634" lon="152.973015"><ele>11.2</ele><time>2026-01-01T08:42:14Z</time></trkpt>
<trkpt lat="-27.504665" lon="152.972744"><ele>10.4</ele><time>2026-01-01T08:42:18Z</time></trkpt>
<trkpt lat="-27.504699" lon="152.972392"><ele>9.2</ele><time>2026-01-01T08:42:22Z</time></trkpt>
<trkpt lat="-27.504702" lon="152.972365"><ele>8.2</ele><time>2026-01-01T08:42:23Z</time></trkpt>
<trkpt lat="-27.504705" lon="152.972338"><ele>7.8</ele><time>2026-01-01T08:42:24Z</time></trkpt>
<trkpt lat="-27.504724" lon="152.972201"><ele>7.6</ele><time>2026-01-01T08:42:26Z</time></trkpt>
<trkpt lat="-27.50473" lon="152.972152"><ele>7</ele><time>2026-01-01T08:42:27Z</time></trkpt>
<trkpt lat="-27.504771" lon="152.971701"><ele>6.4</ele><time>2026-01-01T08:42:34Z</time></trkpt>
<trkpt lat="-27.504803" lon="152.971296"><ele>6.6</ele><time>2026-01-01T08:42:40Z</time></trkpt>
<trkpt lat="-27.504817" lon="152.971168"><ele>7.8</ele><time>2026-01-01T08:42:42Z</time></trkpt>
<trkpt lat="-27.50482" lon="152.971106"><ele>8.8</ele><time>2026-01-01T08:42:43Z</time></trkpt>
<trkpt lat="-27.504849" lon="152.970802"><ele>7.6</ele><time>2026-01-01T08:42:48Z</time></trkpt>
<trkpt lat="-27.504856" lon="152.970738"><ele>7.2</ele><time>2026-01-01T08:42:49Z</time></trkpt>
<trkpt lat="-27.504886" lon="152.970477"><ele>7</ele><time>2026-01-01T08:42:53Z</time></trkpt>
<trkpt lat="-27.50494" lon="152.970357"><ele>7</ele><time>2026-01-01T08:42:55Z</time></trkpt>
<trkpt lat="-27.505195" lon="152.969855"><ele>8</ele><time>2026-01-01T08:43:04Z</time></trkpt>
<trkpt lat="-27.505265" lon="152.969644"><ele>8.8</ele><time>2026-01-01T08:43:08Z</time></trkpt>
<trkpt lat="-27.505325" lon="152.969448"><ele>9.6</ele><time>2026-01-01T08:43:12Z</time></trkpt>
<trkpt lat="-27.505338" lon="152.969398"><ele>10</ele><time>2026-01-01T08:43:13Z</time></trkpt>
<trkpt lat="-27.50538" lon="152.969253"><ele>11.8</ele><time>2026-01-01T08:43:16Z</time></trkpt>
<trkpt lat="-27.505396" lon="152.969203"><ele>12.8</ele><time>2026-01-01T08:43:17Z</time></trkpt>
<trkpt lat="-27.50541" lon="152.969155"><ele>13.2</ele><time>2026-01-01T08:43:18Z</time></trkpt>
<trkpt lat="-27.505418" lon="152.969108"><ele>13.2</ele><time>2026-01-01T08:43:19Z</time></trkpt>
<trkpt lat="-27.505392" lon="152.968905"><ele>13.8</ele><time>2026-01-01T08:43:23Z</time></trkpt>
<trkpt lat="-27.505377" lon="152.968859"><ele>13.6</ele><time>2026-01-01T08:43:24Z</time></trkpt>
<trkpt lat="-27.50535" lon="152.968787"><ele>13.6</ele><time>2026-01-01T08:43:26Z</time></trkpt>
<trkpt lat="-27.505344" lon="152.968739"><ele>13.6</ele><time>2026-01-01T08:43:27Z</time></trkpt>
<trkpt lat="-27.505366" lon="152.968608"><ele>13.6</ele><time>2026-01-01T08:43:30Z</time></trkpt>
<trkpt lat="-27.50553" lon="152.968432"><ele>12</ele><time>2026-01-01T08:43:34Z</time></trkpt>
<trkpt lat="-27.505836" lon="152.968171"><ele>12</ele><time>2026-01-01T08:43:41Z</time></trkpt>
<trkpt lat="-27.506077" lon="152.967959"><ele>12.2</ele><time>2026-01-01T08:43:47Z</time></trkpt>
<trkpt lat="-27.506207" lon="152.96783"><ele>11.8</ele><time>2026-01-01T08:43:50Z</time></trkpt>
<trkpt lat="-27.50631" lon="152.967731"><ele>11.6</ele><time>2026-01-01T08:43:52Z</time></trkpt>
<trkpt lat="-27.506431" lon="152.967639"><ele>11</ele><time>2026-01-01T08:43:54Z</time></trkpt>
<trkpt lat="-27.50649" lon="152.967587"><ele>10.8</ele><time>2026-01-01T08:43:55Z</time></trkpt>
<trkpt lat="-27.506661" lon="152.967443"><ele>11</ele><time>2026-01-01T08:43:58Z</time></trkpt>
<trkpt lat="-27.506981" lon="152.96716"><ele>10.8</ele><time>2026-01-01T08:44:04Z</time></trkpt>
<trkpt lat="-27.507021" lon="152.967102"><ele>9.8</ele><time>2026-01-01T08:44:05Z</time></trkpt>
<trkpt lat="-27.507049" lon="152.967036"><ele>8.2</ele><time>2026-01-01T08:44:06Z</time></trkpt>
<trkpt lat="-27.507058" lon="152.96689"><ele>7.6</ele><time>2026-01-01T08:44:08Z</time></trkpt>
<trkpt lat="-27.50704" lon="152.966732"><ele>7.2</ele><time>2026-01-01T08:44:10Z</time></trkpt>
<trkpt lat="-27.507036" lon="152.966652"><ele>7</ele><time>2026-01-01T08:44:11Z</time></trkpt>
<trkpt lat="-27.507035" lon="152.966519"><ele>6.4</ele><time>2026-01-01T08:44:13Z</time></trkpt>
<trkpt lat="-27.50703" lon="152.96647"><ele>6</ele><time>2026-01-01T08:44:14Z</time></trkpt>
<trkpt lat="-27.507004" lon="152.966413"><ele>6</ele><time>2026-01-01T08:44:16Z</time></trkpt>
<trkpt lat="-27.506965" lon="152.96636"><ele>6.2</ele><time>2026-01-01T08:44:21Z</time></trkpt>
<trkpt lat="-27.506955" lon="152.966269"><ele>6.2</ele><time>2026-01-01T08:44:26Z</time></trkpt>
<trkpt lat="-27.506944" lon="152.966157"><ele>6.2</ele><time>2026-01-01T08:44:28Z</time></trkpt>
<trkpt lat="-27.506923" lon="152.966022"><ele>5.8</ele><time>2026-01-01T08:44:30Z</time></trkpt>
<trkpt lat="-27.506889" lon="152.965814"><ele>4.8</ele><time>2026-01-01T08:44:33Z</time></trkpt>
<trkpt lat="-27.506866" lon="152.965668"><ele>4.6</ele><time>2026-01-01T08:44:35Z</time></trkpt>
<trkpt lat="-27.506841" lon="152.965455"><ele>5</ele><time>2026-01-01T08:44:38Z</time></trkpt>
<trkpt lat="-27.506842" lon="152.965385"><ele>5.2</ele><time>2026-01-01T08:44:39Z</time></trkpt>
<trkpt lat="-27.506847" lon="152.965315"><ele>5.4</ele><time>2026-01-01T08:44:40Z</time></trkpt>
<trkpt lat="-27.506879" lon="152.965188"><ele>5.6</ele><time>2026-01-01T08:44:42Z</time></trkpt>
<trkpt lat="-27.506899" lon="152.965126"><ele>5.6</ele><time>2026-01-01T08:44:43Z</time></trkpt>
<trkpt lat="-27.506977" lon="152.964901"><ele>5.8</ele><time>2026-01-01T08:44:47Z</time></trkpt>
<trkpt lat="-27.50698" lon="152.964846"><ele>5.8</ele><time>2026-01-01T08:44:48Z</time></trkpt>
<trkpt lat="-27.506964" lon="152.964791"><ele>6</ele><time>2026-01-01T08:44:49Z</time></trkpt>
<trkpt lat="-27.5069" lon="152.964717"><ele>6.2</ele><time>2026-01-01T08:44:51Z</time></trkpt>
<trkpt lat="-27.506802" lon="152.964629"><ele>6.2</ele><time>2026-01-01T08:44:53Z</time></trkpt>
<trkpt lat="-27.506747" lon="152.964508"><ele>6.4</ele><time>2026-01-01T08:44:55Z</time></trkpt>
<trkpt lat="-27.506681" lon="152.964183"><ele>6.8</ele><time>2026-01-01T08:45:00Z</time></trkpt>
<trkpt lat="-27.506672" lon="152.964116"><ele>6.8</ele><time>2026-01-01T08:45:01Z</time></trkpt>
<trkpt lat="-27.506619" lon="152.963744"><ele>6.8</ele><time>2026-01-01T08:45:06Z</time></trkpt>
<trkpt lat="-27.506554" lon="152.963292"><ele>6.6</ele><time>2026-01-01T08:45:12Z</time></trkpt>
<trkpt lat="-27.506542" lon="152.963213"><ele>6.4</ele><time>2026-01-01T08:45:13Z</time></trkpt>
<trkpt lat="-27.506496" lon="152.96298"><ele>6.4</ele><time>2026-01-01T08:45:16Z</time></trkpt>
<trkpt lat="-27.506455" lon="152.962834"><ele>6.8</ele><time>2026-01-01T08:45:18Z</time></trkpt>
<trkpt lat="-27.506434" lon="152.962775"><ele>7</ele><time>2026-01-01T08:45:19Z</time></trkpt>
<trkpt lat="-27.506426" lon="152.962612"><ele>7.6</ele><time>2026-01-01T08:45:21Z</time></trkpt>
<trkpt lat="-27.506418" lon="152.962533"><ele>8</ele><time>2026-01-01T08:45:22Z</time></trkpt>
<trkpt lat="-27.506396" lon="152.962381"><ele>9.6</ele><time>2026-01-01T08:45:24Z</time></trkpt>
<trkpt lat="-27.506376" lon="152.962229"><ele>11.8</ele><time>2026-01-01T08:45:26Z</time></trkpt>
<trkpt lat="-27.506352" lon="152.962147"><ele>11.8</ele><time>2026-01-01T08:45:27Z</time></trkpt>
<trkpt lat="-27.506303" lon="152.961691"><ele>11</ele><time>2026-01-01T08:45:33Z</time></trkpt>
<trkpt lat="-27.506285" lon="152.961622"><ele>10.6</ele><time>2026-01-01T08:45:34Z</time></trkpt>
<trkpt lat="-27.506239" lon="152.961416"><ele>10.2</ele><time>2026-01-01T08:45:37Z</time></trkpt>
<trkpt lat="-27.506197" lon="152.961199"><ele>10.2</ele><time>2026-01-01T08:45:40Z</time></trkpt>
<trkpt lat="-27.506166" lon="152.961046"><ele>10.4</ele><time>2026-01-01T08:45:42Z</time></trkpt>
<trkpt lat="-27.506131" lon="152.960862"><ele>11.8</ele><time>2026-01-01T08:45:44Z</time></trkpt>
<trkpt lat="-27.506104" lon="152.960658"><ele>12.2</ele><time>2026-01-01T08:45:46Z</time></trkpt>
<trkpt lat="-27.506079" lon="152.960444"><ele>11.6</ele><time>2026-01-01T08:45:48Z</time></trkpt>
<trkpt lat="-27.506063" lon="152.960343"><ele>11.8</ele><time>2026-01-01T08:45:49Z</time></trkpt>
<trkpt lat="-27.506031" lon="152.960181"><ele>12.2</ele><time>2026-01-01T08:45:51Z</time></trkpt>
<trkpt lat="-27.506009" lon="152.960119"><ele>12.4</ele><time>2026-01-01T08:45:52Z</time></trkpt>
<trkpt lat="-27.505967" lon="152.960069"><ele>12.8</ele><time>2026-01-01T08:45:53Z</time></trkpt>
<trkpt lat="-27.505911" lon="152.960037"><ele>13.4</ele><time>2026-01-01T08:45:54Z</time></trkpt>
<trkpt lat="-27.505849" lon="152.960022"><ele>14</ele><time>2026-01-01T08:45:55Z</time></trkpt>
<trkpt lat="-27.505787" lon="152.960029"><ele>14.2</ele><time>2026-01-01T08:45:56Z</time></trkpt>
<trkpt lat="-27.505731" lon="152.960056"><ele>14.2</ele><time>2026-01-01T08:45:57Z</time></trkpt>
<trkpt lat="-27.505679" lon="152.960098"><ele>14.2</ele><time>2026-01-01T08:45:58Z</time></trkpt>
<trkpt lat="-27.505576" lon="152.960209"><ele>14</ele><time>2026-01-01T08:46:00Z</time></trkpt>
<trkpt lat="-27.505531" lon="152.96025"><ele>14</ele><time>2026-01-01T08:46:01Z</time></trkpt>
<trkpt lat="-27.505465" lon="152.960261"><ele>13.6</ele><time>2026-01-01T08:46:03Z</time></trkpt>
<trkpt lat="-27.505462" lon="152.960252"><ele>13.6</ele><time>2026-01-01T08:46:04Z</time></trkpt>
<trkpt lat="-27.505475" lon="152.960235"><ele>13.6</ele><time>2026-01-01T08:46:05Z</time></trkpt>
<trkpt lat="-27.505546" lon="152.960181"><ele>15.2</ele><time>2026-01-01T08:46:08Z</time></trkpt>
<trkpt lat="-27.505598" lon="152.960137"><ele>15.2</ele><time>2026-01-01T08:46:10Z</time></trkpt>
<trkpt lat="-27.505718" lon="152.96002"><ele>16.2</ele><time>2026-01-01T08:46:15Z</time></trkpt>
<trkpt lat="-27.505794" lon="152.959964"><ele>16.8</ele><time>2026-01-01T08:46:18Z</time></trkpt>
<trkpt lat="-27.50585" lon="152.959918"><ele>17.2</ele><time>2026-01-01T08:46:20Z</time></trkpt>
<trkpt lat="-27.505958" lon="152.9598"><ele>17.6</ele><time>2026-01-01T08:46:25Z</time></trkpt>
<trkpt lat="-27.506055" lon="152.959685"><ele>17.4</ele><time>2026-01-01T08:46:29Z</time></trkpt>
<trkpt lat="-27.506076" lon="152.959649"><ele>17.2</ele><time>2026-01-01T08:46:30Z</time></trkpt>
<trkpt lat="-27.506193" lon="152.95949"><ele>16.2</ele><time>2026-01-01T08:46:34Z</time></trkpt>
<trkpt lat="-27.506225" lon="152.95945"><ele>15.8</ele><time>2026-01-01T08:46:35Z</time></trkpt>
<trkpt lat="-27.506282" lon="152.959378"><ele>15</ele><time>2026-01-01T08:46:37Z</time></trkpt>
<trkpt lat="-27.506345" lon="152.959281"><ele>13.8</ele><time>2026-01-01T08:46:40Z</time></trkpt>
<trkpt lat="-27.50633" lon="152.95921"><ele>13.6</ele><time>2026-01-01T08:46:42Z</time></trkpt>
<trkpt lat="-27.506315" lon="152.959189"><ele>13.6</ele><time>2026-01-01T08:46:43Z</time></trkpt>
<trkpt lat="-27.506239" lon="152.959122"><ele>14.4</ele><time>2026-01-01T08:46:47Z</time></trkpt>
<trkpt lat="-27.506208" lon="152.959092"><ele>15</ele><time>2026-01-01T08:46:49Z</time></trkpt>
<trkpt lat="-27.506122" lon="152.959015"><ele>16</ele><time>2026-01-01T08:46:54Z</time></trkpt>
<trkpt lat="-27.506106" lon="152.959003"><ele>16.2</ele><time>2026-01-01T08:46:55Z</time></trkpt>
<trkpt lat="-27.506029" lon="152.958934"><ele>17.2</ele><time>2026-01-01T08:47:00Z</time></trkpt>
<trkpt lat="-27.506015" lon="152.958915"><ele>17.2</ele><time>2026-01-01T08:47:01Z</time></trkpt>
<trkpt lat="-27.505901" lon="152.958791"><ele>18.2</ele><time>2026-01-01T08:47:07Z</time></trkpt>
<trkpt lat="-27.50586" lon="152.958747"><ele>18.8</ele><time>2026-01-01T08:47:09Z</time></trkpt>
<trkpt lat="-27.505787" lon="152.958649"><ele>19.4</ele><time>2026-01-01T08:47:13Z</time></trkpt>
<trkpt lat="-27.505749" lon="152.958604"><ele>19.6</ele><time>2026-01-01T08:47:15Z</time></trkpt>
<trkpt lat="-27.505685" lon="152.958514"><ele>20.4</ele><time>2026-01-01T08:47:19Z</time></trkpt>
<trkpt lat="-27.505632" lon="152.958463"><ele>21.8</ele><time>2026-01-01T08:47:22Z</time></trkpt>
<trkpt lat="-27.505563" lon="152.958402"><ele>23.6</ele><time>2026-01-01T08:47:26Z</time></trkpt>
<trkpt lat="-27.505534" lon="152.958358"><ele>24.6</ele><time>2026-01-01T08:47:28Z</time></trkpt>
<trkpt lat="-27.505524" lon="152.958329"><ele>24.8</ele><time>2026-01-01T08:47:29Z</time></trkpt>
<trkpt lat="-27.505491" lon="152.958242"><ele>26.2</ele><time>2026-01-01T08:47:32Z</time></trkpt>
<trkpt lat="-27.50547" lon="152.958151"><ele>26.4</ele><time>2026-01-01T08:47:35Z</time></trkpt>
<trkpt lat="-27.505463" lon="152.958096"><ele>27.4</ele><time>2026-01-01T08:47:37Z</time></trkpt>
<trkpt lat="-27.505454" lon="152.958038"><ele>27.8</ele><time>2026-01-01T08:47:39Z</time></trkpt>
<trkpt lat="-27.505442" lon="152.957945"><ele>28.4</ele><time>2026-01-01T08:47:42Z</time></trkpt>
<trkpt lat="-27.505442" lon="152.957916"><ele>28.6</ele><time>2026-01-01T08:47:43Z</time></trkpt>
<trkpt lat="-27.505448" lon="152.957714"><ele>29.2</ele><time>2026-01-01T08:47:49Z</time></trkpt>
<trkpt lat="-27.505451" lon="152.957677"><ele>29.4</ele><time>2026-01-01T08:47:50Z</time></trkpt>
<trkpt lat="-27.505454" lon="152.957496"><ele>29.6</ele><time>2026-01-01T08:47:55Z</time></trkpt>
<trkpt lat="-27.505458" lon="152.957348"><ele>29.8</ele><time>2026-01-01T08:47:59Z</time></trkpt>
<trkpt lat="-27.505465" lon="152.957237"><ele>30</ele><time>2026-01-01T08:48:02Z</time></trkpt>
<trkpt lat="-27.505472" lon="152.957159"><ele>30.6</ele><time>2026-01-01T08:48:04Z</time></trkpt>
<trkpt lat="-27.505472" lon="152.957046"><ele>30.8</ele><time>2026-01-01T08:48:07Z</time></trkpt>
<trkpt lat="-27.50545" lon="152.956759"><ele>31.8</ele><time>2026-01-01T08:48:14Z</time></trkpt>
<trkpt lat="-27.505444" lon="152.956716"><ele>32.4</ele><time>2026-01-01T08:48:15Z</time></trkpt>
<trkpt lat="-27.505431" lon="152.956636"><ele>33.4</ele><time>2026-01-01T08:48:17Z</time></trkpt>
<trkpt lat="-27.505418" lon="152.956559"><ele>34.4</ele><time>2026-01-01T08:48:19Z</time></trkpt>
<trkpt lat="-27.505406" lon="152.956452"><ele>35.6</ele><time>2026-01-01T08:48:22Z</time></trkpt>
<trkpt lat="-27.505399" lon="152.956414"><ele>35.8</ele><time>2026-01-01T08:48:23Z</time></trkpt>
<trkpt lat="-27.505322" lon="152.956062"><ele>35.2</ele><time>2026-01-01T08:48:31Z</time></trkpt>
<trkpt lat="-27.505186" lon="152.955802"><ele>35.2</ele><time>2026-01-01T08:48:37Z</time></trkpt>
<trkpt lat="-27.505129" lon="152.955737"><ele>35.6</ele><time>2026-01-01T08:48:39Z</time></trkpt>
<trkpt lat="-27.504994" lon="152.955587"><ele>36.4</ele><time>2026-01-01T08:48:44Z</time></trkpt>
<trkpt lat="-27.504963" lon="152.955554"><ele>36.8</ele><time>2026-01-01T08:48:45Z</time></trkpt>
<trkpt lat="-27.504769" lon="152.955337"><ele>37.6</ele><time>2026-01-01T08:48:52Z</time></trkpt>
<trkpt lat="-27.504689" lon="152.955248"><ele>37.8</ele><time>2026-01-01T08:48:55Z</time></trkpt>
<trkpt lat="-27.504557" lon="152.955066"><ele>37.8</ele><time>2026-01-01T08:49:00Z</time></trkpt>
<trkpt lat="-27.504467" lon="152.95481"><ele>37.6</ele><time>2026-01-01T08:49:05Z</time></trkpt>
<trkpt lat="-27.504442" lon="152.954698"><ele>37.8</ele><time>2026-01-01T08:49:07Z</time></trkpt>
<trkpt lat="-27.504368" lon="152.954433"><ele>39</ele><time>2026-01-01T08:49:12Z</time></trkpt>
<trkpt lat="-27.504341" lon="152.954336"><ele>40</ele><time>2026-01-01T08:49:14Z</time></trkpt>
<trkpt lat="-27.504318" lon="152.954253"><ele>41</ele><time>2026-01-01T08:49:16Z</time></trkpt>
<trkpt lat="-27.504307" lon="152.95421"><ele>41.4</ele><time>2026-01-01T08:49:17Z</time></trkpt>
<trkpt lat="-27.504242" lon="152.954005"><ele>42.4</ele><time>2026-01-01T08:49:22Z</time></trkpt>
<trkpt lat="-27.504198" lon="152.95393"><ele>42.4</ele><time>2026-01-01T08:49:24Z</time></trkpt>
<trkpt lat="-27.504104" lon="152.953829"><ele>42.4</ele><time>2026-01-01T08:49:27Z</time></trkpt>
<trkpt lat="-27.503823" lon="152.953656"><ele>42.4</ele><time>2026-01-01T08:49:34Z</time></trkpt>
<trkpt lat="-27.503735" lon="152.953629"><ele>42.4</ele><time>2026-01-01T08:49:36Z</time></trkpt>
<trkpt lat="-27.503581" lon="152.953611"><ele>41.8</ele><time>2026-01-01T08:49:39Z</time></trkpt>
<trkpt lat="-27.503421" lon="152.953619"><ele>41.4</ele><time>2026-01-01T08:49:42Z</time></trkpt>
<trkpt lat="-27.503191" lon="152.953625"><ele>40.4</ele><time>2026-01-01T08:49:46Z</time></trkpt>
<trkpt lat="-27.503133" lon="152.953624"><ele>40.2</ele><time>2026-01-01T08:49:47Z</time></trkpt>
<trkpt lat="-27.503012" lon="152.953609"><ele>39.8</ele><time>2026-01-01T08:49:49Z</time></trkpt>
<trkpt lat="-27.502959" lon="152.953591"><ele>39.2</ele><time>2026-01-01T08:49:50Z</time></trkpt>
<trkpt lat="-27.502905" lon="152.953563"><ele>39.2</ele><time>2026-01-01T08:49:51Z</time></trkpt>
<trkpt lat="-27.502852" lon="152.95353"><ele>39.2</ele><time>2026-01-01T08:49:52Z</time></trkpt>
<trkpt lat="-27.502804" lon="152.953491"><ele>39.2</ele><time>2026-01-01T08:49:53Z</time></trkpt>
<trkpt lat="-27.502604" lon="152.953301"><ele>39.4</ele><time>2026-01-01T08:49:58Z</time></trkpt>
<trkpt lat="-27.502449" lon="152.953106"><ele>40.2</ele><time>2026-01-01T08:50:03Z</time></trkpt>
<trkpt lat="-27.502427" lon="152.953058"><ele>40.4</ele><time>2026-01-01T08:50:04Z</time></trkpt>
<trkpt lat="-27.502411" lon="152.953009"><ele>40.6</ele><time>2026-01-01T08:50:05Z</time></trkpt>
<trkpt lat="-27.502377" lon="152.952813"><ele>41.4</ele><time>2026-01-01T08:50:09Z</time></trkpt>
<trkpt lat="-27.502374" lon="152.952768"><ele>41.4</ele><time>2026-01-01T08:50:10Z</time></trkpt>
<trkpt lat="-27.502369" lon="152.952602"><ele>42.6</ele><time>2026-01-01T08:50:14Z</time></trkpt>
<trkpt lat="-27.502368" lon="152.95256"><ele>43</ele><time>2026-01-01T08:50:15Z</time></trkpt>
<trkpt lat="-27.502365" lon="152.95252"><ele>44</ele><time>2026-01-01T08:50:16Z</time></trkpt>
<trkpt lat="-27.502355" lon="152.952378"><ele>45.2</ele><time>2026-01-01T08:50:20Z</time></trkpt>
<trkpt lat="-27.502349" lon="152.952347"><ele>46</ele><time>2026-01-01T08:50:21Z</time></trkpt>
<trkpt lat="-27.502343" lon="152.952323"><ele>46.6</ele><time>2026-01-01T08:50:22Z</time></trkpt>
<trkpt lat="-27.502329" lon="152.952262"><ele>48</ele><time>2026-01-01T08:50:24Z</time></trkpt>
<trkpt lat="-27.502328" lon="152.952154"><ele>49.6</ele><time>2026-01-01T08:50:27Z</time></trkpt>
<trkpt lat="-27.502337" lon="152.952076"><ele>50.8</ele><time>2026-01-01T08:50:29Z</time></trkpt>
<trkpt lat="-27.502351" lon="152.952006"><ele>52</ele><time>2026-01-01T08:50:31Z</time></trkpt>
<trkpt lat="-27.502349" lon="152.951973"><ele>52.6</ele><time>2026-01-01T08:50:32Z</time></trkpt>
<trkpt lat="-27.502348" lon="152.951942"><ele>53.2</ele><time>2026-01-01T08:50:33Z</time></trkpt>
<trkpt lat="-27.502356" lon="152.95191"><ele>53.8</ele><time>2026-01-01T08:50:34Z</time></trkpt>
<trkpt lat="-27.502357" lon="152.951866"><ele>54.4</ele><time>2026-01-01T08:50:35Z</time></trkpt>
<trkpt lat="-27.502363" lon="152.951714"><ele>55</ele><time>2026-01-01T08:50:39Z</time></trkpt>
<trkpt lat="-27.502317" lon="152.951513"><ele>55.2</ele><time>2026-01-01T08:50:44Z</time></trkpt>
<trkpt lat="-27.502318" lon="152.951443"><ele>55.4</ele><time>2026-01-01T08:50:46Z</time></trkpt>
<trkpt lat="-27.502268" lon="152.951297"><ele>55.2</ele><time>2026-01-01T08:50:51Z</time></trkpt>
<trkpt lat="-27.502151" lon="152.951126"><ele>54.6</ele><time>2026-01-01T08:50:56Z</time></trkpt>
<trkpt lat="-27.502125" lon="152.951094"><ele>54.2</ele><time>2026-01-01T08:50:57Z</time></trkpt>
<trkpt lat="-27.502097" lon="152.951062"><ele>54.2</ele><time>2026-01-01T08:50:58Z</time></trkpt>
<trkpt lat="-27.50204" lon="152.950998"><ele>54.2</ele><time>2026-01-01T08:51:00Z</time></trkpt>
<trkpt lat="-27.501952" lon="152.950902"><ele>54.2</ele><time>2026-01-01T08:51:03Z</time></trkpt>
<trkpt lat="-27.501848" lon="152.950748"><ele>53.8</ele><time>2026-01-01T08:51:07Z</time></trkpt>
<trkpt lat="-27.501768" lon="152.950702"><ele>53</ele><time>2026-01-01T08:51:09Z</time></trkpt>
<trkpt lat="-27.501676" lon="152.950714"><ele>52.8</ele><time>2026-01-01T08:51:11Z</time></trkpt>
<trkpt lat="-27.501582" lon="152.950751"><ele>52.4</ele><time>2026-01-01T08:51:13Z</time></trkpt>
<trkpt lat="-27.501532" lon="152.950762"><ele>52.4</ele><time>2026-01-01T08:51:14Z</time></trkpt>
<trkpt lat="-27.501428" lon="152.950764"><ele>52.2</ele><time>2026-01-01T08:51:16Z</time></trkpt>
<trkpt lat="-27.50137" lon="152.950754"><ele>51.8</ele><time>2026-01-01T08:51:17Z</time></trkpt>
<trkpt lat="-27.501241" lon="152.950713"><ele>51.2</ele><time>2026-01-01T08:51:19Z</time></trkpt>
<trkpt lat="-27.501177" lon="152.950684"><ele>50.6</ele><time>2026-01-01T08:51:20Z</time></trkpt>
<trkpt lat="-27.501111" lon="152.950653"><ele>50.4</ele><time>2026-01-01T08:51:21Z</time></trkpt>
<trkpt lat="-27.500979" lon="152.95059"><ele>49.2</ele><time>2026-01-01T08:51:23Z</time></trkpt>
<trkpt lat="-27.500837" lon="152.950538"><ele>49</ele><time>2026-01-01T08:51:25Z</time></trkpt>
<trkpt lat="-27.500698" lon="152.95051"><ele>49</ele><time>2026-01-01T08:51:27Z</time></trkpt>
<trkpt lat="-27.500582" lon="152.950506"><ele>49</ele><time>2026-01-01T08:51:29Z</time></trkpt>
<trkpt lat="-27.50049" lon="152.950522"><ele>49.4</ele><time>2026-01-01T08:51:31Z</time></trkpt>
<trkpt lat="-27.500262" lon="152.950517"><ele>50.4</ele><time>2026-01-01T08:51:37Z</time></trkpt>
<trkpt lat="-27.500139" lon="152.950451"><ele>50.2</ele><time>2026-01-01T08:51:41Z</time></trkpt>
<trkpt lat="-27.500112" lon="152.950407"><ele>49.6</ele><time>2026-01-01T08:51:42Z</time></trkpt>
<trkpt lat="-27.500096" lon="152.950357"><ele>49.2</ele><time>2026-01-01T08:51:43Z</time></trkpt>
<trkpt lat="-27.50007" lon="152.950248"><ele>49</ele><time>2026-01-01T08:51:45Z</time></trkpt>
<trkpt lat="-27.500002" lon="152.949945"><ele>47.4</ele><time>2026-01-01T08:51:49Z</time></trkpt>
<trkpt lat="-27.499994" lon="152.949862"><ele>46</ele><time>2026-01-01T08:51:50Z</time></trkpt>
<trkpt lat="-27.499974" lon="152.949698"><ele>44.4</ele><time>2026-01-01T08:51:52Z</time></trkpt>
<trkpt lat="-27.499954" lon="152.949544"><ele>43.4</ele><time>2026-01-01T08:51:54Z</time></trkpt>
<trkpt lat="-27.499935" lon="152.949395"><ele>41.8</ele><time>2026-01-01T08:51:56Z</time></trkpt>
<trkpt lat="-27.499924" lon="152.949326"><ele>40.8</ele><time>2026-01-01T08:51:57Z</time></trkpt>
<trkpt lat="-27.499906" lon="152.949185"><ele>38.6</ele><time>2026-01-01T08:51:59Z</time></trkpt>
<trkpt lat="-27.499894" lon="152.949115"><ele>38</ele><time>2026-01-01T08:52:00Z</time></trkpt>
<trkpt lat="-27.499882" lon="152.949044"><ele>37.8</ele><time>2026-01-01T08:52:01Z</time></trkpt>
<trkpt lat="-27.499871" lon="152.948967"><ele>37.2</ele><time>2026-01-01T08:52:02Z</time></trkpt>
</trkseg>
</trk>
</gpx>
